Date,BK.N,STT.N,JPM.N,BAC.N,C.N
2020-01-02,50.92,80.76,141.09,35.64,81.23
2020-01-03,50.27,79.57,138.34,34.9,79.7
2020-01-06,50.74,80.79,138.23,34.85,79.45
2020-01-07,51.25,81.91,135.88,34.62,78.76
2020-01-08,51.31,81.49,136.94,34.97,79.36
2020-01-09,51.48,82.92,137.44,35.03,80.08
2020-01-10,50.54,81.69,136.07,34.74,79.25
2020-01-13,50.88,82.08,137.2,35.06,80.65
2020-01-14,51.01,81.53,138.8,35.32,81.91
2020-01-15,50.69,81.21,136.72,34.67,81.24
2020-01-16,46.72,81.14,137.25,34.72,81.0
2020-01-17,46.18,82.56,138.2,34.71,81.12
2020-01-21,46.78,81.31,136.84,34.26,79.9
2020-01-22,46.73,80.54,136.68,34.36,80.1
2020-01-23,47.02,80.46,136.54,34.12,79.8
2020-01-24,45.95,78.34,133.15,33.54,78.42
2020-01-27,45.05,75.45,132.03,32.85,76.71
2020-01-28,44.97,76.5,134.43,33.24,77.24
2020-01-29,44.46,76.23,134.23,33.01,76.48
2020-01-30,45.4,77.61,135.89,33.48,77.43
2020-01-31,44.78,75.63,132.36,32.83,74.41
2020-02-03,45.21,76.09,133.37,32.97,75.13
2020-02-04,45.95,77.74,135.29,33.62,76.5
2020-02-05,46.98,80.04,137.59,34.71,78.85
2020-02-06,47.54,80.27,137.61,34.67,78.97
2020-02-07,47.25,79.14,137.17,34.61,78.69
2020-02-10,46.49,79.13,137.74,34.69,78.48
2020-02-11,46.42,79.78,138.0,34.77,79.09
2020-02-12,46.56,80.43,138.0,34.92,79.33
2020-02-13,46.03,78.85,137.88,34.91,79.0
2020-02-14,45.9,77.85,137.46,34.85,78.79
2020-02-18,45.29,76.88,135.64,34.27,77.58
2020-02-19,45.92,78.76,137.49,34.72,78.05
2020-02-20,45.83,77.89,137.49,34.85,78.22
2020-02-21,45.04,77.13,135.81,34.36,76.44
2020-02-24,43.13,74.01,132.16,32.73,72.53
2020-02-25,41.59,70.85,126.26,31.08,69.43
2020-02-26,41.37,70.14,126.64,30.63,68.18
2020-02-27,40.96,69.38,121.37,29.13,64.45
2020-02-28,39.9,68.11,116.11,28.5,63.46
2020-03-02,40.96,68.69,121.52,29.37,67.59
2020-03-03,38.83,65.85,116.96,27.75,65.05
2020-03-04,40.5,67.0,119.85,28.39,67.39
2020-03-05,39.3,62.4,113.97,26.78,63.49
2020-03-06,38.07,60.13,108.08,25.71,61.28
2020-03-09,34.95,52.66,93.44,21.93,51.37
2020-03-10,36.55,56.73,100.7,23.61,55.58
2020-03-11,34.2,54.19,95.96,22.67,50.79
2020-03-12,29.52,48.12,88.05,20.51,43.26
2020-03-13,34.13,58.86,103.91,24.16,51.04
2020-03-16,29.18,47.72,88.36,20.44,41.19
2020-03-17,29.97,49.93,93.76,21.98,40.25
2020-03-18,28.76,45.22,83.89,20.79,36.43
2020-03-19,30.0,46.63,85.3,21.2,39.64
2020-03-20,29.07,46.67,83.5,19.67,38.06
2020-03-23,27.49,43.21,79.03,18.08,35.39
2020-03-24,31.0,48.57,88.43,21.03,40.66
2020-03-25,31.64,49.38,91.73,21.1,41.86
2020-03-26,33.0,49.42,98.12,22.72,46.02
2020-03-27,32.54,48.66,91.13,21.6,43.8
2020-03-30,34.0,51.77,93.5,22.04,44.08
2020-03-31,33.68,53.27,90.03,21.23,42.12
2020-04-01,32.7,50.4,84.36,19.77,38.51
2020-04-02,33.64,52.42,87.51,20.57,39.23
2020-04-03,33.75,52.16,84.05,20.03,37.49
2020-04-06,35.24,55.55,89.46,21.39,41.12
2020-04-07,34.8,56.13,90.64,22.14,41.25
2020-04-08,35.65,58.56,94.3,23.45,44.26
2020-04-09,37.14,60.95,102.76,24.86,47.41
2020-04-13,36.0,59.44,98.19,23.92,46.68
2020-04-14,36.34,60.61,95.5,23.73,45.42
2020-04-15,34.63,57.07,90.79,22.19,42.86
2020-04-16,36.14,58.5,87.33,21.42,40.52
2020-04-17,37.39,58.49,95.18,23.28,45.45
2020-04-20,36.41,58.18,91.71,22.5,44.01
2020-04-21,35.21,55.99,89.05,21.64,41.57
2020-04-22,35.52,57.47,89.34,21.8,42.24
2020-04-23,35.32,57.05,89.39,21.87,42.46
2020-04-24,35.76,57.41,90.71,22.18,43.1
2020-04-27,36.94,61.29,94.62,23.47,46.56
2020-04-28,37.4,62.75,95.29,23.89,47.21
2020-04-29,38.02,64.46,97.86,24.78,50.26
2020-04-30,37.54,63.04,95.76,24.05,48.56
2020-05-01,36.0,59.08,93.25,23.08,45.52
2020-05-04,35.54,58.4,92.14,22.93,45.12
2020-05-05,35.14,58.08,92.0,22.66,43.95
2020-05-06,34.5,56.33,90.27,22.35,42.95
2020-05-07,34.85,58.24,91.21,22.84,44.64
2020-05-08,35.34,60.22,92.7,23.57,46.32
2020-05-11,34.45,58.76,89.97,22.58,44.07
2020-05-12,32.99,56.33,87.03,21.87,42.35
2020-05-13,32.49,53.27,84.03,20.87,40.6
2020-05-14,32.44,54.7,87.52,21.71,42.06
2020-05-15,32.06,54.41,85.9,21.44,41.92
2020-05-18,33.73,58.46,90.45,22.93,45.67
2020-05-19,33.52,56.74,88.67,22.21,44.43
2020-05-20,34.84,58.38,91.33,22.91,45.47
2020-05-21,34.98,58.09,90.17,22.9,45.0
2020-05-22,34.5,55.32,89.47,22.66,44.1
2020-05-26,36.89,60.52,95.82,24.28,48.17
2020-05-27,38.57,64.34,101.37,25.98,52.26
2020-05-28,37.59,62.46,99.86,24.86,49.16
2020-05-29,37.17,60.96,97.31,24.12,47.91
2020-06-01,37.7,62.35,98.6,24.61,49.45
2020-06-02,38.33,62.81,98.93,24.84,50.84
2020-06-03,39.34,65.9,104.27,25.99,53.34
2020-06-04,40.44,69.03,106.44,26.78,55.65
2020-06-05,42.3,70.7,111.23,28.11,58.86
2020-06-08,42.29,71.03,113.45,28.54,61.24
2020-06-09,41.42,70.48,110.54,28.22,59.5
2020-06-10,39.95,66.14,106.06,26.6,55.86
2020-06-11,37.68,61.13,97.21,23.93,48.39
2020-06-12,38.44,63.12,99.87,24.78,52.25
2020-06-15,38.43,62.65,101.25,25.15,52.98
2020-06-16,38.72,64.27,102.06,25.8,54.45
2020-06-17,38.73,63.21,99.48,25.0,53.0
2020-06-18,38.63,63.4,98.94,25.04,53.04
2020-06-19,39.23,65.4,97.81,25.25,52.92
2020-06-22,38.53,63.75,96.75,24.62,52.06
2020-06-23,38.72,64.69,97.93,24.79,52.95
2020-06-24,37.23,61.63,94.66,23.81,50.81
2020-06-25,38.15,64.16,97.96,24.72,52.68
2020-06-26,36.32,60.53,92.59,23.15,49.58
2020-06-29,36.95,61.56,93.0,23.39,50.29
2020-06-30,38.65,63.55,94.06,23.75,51.1
2020-07-01,37.59,62.13,93.26,23.26,50.35
2020-07-02,37.94,63.13,92.66,23.29,50.55
2020-07-06,38.55,64.48,95.0,23.66,51.97
2020-07-07,37.77,63.17,92.32,23.01,50.32
2020-07-08,38.82,64.95,93.3,23.1,50.88
2020-07-09,37.15,61.66,91.28,22.77,49.45
2020-07-10,38.38,64.12,96.27,24.02,52.65
2020-07-13,38.86,64.59,97.65,24.19,52.2
2020-07-14,38.97,64.99,98.21,24.14,50.15
2020-07-15,36.86,64.64,99.73,24.6,51.84
2020-07-16,36.74,64.52,100.01,23.93,51.46
2020-07-17,36.12,61.71,98.16,23.22,50.22
2020-07-20,35.94,60.36,97.3,23.58,50.14
2020-07-21,36.69,61.8,99.41,24.42,51.73
2020-07-22,36.04,61.4,98.69,24.31,51.66
2020-07-23,36.54,62.41,98.98,24.54,52.08
2020-07-24,36.23,62.35,98.28,24.35,51.67
2020-07-27,35.75,62.85,96.9,24.14,51.29
2020-07-28,36.07,63.09,97.32,24.36,51.27
2020-07-29,36.35,64.39,99.68,25.27,52.52
2020-07-30,35.86,63.5,97.02,24.84,50.87
2020-07-31,35.85,63.79,96.64,24.88,50.01
2020-08-03,36.03,64.32,96.1,24.99,50.39
2020-08-04,35.84,64.91,95.55,25.01,50.14
2020-08-05,36.3,66.74,97.21,25.39,51.04
2020-08-06,35.99,66.54,97.24,25.47,50.89
2020-08-07,37.75,69.57,99.38,26.11,52.12
2020-08-10,37.94,69.87,100.64,26.56,52.86
2020-08-11,38.14,70.35,103.82,26.92,53.76
2020-08-12,37.98,71.18,102.94,26.73,53.35
2020-08-13,37.28,70.35,102.37,26.35,52.89
2020-08-14,37.53,70.53,102.41,26.47,52.93
2020-08-17,37.09,69.21,99.71,25.9,51.42
2020-08-18,36.79,69.67,98.32,25.53,50.34
2020-08-19,36.99,70.45,98.55,25.5,50.29
2020-08-20,35.87,67.93,97.37,25.1,49.58
2020-08-21,35.73,67.55,97.32,24.98,49.3
2020-08-24,36.4,68.94,100.06,25.69,51.06
2020-08-25,36.67,69.07,100.5,26.0,51.65
2020-08-26,36.62,67.98,99.09,25.56,50.85
2020-08-27,37.55,69.25,102.35,26.05,51.72
2020-08-28,37.56,70.11,102.77,26.3,52.28
2020-08-31,36.98,68.09,100.19,25.74,51.12
2020-09-01,37.21,68.58,100.14,25.71,51.2
2020-09-02,37.67,69.88,101.65,26.02,51.95
2020-09-03,36.85,67.4,101.33,25.66,51.5
2020-09-04,37.5,68.35,103.52,26.54,52.52
2020-09-08,36.04,65.55,99.92,25.48,51.04
2020-09-09,35.89,65.79,100.87,25.51,51.4
2020-09-10,35.57,64.23,99.83,25.14,50.95
2020-09-11,36.0,64.91,101.07,25.5,51.0
2020-09-14,35.96,64.43,102.47,25.75,48.15
2020-09-15,34.87,63.2,99.28,25.28,44.81
2020-09-16,35.57,63.32,99.7,25.6,46.02
2020-09-17,35.56,62.37,98.56,25.35,45.53
2020-09-18,35.4,61.95,98.35,25.21,44.86
2020-09-21,33.97,59.92,95.31,24.47,43.93
2020-09-22,33.48,58.88,94.27,23.94,43.29
2020-09-23,33.25,57.77,92.74,23.26,41.85
2020-09-24,33.14,57.68,92.66,23.34,42.19
2020-09-25,33.4,58.5,93.47,23.49,42.02
2020-09-28,34.29,60.49,96.16,24.09,43.34
2020-09-29,33.87,59.89,95.35,23.77,42.42
2020-09-30,34.34,59.33,96.27,24.09,43.11
2020-10-01,34.17,58.75,96.97,24.1,43.44
2020-10-02,34.74,59.68,97.89,24.21,43.66
2020-10-05,35.38,61.39,99.04,24.62,44.91
2020-10-06,35.23,61.02,98.02,24.37,44.41
2020-10-07,36.46,63.41,99.73,24.88,44.84
2020-10-08,37.18,65.0,101.78,25.24,44.72
2020-10-09,37.7,66.43,101.2,25.36,44.93
2020-10-12,37.81,67.22,102.44,25.68,45.88
2020-10-13,36.88,66.09,100.78,24.95,43.68
2020-10-14,36.59,66.03,100.22,23.62,43.03
2020-10-15,37.23,66.95,101.72,24.15,43.61
2020-10-16,38.02,66.58,101.51,24.24,43.19
2020-10-19,36.96,64.35,99.8,23.72,42.9
2020-10-20,37.1,64.58,100.37,24.14,43.52
2020-10-21,36.91,64.0,99.37,24.05,43.01
2020-10-22,37.56,65.6,102.88,24.87,43.95
2020-10-23,37.67,65.31,103.81,24.9,43.95
2020-10-26,36.73,63.51,101.24,24.54,43.26
2020-10-27,35.56,61.65,99.33,23.85,41.88
2020-10-28,34.08,58.48,96.54,23.47,41.13
2020-10-29,34.32,58.8,97.17,23.54,41.66
2020-10-30,34.36,58.9,98.04,23.7,41.42
2020-11-02,35.1,59.68,100.25,24.08,42.21
2020-11-03,35.99,62.38,103.41,24.69,43.53
2020-11-04,34.7,60.42,100.25,23.68,42.08
2020-11-05,35.6,62.83,104.35,24.61,43.07
2020-11-06,35.07,62.23,102.96,24.31,42.71
2020-11-09,39.16,70.1,116.9,27.76,47.64
2020-11-10,39.22,70.05,116.52,27.66,47.65
2020-11-11,38.6,68.48,114.78,27.34,48.93
2020-11-12,37.73,66.9,113.37,26.69,48.28
2020-11-13,38.71,68.52,114.08,27.0,48.66
2020-11-16,39.71,69.81,117.3,27.58,50.4
2020-11-17,39.44,70.56,116.11,27.55,50.73
2020-11-18,38.74,69.18,115.25,26.98,51.05
2020-11-19,38.49,69.27,115.56,26.98,52.14
2020-11-20,37.88,67.95,114.57,26.81,51.65
2020-11-23,38.55,70.56,117.87,27.39,53.3
2020-11-24,40.69,73.42,123.32,28.98,57.06
2020-11-25,40.37,72.24,122.03,29.03,57.06
2020-11-27,39.95,71.59,121.22,28.99,56.67
2020-11-30,39.12,70.48,117.88,28.16,55.07
2020-12-01,39.46,72.26,119.74,28.69,55.47
2020-12-02,39.99,74.06,122.04,29.06,57.2
2020-12-03,40.12,73.88,121.24,28.91,56.58
2020-12-04,40.65,76.38,122.34,29.29,58.62
2020-12-07,40.34,75.96,121.88,29.09,58.13
2020-12-08,40.78,75.84,122.0,28.93,58.36
2020-12-09,40.79,72.76,121.05,28.8,58.95
2020-12-10,41.36,71.73,120.27,29.11,60.5
2020-12-11,40.24,72.8,119.56,28.57,58.93
2020-12-14,39.83,70.7,118.3,28.22,58.74
2020-12-15,40.19,71.79,120.32,28.64,59.67
2020-12-16,40.45,71.2,120.67,28.72,59.75
2020-12-17,40.41,70.74,119.67,28.83,60.05
2020-12-18,40.79,70.66,119.08,28.67,59.06
2020-12-21,41.42,70.34,123.55,29.74,61.23
2020-12-22,40.28,70.19,121.67,29.21,59.26
2020-12-23,40.98,71.58,125.07,30.05,60.78
2020-12-24,41.04,71.78,124.52,29.96,60.57
2020-12-28,41.44,72.12,125.34,30.13,61.13
2020-12-29,41.44,71.94,125.01,30.01,60.91
2020-12-30,41.69,72.42,125.36,29.98,60.86
2020-12-31,42.44,72.78,127.07,30.31,61.66
2021-01-04,41.69,72.25,125.87,30.03,60.14
2021-01-05,42.16,72.68,125.65,30.26,61.7
2021-01-06,45.01,77.63,131.55,32.15,65.25
2021-01-07,45.28,77.73,135.87,32.86,66.02
2021-01-08,44.8,77.13,136.02,32.53,65.37
2021-01-11,45.56,78.14,138.05,33.07,66.44
2021-01-12,46.56,80.42,140.22,33.66,66.67
2021-01-13,46.32,78.66,140.35,33.46,66.86
2021-01-14,46.53,79.58,141.17,33.99,69.01
2021-01-15,45.57,77.18,138.64,33.01,64.23
2021-01-19,45.82,78.4,138.04,32.77,63.69
2021-01-20,42.49,76.64,135.97,32.34,63.25
2021-01-21,42.26,74.58,134.83,31.77,61.87
2021-01-22,41.93,74.17,133.79,31.55,61.33
2021-01-25,41.3,72.55,132.12,31.16,60.56
2021-01-26,41.34,72.63,131.58,30.94,60.91
2021-01-27,39.82,70.14,127.86,29.83,59.4
2021-01-28,40.69,71.63,130.11,30.32,60.34
2021-01-29,39.83,70.0,128.67,29.65,57.99
2021-02-01,40.47,70.25,129.62,29.96,58.43
2021-02-02,40.85,70.8,133.61,31.03,59.58
2021-02-03,41.06,71.6,135.14,31.58,61.1
2021-02-04,42.23,73.79,138.25,32.5,62.41
2021-02-05,42.03,74.77,137.98,32.37,62.58
2021-02-08,41.95,76.07,140.14,33.09,63.65
2021-02-09,41.96,75.84,139.58,32.95,63.12
2021-02-10,41.74,74.09,139.66,32.98,63.62
2021-02-11,42.13,72.92,139.27,32.88,63.2
2021-02-12,41.93,73.5,141.25,33.37,63.63
2021-02-16,42.75,75.46,144.65,34.27,64.12
2021-02-17,42.9,75.16,145.1,34.41,64.76
2021-02-18,42.18,74.7,145.59,34.19,63.48
2021-02-19,42.32,71.93,148.02,34.54,65.78
2021-02-22,43.73,73.54,149.41,35.15,65.52
2021-02-23,43.83,74.06,150.61,35.52,66.74
2021-02-24,44.26,76.82,153.26,36.38,68.6
2021-02-25,43.42,74.26,151.18,35.93,67.41
2021-02-26,42.16,72.77,147.17,34.71,65.88
2021-03-01,43.68,76.74,150.5,35.79,69.54
2021-03-02,43.6,77.03,150.01,35.53,68.91
2021-03-03,44.53,79.31,152.91,36.42,70.38
2021-03-04,44.76,78.2,150.56,36.5,69.81
2021-03-05,45.03,79.42,150.91,36.93,70.23
2021-03-08,45.63,80.5,152.91,37.13,72.22
2021-03-09,44.94,81.84,151.83,36.32,70.99
2021-03-10,45.9,83.24,155.13,37.37,73.75
2021-03-11,45.73,83.58,154.32,37.24,73.31
2021-03-12,46.66,83.8,156.15,37.94,75.18
2021-03-15,46.69,83.67,155.37,37.75,74.22
2021-03-16,46.24,83.65,153.51,37.64,73.33
2021-03-17,46.51,84.76,155.09,37.95,73.6
2021-03-18,46.7,85.25,157.65,38.94,73.84
2021-03-19,46.35,84.16,155.14,38.53,73.01
2021-03-22,45.21,81.62,150.97,37.66,71.96
2021-03-23,44.37,79.38,149.46,36.9,70.91
2021-03-24,45.25,79.86,150.62,36.9,70.08
2021-03-25,46.33,82.37,152.55,37.66,71.72
2021-03-26,47.49,85.89,155.09,38.68,73.02
2021-03-29,47.52,85.33,152.68,38.31,71.58
2021-03-30,47.86,86.31,154.48,38.99,72.96
2021-03-31,47.29,84.01,152.23,38.69,72.75
2021-04-01,47.47,84.95,153.71,39.49,73.14
2021-04-05,48.13,85.4,153.62,39.8,72.75
2021-04-06,47.78,84.98,152.54,39.69,72.6
2021-04-07,47.84,84.74,154.93,40.05,72.69
2021-04-08,48.0,84.41,155.12,39.7,72.33
2021-04-09,48.62,86.47,156.28,39.99,72.42
2021-04-12,49.09,86.93,155.95,40.06,72.69
2021-04-13,48.34,85.75,154.09,39.32,72.06
2021-04-14,48.64,86.68,151.21,39.88,72.91
2021-04-15,48.01,86.51,152.17,38.74,72.54
2021-04-16,46.07,80.43,153.3,39.15,72.45
2021-04-19,46.81,80.89,152.65,39.17,72.13
2021-04-20,46.58,78.6,149.27,38.08,69.79
2021-04-21,47.19,80.14,150.54,38.72,70.65
2021-04-22,46.55,78.7,147.37,38.36,69.81
2021-04-23,47.6,81.11,150.19,39.18,71.38
2021-04-26,48.11,81.3,150.56,39.41,72.2
2021-04-27,48.55,82.24,151.25,39.88,72.99
2021-04-28,49.18,83.25,152.23,40.03,72.91
2021-04-29,50.08,83.48,155.19,41.11,73.84
2021-04-30,49.88,83.95,153.81,40.53,71.24
2021-05-03,50.23,84.68,153.36,40.56,71.71
2021-05-04,50.49,84.85,155.48,41.0,72.33
2021-05-05,51.45,86.21,157.52,41.39,73.71
2021-05-06,51.89,87.33,160.69,42.01,74.78
2021-05-07,51.82,87.23,161.24,42.18,75.08
2021-05-10,52.27,87.83,161.22,42.05,75.13
2021-05-11,51.58,86.1,158.54,41.57,74.87
2021-05-12,51.03,84.87,157.45,41.18,74.23
2021-05-13,51.69,85.71,161.5,41.84,75.29
2021-05-14,51.78,86.75,164.01,42.36,76.56
2021-05-17,52.09,86.38,164.67,42.74,77.42
2021-05-18,50.75,84.64,162.35,42.16,76.62
2021-05-19,50.86,84.09,161.11,41.97,76.46
2021-05-20,50.61,84.21,160.83,41.87,76.2
2021-05-21,51.56,86.25,162.66,42.4,77.65
2021-05-24,51.74,86.41,163.54,42.63,78.03
2021-05-25,51.12,85.36,161.85,42.01,77.28
2021-05-26,51.56,86.29,161.83,42.04,77.52
2021-05-27,52.1,86.99,164.35,42.55,78.76
2021-05-28,52.08,86.98,164.24,42.39,78.71
2021-06-01,52.3,87.98,166.05,42.92,79.76
2021-06-02,52.12,87.07,166.06,42.94,79.86
2021-06-03,52.2,87.09,166.17,43.25,79.63
2021-06-04,52.21,86.9,166.44,43.27,79.49
2021-06-07,51.82,86.41,165.66,43.12,79.31
2021-06-08,51.42,86.06,165.0,42.88,79.08
2021-06-09,50.62,84.57,162.94,42.32,78.14
2021-06-10,49.87,83.64,160.4,41.69,76.89
2021-06-11,50.41,83.74,160.29,41.86,76.48
2021-06-14,49.64,84.79,157.57,41.36,75.16
2021-06-15,50.45,85.79,155.18,41.39,73.82
2021-06-16,51.23,87.21,156.27,41.62,71.46
2021-06-17,49.48,82.78,151.76,39.8,68.86
2021-06-18,48.22,78.85,147.92,38.78,67.61
2021-06-21,49.66,81.61,150.43,39.75,68.45
2021-06-22,49.44,80.69,150.21,39.97,68.96
2021-06-23,49.37,80.98,151.12,40.2,69.65
2021-06-24,50.25,81.86,152.51,40.83,71.32
2021-06-25,50.99,83.23,154.05,41.62,71.55
2021-06-28,50.86,82.1,154.33,41.56,71.51
2021-06-29,51.02,82.2,154.14,40.89,69.68
2021-06-30,51.23,82.28,155.54,41.23,70.75
2021-07-01,51.43,83.82,157.08,41.54,71.01
2021-07-02,51.24,84.3,156.03,41.15,70.41
2021-07-06,49.49,81.9,153.41,40.07,68.21
2021-07-07,49.48,81.4,153.59,39.75,67.93
2021-07-08,48.34,79.59,150.94,38.78,66.73
2021-07-09,49.93,84.11,155.77,40.04,68.45
2021-07-12,50.28,84.32,158.0,40.63,69.44
2021-07-13,49.96,83.6,155.65,39.86,68.37
2021-07-14,49.28,82.47,155.12,38.86,68.17
2021-07-15,48.68,81.97,155.46,38.83,68.45
2021-07-16,49.38,84.34,151.91,37.92,66.9
2021-07-19,47.58,79.63,146.97,36.93,65.08
2021-07-20,49.44,82.81,149.71,37.69,66.29
2021-07-21,50.06,85.13,152.86,38.46,67.89
2021-07-22,49.83,84.89,150.93,37.96,66.93
2021-07-23,49.97,85.35,150.64,37.7,66.71
2021-07-26,50.25,86.16,151.65,38.13,67.77
2021-07-27,50.19,85.7,151.45,37.98,67.98
2021-07-28,50.35,86.24,151.7,38.13,68.1
2021-07-29,51.3,87.96,153.0,38.68,68.81
2021-07-30,51.33,87.14,151.78,38.36,67.62
2021-08-02,51.28,87.01,151.17,37.96,67.73
2021-08-03,52.0,88.02,152.89,38.55,68.88
2021-08-04,51.49,86.59,151.24,38.27,68.52
2021-08-05,51.8,87.49,153.15,39.02,69.69
2021-08-06,53.16,90.0,157.5,40.15,71.07
2021-08-09,53.38,90.57,157.33,40.67,71.52
2021-08-10,53.83,91.28,159.26,41.43,72.98
2021-08-11,54.77,92.01,161.16,41.95,74.3
2021-08-12,54.89,91.46,161.79,42.15,74.13
2021-08-13,53.87,90.79,159.98,41.63,73.11
2021-08-16,54.27,90.06,158.93,41.29,72.1
2021-08-17,53.8,88.15,157.01,41.09,71.62
2021-08-18,53.53,87.35,155.58,40.79,71.12
2021-08-19,52.77,85.5,154.28,40.19,69.84
2021-08-20,53.32,86.09,154.72,40.37,70.25
2021-08-23,54.06,88.12,156.7,40.91,70.89
2021-08-24,54.53,89.57,157.67,41.48,72.04
2021-08-25,55.57,92.0,160.92,42.15,73.18
2021-08-26,55.48,92.5,161.75,42.04,72.44
2021-08-27,56.41,94.28,163.05,42.49,72.99
2021-08-30,55.18,92.51,160.44,41.66,71.67
2021-08-31,55.22,92.91,159.95,41.75,71.91
2021-09-01,54.4,91.87,159.72,41.19,71.31
2021-09-02,54.31,92.69,160.46,41.02,71.5
2021-09-03,53.93,92.89,159.49,41.05,71.17
2021-09-07,53.12,89.43,159.21,41.32,70.82
2021-09-08,52.98,87.31,158.5,40.78,70.04
2021-09-09,52.88,87.89,159.19,40.93,70.46
2021-09-10,51.91,87.56,157.36,40.27,69.57
2021-09-13,52.24,88.3,159.86,40.94,70.52
2021-09-14,51.14,86.57,157.07,39.84,68.78
2021-09-15,52.07,87.92,158.16,40.14,70.45
2021-09-16,51.37,87.05,158.09,40.45,70.0
2021-09-17,51.15,84.82,157.68,40.5,69.96
2021-09-20,49.59,82.45,152.96,39.11,67.3
2021-09-21,49.3,81.69,152.98,39.13,66.94
2021-09-22,49.93,83.15,155.91,40.14,68.24
2021-09-23,51.5,85.86,161.18,41.69,70.88
2021-09-24,51.55,85.74,163.04,42.14,71.18
2021-09-27,53.4,88.47,166.98,43.26,72.26
2021-09-28,52.91,86.81,166.08,43.16,71.37
2021-09-29,52.63,86.54,165.95,43.07,71.53
2021-09-30,51.84,84.72,163.69,42.45,70.18
2021-10-01,52.92,86.41,167.13,43.08,71.18
2021-10-04,52.85,86.12,166.95,43.34,71.29
2021-10-05,54.42,88.72,168.66,44.22,72.53
2021-10-06,54.54,88.47,169.02,44.24,72.42
2021-10-07,54.53,89.08,170.09,44.12,72.19
2021-10-08,55.84,91.2,170.22,44.34,72.35
2021-10-11,55.52,90.97,166.64,43.78,71.68
2021-10-12,55.51,90.63,165.36,43.54,70.64
2021-10-13,55.29,89.61,161.0,43.14,70.26
2021-10-14,56.57,91.71,163.47,45.07,70.8
2021-10-15,57.16,92.73,166.61,46.37,72.29
2021-10-18,57.41,94.79,166.55,46.28,71.61
2021-10-19,57.65,97.06,168.57,46.48,71.76
2021-10-20,59.31,99.37,170.84,47.09,71.82
2021-10-21,59.74,98.14,169.5,46.83,70.51
2021-10-22,59.71,99.4,171.78,47.57,71.37
2021-10-25,59.4,98.6,170.94,47.51,70.83
2021-10-26,59.1,98.27,171.4,47.96,70.65
2021-10-27,58.45,96.24,167.83,47.04,70.31
2021-10-28,59.44,98.82,170.36,47.78,70.88
2021-10-29,59.2,98.55,169.89,47.78,69.16
2021-11-01,60.02,99.33,169.8,47.85,69.61
2021-11-02,59.93,99.44,170.47,47.88,68.6
2021-11-03,60.09,99.6,170.53,48.37,69.0
2021-11-04,59.06,96.53,168.29,47.33,67.0
2021-11-05,58.82,95.67,168.05,46.97,66.99
2021-11-08,58.98,96.63,169.06,47.34,68.45
2021-11-09,58.58,96.03,167.78,46.88,67.99
2021-11-10,59.16,97.55,167.62,47.23,68.21
2021-11-11,59.99,98.48,167.61,47.49,68.87
2021-11-12,60.08,99.07,166.86,46.91,69.16
2021-11-15,59.91,99.92,166.56,47.05,68.74
2021-11-16,59.15,98.61,165.36,47.08,67.74
2021-11-17,58.05,96.19,164.47,46.51,66.85
2021-11-18,57.77,95.24,163.05,46.32,67.11
2021-11-19,57.07,94.75,160.92,45.4,66.34
2021-11-22,58.21,97.25,164.35,46.28,67.04
2021-11-23,59.01,98.2,168.28,47.5,68.07
2021-11-24,58.92,98.26,166.96,47.63,67.28
2021-11-26,56.75,93.35,161.93,45.76,65.5
2021-11-29,57.01,93.19,161.23,45.59,65.04
2021-11-30,54.79,88.97,158.83,44.47,63.7
2021-12-01,54.14,88.62,157.89,43.84,62.52
2021-12-02,56.15,92.39,161.21,44.89,63.81
2021-12-03,54.88,90.01,158.29,43.87,62.76
2021-12-06,55.43,93.61,160.16,44.15,62.52
2021-12-07,56.13,94.9,162.57,44.71,62.9
2021-12-08,56.32,92.91,160.71,44.16,62.46
2021-12-09,57.08,93.98,160.46,44.49,62.14
2021-12-10,56.73,93.51,159.82,44.52,60.71
2021-12-13,56.13,91.26,157.92,43.58,60.18
2021-12-14,56.78,92.1,159.13,44.13,60.64
2021-12-15,56.9,91.86,157.94,43.94,60.24
2021-12-16,58.42,92.69,160.41,45.0,61.07
2021-12-17,57.5,91.83,156.76,43.88,59.54
2021-12-20,56.48,90.1,153.94,43.16,58.28
2021-12-21,57.89,92.32,156.09,44.19,59.38
2021-12-22,57.91,92.59,156.7,44.28,59.6
2021-12-23,58.11,93.03,157.26,44.42,60.21
2021-12-27,58.52,93.79,158.16,44.64,60.65
2021-12-28,58.46,93.7,158.64,44.7,60.62
2021-12-29,58.37,93.79,158.56,44.63,60.54
2021-12-30,57.97,93.24,158.48,44.53,60.43
2021-12-31,58.08,93.0,158.35,44.49,60.39
2022-01-03,58.51,94.45,161.7,46.18,63.1
2022-01-04,60.6,98.32,167.83,47.99,63.59
2022-01-05,60.18,97.15,163.78,47.18,62.85
2022-01-06,61.3,98.92,165.52,48.13,64.91
2022-01-07,62.33,101.66,167.16,49.18,65.78
2022-01-10,62.8,101.2,167.32,48.93,66.03
2022-01-11,63.07,102.35,167.49,49.21,67.11
2022-01-12,63.55,103.33,168.44,48.86,67.28
2022-01-13,63.65,103.44,168.23,48.76,67.78
2022-01-14,63.6,103.77,157.89,47.91,66.93
2022-01-18,62.92,101.01,151.27,46.26,65.3
2022-01-19,59.24,93.88,148.93,46.44,64.24
2022-01-20,59.92,94.21,147.66,45.75,64.46
2022-01-21,57.18,90.99,145.08,44.92,63.27
2022-01-24,58.9,93.8,144.95,44.55,62.7
2022-01-25,59.02,94.13,146.53,45.43,64.11
2022-01-26,58.92,94.32,147.92,45.9,64.75
2022-01-27,58.37,93.12,145.31,45.47,64.15
2022-01-28,58.48,93.65,146.61,45.87,64.69
2022-01-31,59.26,94.5,148.6,46.14,65.12
2022-02-01,60.69,96.51,151.15,46.94,66.56
2022-02-02,61.05,97.57,149.94,46.89,66.23
2022-02-03,60.77,97.09,148.7,46.43,65.26
2022-02-04,61.81,98.89,152.56,48.28,66.08
2022-02-07,62.25,99.33,153.07,48.51,66.36
2022-02-08,63.62,101.85,155.95,49.38,67.12
2022-02-09,63.66,101.67,156.6,49.28,67.84
2022-02-10,63.47,101.39,155.95,49.05,67.5
2022-02-11,62.33,99.17,153.92,47.92,67.15
2022-02-14,61.47,98.68,152.49,47.42,66.46
2022-02-15,62.23,100.32,154.72,47.79,67.0
2022-02-16,62.5,100.28,155.0,47.68,66.95
2022-02-17,57.35,93.65,151.43,46.07,64.71
2022-02-18,56.38,93.39,152.14,45.96,64.14
2022-02-22,55.64,92.43,151.87,45.56,63.89
2022-02-23,53.35,87.23,148.69,44.78,63.22
2022-02-24,52.5,85.48,144.55,43.6,60.67
2022-02-25,54.37,88.74,147.97,45.02,61.98
2022-02-28,53.15,85.33,141.8,44.2,59.23
2022-03-01,50.58,80.89,136.45,42.47,58.59
2022-03-02,52.14,83.94,139.28,43.16,59.56
2022-03-03,52.36,83.94,138.29,42.49,57.62
2022-03-04,50.92,80.51,134.4,40.95,56.59
2022-03-07,50.01,78.17,129.21,38.34,55.55
2022-03-08,50.73,79.36,128.3,38.59,54.87
2022-03-09,52.18,83.58,133.44,41.04,55.95
2022-03-10,50.0,82.92,131.86,40.67,54.88
2022-03-11,50.0,82.09,128.89,40.33,54.16
2022-03-14,50.53,83.35,130.17,41.2,54.23
2022-03-15,50.55,83.97,132.48,41.5,55.11
2022-03-16,51.91,87.45,138.4,42.8,56.8
2022-03-17,52.51,88.05,140.15,43.03,57.29
2022-03-18,52.3,88.93,140.1,42.9,57.35
2022-03-21,52.18,88.36,139.65,42.84,56.98
2022-03-22,52.69,90.33,142.62,44.18,57.5
2022-03-23,51.73,87.48,139.78,43.09,56.35
2022-03-24,52.04,89.01,140.69,43.07,56.42
2022-03-25,52.74,90.53,141.92,43.73,56.74
2022-03-28,52.51,90.11,140.87,43.55,55.92
2022-03-29,52.74,91.97,141.18,43.44,56.47
2022-03-30,51.84,92.11,140.54,43.0,54.97
2022-03-31,49.63,87.12,136.32,41.22,53.4
2022-04-01,49.45,85.81,135.31,40.9,52.33
2022-04-04,49.51,85.84,135.91,40.83,52.8
2022-04-05,48.96,85.31,133.34,40.14,51.58
2022-04-06,48.2,83.7,131.49,39.7,50.53
2022-04-07,47.76,83.96,131.09,39.39,50.03
2022-04-08,48.34,84.17,133.49,39.67,50.88
2022-04-11,48.07,82.72,133.0,39.59,50.55
2022-04-12,47.65,82.25,131.54,39.17,50.34
2022-04-13,48.34,82.85,127.3,38.82,50.15
2022-04-14,47.29,75.81,126.12,37.57,50.93
2022-04-18,46.21,74.38,128.46,38.85,52.31
2022-04-19,46.52,74.91,131.12,39.57,52.92
2022-04-20,47.02,75.91,131.58,39.66,53.1
2022-04-21,46.15,74.58,130.56,38.91,52.63
2022-04-22,44.21,70.87,126.81,37.56,51.23
2022-04-25,44.37,70.95,126.77,37.29,51.13
2022-04-26,43.26,67.73,123.02,36.45,50.23
2022-04-27,42.35,66.86,121.42,36.25,49.6
2022-04-28,43.46,68.84,123.34,36.81,50.02
2022-04-29,42.06,66.97,119.36,35.68,48.21
2022-05-02,42.7,68.58,120.45,36.14,48.71
2022-05-03,43.11,69.91,123.03,37.13,50.1
2022-05-04,44.8,72.76,127.1,38.62,52.23
2022-05-05,44.1,71.22,123.92,37.54,51.31
2022-05-06,43.76,70.13,123.72,37.45,51.62
2022-05-09,43.21,69.25,121.86,36.37,49.89
2022-05-10,42.96,67.71,118.89,35.76,48.75
2022-05-11,42.43,66.31,118.14,35.57,47.66
2022-05-12,42.81,67.62,118.04,35.07,46.56
2022-05-13,43.46,69.21,119.09,35.17,47.64
2022-05-16,43.24,68.31,118.26,34.81,47.46
2022-05-17,44.59,69.66,122.18,35.99,51.05
2022-05-18,43.29,66.97,120.09,34.88,49.32
2022-05-19,43.32,65.96,118.31,34.45,49.78
2022-05-20,43.77,67.47,117.34,33.86,49.75
2022-05-23,44.68,69.73,124.6,35.87,52.77
2022-05-24,44.34,68.67,126.36,35.65,52.68
2022-05-25,44.72,69.3,127.24,35.84,52.7
2022-05-26,45.66,70.99,129.44,36.67,54.09
2022-05-27,46.48,73.04,131.27,37.02,53.62
2022-05-31,46.61,72.49,132.23,37.2,53.41
2022-06-01,45.65,69.95,129.91,36.67,52.39
2022-06-02,46.47,73.13,132.0,36.7,52.43
2022-06-03,45.59,71.3,130.16,36.19,51.33
2022-06-06,45.95,71.41,129.73,36.15,51.4
2022-06-07,46.34,73.01,130.07,36.35,52.1
2022-06-08,45.34,69.04,128.0,35.89,51.41
2022-06-09,44.04,68.14,125.31,34.51,49.97
2022-06-10,42.79,65.23,119.55,33.17,47.71
2022-06-13,41.47,63.07,115.99,32.02,45.69
2022-06-14,40.6,62.18,114.06,31.46,45.96
2022-06-15,41.87,63.94,115.41,32.05,47.58
2022-06-16,41.21,62.33,113.43,31.85,46.89
2022-06-17,41.13,61.75,113.03,31.92,46.52
2022-06-21,42.32,63.8,115.83,32.85,47.96
2022-06-22,42.23,63.33,115.18,32.6,47.2
2022-06-23,42.0,62.89,113.92,32.08,46.35
2022-06-24,43.6,66.27,117.32,32.31,47.86
2022-06-27,43.06,65.21,116.38,32.35,47.83
2022-06-28,42.86,64.49,115.82,32.26,47.21
2022-06-29,42.41,64.08,115.3,31.86,47.1
2022-06-30,41.71,61.65,112.61,31.13,45.99
2022-07-01,42.42,63.38,114.05,31.56,46.87
2022-07-05,42.08,63.07,112.62,31.24,46.61
2022-07-06,41.58,62.27,111.89,30.98,46.15
2022-07-07,42.29,63.7,114.72,31.86,46.93
2022-07-08,41.89,63.03,114.36,31.79,46.82
2022-07-11,41.71,62.7,112.86,31.46,46.19
2022-07-12,41.77,62.36,112.97,31.36,46.13
2022-07-13,41.27,60.94,111.91,30.84,45.5
2022-07-14,40.44,59.84,108.0,30.13,44.14
2022-07-15,43.41,65.67,112.95,32.25,49.98
2022-07-18,42.77,64.96,111.79,32.26,50.07
2022-07-19,43.58,67.33,114.56,33.35,52.13
2022-07-20,43.13,66.97,114.54,33.36,52.45
2022-07-21,43.48,67.82,115.32,33.65,52.59
2022-07-22,42.72,68.16,114.76,33.43,51.91
2022-07-25,43.02,68.4,115.22,33.73,52.16
2022-07-26,42.11,66.99,113.42,33.05,51.4
2022-07-27,42.88,68.91,115.24,33.59,52.35
2022-07-28,43.03,69.97,114.81,33.32,52.23
2022-07-29,43.46,71.04,115.36,33.81,51.9
2022-08-01,43.29,70.36,114.21,33.71,51.92
2022-08-02,42.95,69.22,112.43,33.04,50.75
2022-08-03,43.71,71.02,113.61,33.64,51.61
2022-08-04,43.06,70.33,112.36,33.4,51.26
2022-08-05,43.5,70.66,115.76,33.96,51.66
2022-08-08,43.08,70.3,114.35,33.49,51.47
2022-08-09,43.19,70.38,115.38,33.92,52.09
2022-08-10,43.99,72.52,118.39,35.07,53.19
2022-08-11,44.37,73.51,120.14,35.91,54.0
2022-08-12,44.9,74.93,122.13,36.3,54.38
2022-08-15,44.71,74.46,122.46,36.25,54.07
2022-08-16,45.03,74.48,123.63,36.64,54.18
2022-08-17,44.81,73.96,122.59,36.41,53.76
2022-08-18,44.66,74.2,121.64,36.28,53.55
2022-08-19,43.89,72.26,118.63,35.48,52.61
2022-08-22,43.24,70.88,116.67,34.72,51.25
2022-08-23,42.97,70.77,115.52,34.41,50.95
2022-08-24,42.98,70.53,115.8,34.52,51.01
2022-08-25,43.5,71.67,118.55,35.14,52.06
2022-08-26,42.0,69.13,114.67,34.03,49.78
2022-08-29,41.76,68.72,114.39,33.9,49.37
2022-08-30,41.68,69.08,114.41,34.09,49.08
2022-08-31,41.53,68.35,113.73,33.61,48.81
2022-09-01,41.36,68.59,114.51,33.47,48.75
2022-09-02,41.12,67.68,113.71,33.43,48.84
2022-09-06,41.14,68.06,113.74,33.06,48.22
2022-09-07,42.43,69.74,115.9,33.57,48.63
2022-09-08,43.82,72.06,118.6,34.65,49.9
2022-09-09,44.14,73.0,119.17,34.94,50.67
2022-09-12,44.28,74.19,120.58,35.27,50.87
2022-09-13,44.11,72.13,116.39,34.0,49.0
2022-09-14,43.72,71.4,116.12,33.87,48.43
2022-09-15,44.44,71.4,117.87,34.51,48.44
2022-09-16,43.89,70.1,117.08,34.12,48.11
2022-09-19,44.21,70.87,118.16,34.69,48.24
2022-09-20,43.27,68.95,115.83,34.17,47.25
2022-09-21,42.3,67.77,112.49,33.15,46.33
2022-09-22,40.93,66.08,111.21,32.5,45.58
2022-09-23,40.17,63.63,109.14,31.73,44.26
2022-09-26,39.47,62.61,106.79,31.03,42.99
2022-09-27,38.94,61.28,105.85,30.57,42.59
2022-09-28,39.59,63.23,107.99,31.07,43.4
2022-09-29,38.88,61.72,106.16,30.66,42.39
2022-09-30,38.52,60.81,104.5,30.2,41.67
2022-10-03,39.66,63.11,107.73,31.09,42.56
2022-10-04,41.37,65.61,112.77,32.38,44.41
2022-10-05,41.36,65.43,110.39,31.92,43.84
2022-10-06,40.68,63.96,108.14,31.46,43.06
2022-10-07,39.48,62.11,105.98,30.75,42.19
2022-10-10,39.21,61.62,104.99,30.66,41.6
2022-10-11,38.48,60.81,101.96,29.77,40.45
2022-10-12,37.29,60.16,103.61,29.86,40.84
2022-10-13,39.21,63.5,109.37,31.69,42.95
2022-10-14,38.41,61.11,111.19,31.7,43.23
2022-10-17,40.36,63.81,115.86,33.62,43.59
2022-10-18,39.96,64.42,118.84,34.88,44.15
2022-10-19,39.02,64.57,116.51,33.92,43.34
2022-10-20,38.42,64.86,116.13,33.7,42.92
2022-10-21,40.23,69.12,122.23,34.95,44.26
2022-10-24,40.84,70.52,122.38,35.07,44.41
2022-10-25,41.6,72.05,122.7,35.39,45.32
2022-10-26,41.26,72.28,124.11,35.7,45.41
2022-10-27,41.65,73.1,124.6,35.87,45.44
2022-10-28,42.32,74.78,126.08,36.18,46.13
2022-10-31,42.11,74.0,125.88,36.04,45.86
2022-11-01,42.23,74.4,128.15,36.2,46.22
2022-11-02,42.04,73.88,126.97,36.09,45.55
2022-11-03,41.53,73.07,127.2,35.89,44.58
2022-11-04,42.49,75.45,130.68,36.79,45.13
2022-11-07,42.42,75.93,131.37,37.01,45.73
2022-11-08,42.7,76.15,131.45,37.11,46.12
2022-11-09,42.1,75.22,129.74,36.52,45.36
2022-11-10,44.07,79.86,135.08,38.13,48.42
2022-11-11,44.52,80.99,135.3,38.41,50.19
2022-11-14,43.58,79.0,133.91,37.76,49.02
2022-11-15,43.83,79.46,132.94,37.7,49.03
2022-11-16,43.81,78.91,133.12,37.36,48.37
2022-11-17,43.88,74.51,132.54,37.17,48.25
2022-11-18,44.56,75.59,133.84,37.19,48.66
2022-11-21,44.65,76.61,133.05,37.31,48.88
2022-11-22,45.24,76.59,135.04,37.49,49.33
2022-11-23,45.49,77.05,136.48,37.61,48.24
2022-11-25,45.67,77.06,136.74,37.7,48.29
2022-11-28,44.8,73.52,134.35,36.86,47.23
2022-11-29,44.84,73.93,136.56,37.0,47.57
2022-11-30,45.9,79.67,138.18,37.85,48.41
2022-12-01,45.76,78.72,136.24,36.55,47.78
2022-12-02,45.22,77.72,135.16,36.08,47.24
2022-12-05,44.04,76.24,131.37,34.47,45.64
2022-12-06,42.84,74.36,131.59,33.0,44.98
2022-12-07,44.61,80.45,131.5,32.74,44.67
2022-12-08,44.59,78.12,132.88,32.44,44.69
2022-12-09,44.71,79.03,132.16,32.38,44.86
2022-12-12,44.85,80.26,134.21,32.73,45.77
2022-12-13,45.72,81.33,134.08,32.75,46.59
2022-12-14,44.94,79.89,133.41,32.28,45.98
2022-12-15,44.24,78.26,130.1,31.77,44.62
2022-12-16,44.09,77.7,129.29,31.7,44.35
2022-12-19,44.17,77.56,130.06,32.06,43.93
2022-12-20,44.29,77.99,130.69,32.19,43.81
2022-12-21,44.78,78.71,132.16,32.68,44.81
2022-12-22,44.48,77.85,130.66,32.39,43.99
2022-12-23,44.65,77.49,131.28,32.47,44.26
2022-12-27,44.82,77.15,131.74,32.53,44.39
2022-12-28,44.63,76.84,132.46,32.77,44.62
2022-12-29,45.66,78.34,133.22,33.14,45.16
2022-12-30,45.52,77.57,134.1,33.12,45.23
2023-01-03,46.3,78.4,135.12,33.51,45.78
2023-01-04,47.44,79.48,136.38,34.14,46.96
2023-01-05,47.21,78.71,135.35,34.07,46.75
2023-01-06,47.95,80.68,137.94,34.41,47.31
2023-01-09,48.14,80.91,137.37,33.89,47.54
2023-01-10,48.01,81.46,138.6,34.12,48.19
2023-01-11,48.18,82.34,139.63,34.38,48.71
2023-01-12,48.16,82.37,139.49,34.47,49.09
2023-01-13,49.03,82.97,143.01,35.23,49.92
2023-01-17,49.68,83.0,140.8,34.52,50.31
2023-01-18,49.23,81.54,136.57,33.72,49.43
2023-01-19,48.92,80.52,134.75,33.23,49.37
2023-01-20,49.24,84.28,135.08,33.85,51.09
2023-01-23,49.34,86.22,137.27,34.32,51.98
2023-01-24,49.46,87.03,138.45,34.57,51.42
2023-01-25,49.99,88.2,139.12,34.87,51.9
2023-01-26,50.61,90.23,139.98,35.34,52.19
2023-01-27,50.06,90.73,140.32,35.45,51.86
2023-01-30,49.77,90.15,139.13,35.3,51.75
2023-01-31,50.57,91.33,139.96,35.48,52.22
2023-02-01,50.8,92.28,139.59,35.92,52.15
2023-02-02,50.17,92.37,138.94,36.13,52.22
2023-02-03,50.23,91.08,141.09,36.43,50.95
2023-02-06,50.54,90.73,141.92,36.37,50.86
2023-02-07,51.43,92.68,143.65,36.77,51.13
2023-02-08,51.78,93.59,142.64,36.5,51.15
2023-02-09,51.57,92.53,140.42,35.72,49.98
2023-02-10,51.4,92.58,141.04,35.58,50.11
2023-02-13,51.92,94.03,142.57,35.65,51.0
2023-02-14,51.71,93.58,143.2,35.62,51.61
2023-02-15,51.77,94.11,143.8,35.56,51.82
2023-02-16,51.29,93.27,141.82,35.28,51.46
2023-02-17,51.5,92.0,142.24,35.35,51.42
2023-02-21,50.43,89.17,139.63,34.52,49.84
2023-02-22,50.16,88.1,138.56,34.29,50.04
2023-02-23,50.29,87.11,139.67,34.26,50.38
2023-02-24,50.46,87.17,140.93,34.21,50.18
2023-02-27,50.84,88.81,142.16,34.21,50.47
2023-02-28,50.88,88.68,143.35,34.3,50.69
2023-03-01,50.52,89.51,142.55,34.14,51.5
2023-03-02,50.19,88.77,141.07,33.49,51.4
2023-03-03,51.33,90.42,143.66,34.16,52.35
2023-03-06,51.14,90.18,142.82,34.09,52.18
2023-03-07,49.5,86.66,138.62,33.0,51.08
2023-03-08,49.8,86.59,137.8,32.56,50.68
2023-03-09,48.0,82.84,130.34,30.54,48.6
2023-03-10,47.31,79.87,133.65,30.27,48.34
2023-03-13,44.12,73.97,131.25,28.51,44.74
2023-03-14,45.73,76.74,134.62,28.76,47.4
2023-03-15,44.01,73.7,128.26,28.49,44.82
2023-03-16,44.4,74.75,130.75,28.97,45.62
2023-03-17,42.58,71.77,125.81,27.82,44.25
2023-03-20,43.27,73.44,127.14,27.75,44.09
2023-03-21,45.14,76.72,130.55,28.59,45.07
2023-03-22,43.95,73.75,127.18,27.64,43.71
2023-03-23,43.24,72.69,126.84,26.97,43.45
2023-03-24,42.75,71.65,124.91,27.14,43.11
2023-03-27,43.64,73.39,128.49,28.49,44.78
2023-03-28,43.91,73.62,128.88,28.12,45.22
2023-03-29,45.06,75.45,129.14,28.67,45.95
2023-03-30,44.9,75.0,128.75,28.3,46.07
2023-03-31,45.44,75.69,130.31,28.6,46.89
2023-04-03,45.15,75.46,130.16,28.59,46.71
2023-04-04,44.68,74.62,128.42,27.98,46.09
2023-04-05,44.88,75.59,127.61,27.64,45.77
2023-04-06,44.85,76.16,127.47,27.84,45.86
2023-04-10,45.23,77.33,127.89,27.94,46.52
2023-04-11,45.74,78.58,128.52,28.71,47.2
2023-04-12,45.83,78.21,128.5,28.48,46.92
2023-04-13,46.2,78.81,128.99,28.56,47.3
2023-04-14,46.36,80.03,138.73,29.52,49.56
2023-04-17,44.23,72.68,139.83,30.37,49.69
2023-04-18,44.89,74.9,141.4,30.56,50.08
2023-04-19,45.24,75.29,141.22,30.06,50.4
2023-04-20,44.84,74.99,140.81,29.9,49.4
2023-04-21,44.05,73.63,140.54,29.87,49.03
2023-04-24,43.85,73.47,140.73,29.76,49.03
2023-04-25,42.49,70.62,137.67,28.84,47.9
2023-04-26,41.79,69.82,135.23,28.44,46.86
2023-04-27,42.01,71.17,137.05,28.89,47.03
2023-04-28,42.59,72.26,138.24,29.28,47.07
2023-05-01,42.14,71.53,141.2,29.04,47.25
2023-05-02,41.61,70.29,138.92,28.16,46.0
2023-05-03,40.79,68.92,135.98,27.86,45.67
2023-05-04,40.08,66.86,134.12,26.99,44.9
2023-05-05,41.17,68.5,136.74,27.71,46.32
2023-05-08,41.5,69.07,137.07,27.69,46.36
2023-05-09,41.54,68.98,136.41,27.66,46.52
2023-05-10,41.02,68.5,136.48,27.32,46.37
2023-05-11,40.68,67.73,136.05,27.39,46.03
2023-05-12,40.15,66.54,134.1,27.09,45.45
2023-05-15,40.7,68.0,135.23,27.65,46.05
2023-05-16,39.67,66.66,134.32,27.36,45.28
2023-05-17,40.66,68.46,138.45,28.57,47.08
2023-05-18,41.08,69.06,139.5,28.47,46.39
2023-05-19,40.89,68.0,139.18,28.11,45.71
2023-05-22,41.25,68.5,138.03,28.34,45.79
2023-05-23,41.14,68.37,136.59,28.58,45.91
2023-05-24,40.42,67.03,135.34,28.1,44.49
2023-05-25,40.38,67.75,135.67,28.17,44.23
2023-05-26,40.78,68.47,136.94,28.31,44.6
2023-05-30,40.69,69.33,137.46,28.26,44.7
2023-05-31,40.2,68.02,135.71,27.79,44.32
2023-06-01,41.25,69.53,137.58,27.78,44.84
2023-06-02,42.74,71.55,140.47,28.71,46.32
2023-06-05,42.52,71.82,139.09,28.54,46.24
2023-06-06,43.41,74.25,139.34,29.23,47.22
2023-06-07,43.71,74.63,140.69,29.48,48.01
2023-06-08,43.85,73.53,140.73,29.23,48.1
2023-06-09,44.43,73.91,141.01,29.27,48.3
2023-06-12,43.72,73.07,141.0,29.13,48.45
2023-06-13,44.14,74.07,142.02,29.4,48.69
2023-06-14,44.17,73.2,141.49,29.12,48.24
2023-06-15,44.87,74.65,143.09,29.37,48.56
2023-06-16,44.65,73.77,143.26,29.19,48.19
2023-06-20,44.36,73.16,142.53,28.87,47.61
2023-06-21,44.0,73.03,142.32,28.57,47.41
2023-06-22,43.25,72.21,139.58,27.96,46.63
2023-06-23,42.84,71.07,138.85,27.75,46.02
2023-06-26,43.03,70.92,139.19,28.09,46.24
2023-06-27,43.84,72.59,139.2,28.24,46.4
2023-06-28,43.56,72.14,138.59,28.07,46.23
2023-06-29,44.2,73.14,143.43,28.66,46.29
2023-06-30,44.52,73.18,145.44,28.69,46.04
2023-07-03,45.07,74.34,146.61,29.2,46.74
2023-07-05,44.48,73.53,144.64,29.08,46.8
2023-07-06,43.82,72.85,143.21,28.28,45.38
2023-07-07,44.38,73.88,144.34,28.53,45.74
2023-07-10,44.11,74.5,145.15,28.66,45.67
2023-07-11,44.65,75.66,147.42,29.02,46.53
2023-07-12,45.22,75.84,148.15,29.36,47.38
2023-07-13,45.56,77.46,148.87,29.67,47.68
2023-07-14,42.53,68.1,149.77,29.11,45.75
2023-07-17,43.54,66.51,153.38,29.4,46.26
2023-07-18,45.33,68.29,153.66,30.7,47.02
2023-07-19,45.6,69.38,154.25,31.53,47.52
2023-07-20,45.63,70.34,156.15,31.69,47.41
2023-07-21,45.0,70.27,154.95,31.98,47.05
2023-07-24,45.51,71.24,158.0,32.65,47.66
2023-07-25,44.8,70.73,156.82,32.15,47.09
2023-07-26,45.62,71.47,157.76,32.41,47.49
2023-07-27,45.14,70.48,156.02,31.95,47.88
2023-07-28,44.98,71.17,156.91,31.9,47.41
2023-07-31,45.36,72.44,157.96,32.0,47.66
2023-08-01,45.16,72.13,157.18,31.62,47.07
2023-08-02,45.23,72.71,155.4,31.19,46.31
2023-08-03,45.56,73.0,156.35,31.41,46.21
2023-08-04,45.39,73.14,156.02,31.3,45.71
2023-08-07,46.33,73.9,156.76,31.88,45.83
2023-08-08,45.72,72.73,155.88,31.27,45.16
2023-08-09,45.27,72.23,153.79,30.86,44.44
2023-08-10,45.89,73.13,153.56,30.94,44.34
2023-08-11,46.01,73.68,154.45,31.29,44.57
2023-08-14,45.18,71.34,154.77,30.93,44.1
2023-08-15,44.4,69.56,150.83,29.94,43.21
2023-08-16,44.12,68.83,150.19,29.29,42.64
2023-08-17,44.1,68.3,148.63,29.28,42.46
2023-08-18,44.02,67.95,148.97,29.11,42.25
2023-08-21,43.76,67.42,149.48,29.15,42.07
2023-08-22,42.81,65.85,146.38,28.44,41.02
2023-08-23,43.53,67.55,147.37,28.45,41.08
2023-08-24,43.57,67.75,147.23,28.62,41.08
2023-08-25,43.73,67.55,147.05,28.5,41.24
2023-08-28,44.25,68.4,147.56,28.76,41.32
2023-08-29,44.34,68.52,148.76,29.17,41.72
2023-08-30,44.49,68.45,148.16,29.04,41.37
2023-08-31,44.87,68.74,146.33,28.67,41.29
2023-09-01,45.42,69.85,146.82,28.98,41.59
2023-09-05,45.2,70.08,145.2,28.65,41.36
2023-09-06,44.68,69.86,144.96,28.39,41.37
2023-09-07,44.85,69.51,143.72,28.13,40.73
2023-09-08,44.78,70.16,143.83,28.36,40.59
2023-09-11,44.92,71.39,144.46,28.48,40.59
2023-09-12,45.38,71.49,146.34,28.97,41.68
2023-09-13,45.27,71.25,146.41,28.88,42.37
2023-09-14,45.82,72.39,149.25,29.2,43.14
2023-09-15,45.21,71.85,148.81,28.84,42.71
2023-09-18,44.8,71.26,149.12,28.76,42.64
2023-09-19,44.12,70.55,148.93,28.65,42.68
2023-09-20,43.7,69.69,148.3,28.55,42.3
2023-09-21,43.16,68.82,147.14,28.05,41.71
2023-09-22,42.7,67.81,145.73,27.64,40.92
2023-09-25,42.89,67.61,146.45,27.6,41.02
2023-09-26,42.25,66.83,144.93,27.17,40.22
2023-09-27,42.17,66.78,145.78,27.27,40.46
2023-09-28,42.68,67.56,147.59,27.56,41.2
2023-09-29,42.65,66.96,145.02,27.38,41.13
2023-10-02,42.07,66.19,143.77,26.7,40.5
2023-10-03,41.32,64.79,142.71,25.91,39.86
2023-10-04,41.24,64.46,143.35,25.94,39.81
2023-10-05,41.69,64.27,142.9,26.06,39.88
2023-10-06,42.15,65.17,145.1,26.07,40.57
2023-10-09,41.93,64.74,144.77,26.31,40.74
2023-10-10,42.3,65.44,145.65,27.01,41.44
2023-10-11,42.15,65.3,146.15,27.02,41.53
2023-10-12,41.25,64.09,145.81,26.9,41.53
2023-10-13,41.18,64.28,148.0,26.76,41.43
2023-10-16,41.84,65.6,147.85,26.99,40.95
2023-10-17,43.44,67.26,147.53,27.62,41.2
2023-10-18,43.15,68.63,145.91,27.31,40.47
2023-10-19,42.19,66.36,145.29,26.96,40.06
2023-10-20,41.66,64.86,142.95,26.31,39.68
2023-10-23,41.49,64.25,141.0,25.57,38.89
2023-10-24,41.77,64.74,141.17,25.47,38.93
2023-10-25,41.85,64.02,140.4,25.55,38.61
2023-10-26,42.12,64.66,140.76,26.12,39.34
2023-10-27,41.63,62.93,135.69,25.17,38.24
2023-10-30,42.34,63.88,137.42,25.69,38.93
2023-10-31,42.5,64.63,139.06,26.34,39.49
2023-11-01,43.17,64.74,138.94,26.4,39.6
2023-11-02,44.24,66.68,141.42,27.62,41.35
2023-11-03,45.25,67.76,143.0,28.42,42.26
2023-11-06,44.99,67.22,144.08,28.33,42.04
2023-11-07,44.59,66.54,144.01,28.16,41.96
2023-11-08,44.97,66.56,144.72,27.89,41.82
2023-11-09,45.04,66.52,144.29,27.53,41.5
2023-11-10,45.66,67.6,146.43,27.68,42.08
2023-11-13,45.4,67.05,145.78,27.7,42.7
2023-11-14,46.45,68.94,148.44,29.22,44.36
2023-11-15,46.57,69.73,149.74,29.62,44.88
2023-11-16,46.48,69.29,151.45,29.54,44.67
2023-11-17,47.2,70.19,152.82,29.98,45.36
2023-11-20,47.12,69.95,153.29,30.01,45.26
2023-11-21,46.93,69.05,152.97,29.66,45.09
2023-11-22,47.22,69.88,153.33,29.63,45.02
2023-11-24,47.35,70.38,153.54,29.73,45.23
2023-11-27,47.0,69.74,153.19,29.56,45.08
2023-11-28,47.1,70.11,153.54,29.53,44.86
2023-11-29,47.55,71.74,154.32,30.31,45.75
2023-11-30,48.32,72.82,156.08,30.49,46.1
2023-12-01,48.71,73.92,156.84,30.96,47.23
2023-12-04,48.68,74.1,157.99,30.82,47.37
2023-12-05,48.43,73.22,157.97,30.58,46.7
2023-12-06,47.52,71.44,156.31,30.53,47.86
2023-12-07,48.43,73.18,156.79,30.66,48.5
2023-12-08,49.06,73.97,158.52,30.96,48.89
2023-12-11,49.55,74.6,159.1,30.85,48.15
2023-12-12,49.91,75.12,160.52,30.74,48.06
2023-12-13,50.95,76.61,161.06,32.04,49.34
2023-12-14,51.62,78.55,163.99,33.94,50.24
2023-12-15,51.63,77.63,165.23,33.6,49.83
2023-12-18,51.43,77.19,166.23,33.43,49.66
2023-12-19,51.71,77.68,168.45,33.51,50.93
2023-12-20,50.9,76.05,166.55,32.98,50.07
2023-12-21,51.4,77.01,167.5,33.2,50.6
2023-12-22,51.47,77.19,167.4,33.43,50.86
2023-12-26,51.97,77.72,168.39,33.86,51.34
2023-12-27,52.07,77.97,169.4,33.84,51.46
2023-12-28,52.22,78.42,170.3,33.88,51.52
2023-12-29,52.05,77.46,170.1,33.67,51.44
2024-01-02,52.38,77.75,172.08,33.9,53.04
2024-01-03,51.8,77.3,171.33,33.53,53.64
2024-01-04,52.01,77.38,171.41,33.8,53.77
2024-01-05,52.39,78.21,172.27,34.43,54.33
2024-01-08,52.7,78.43,172.02,34.16,54.01
2024-01-09,52.95,77.32,170.66,33.63,53.48
2024-01-10,52.73,76.6,171.02,33.6,53.02
2024-01-11,52.73,76.26,170.3,33.15,52.08
2024-01-12,54.85,76.51,169.05,32.8,52.62
2024-01-16,55.39,75.87,167.99,32.12,51.87
2024-01-17,54.86,74.69,167.09,31.8,51.36
2024-01-18,54.64,74.31,167.42,31.73,51.11
2024-01-19,55.04,75.86,170.31,32.22,51.52
2024-01-22,54.83,74.31,170.11,32.55,52.84
2024-01-23,54.81,73.95,168.99,32.77,53.3
2024-01-24,54.91,73.84,170.5,32.98,53.26
2024-01-25,55.34,74.68,172.94,33.39,53.73
2024-01-26,55.33,75.11,172.28,33.43,53.67
2024-01-29,55.9,74.84,172.73,33.61,54.11
2024-01-30,56.04,74.85,176.27,34.79,57.09
2024-01-31,55.46,73.87,174.36,34.01,56.17
2024-02-01,55.5,73.25,173.73,33.55,56.06
2024-02-02,55.63,73.43,174.73,33.47,55.54
2024-02-05,55.01,72.57,174.5,32.99,54.5
2024-02-06,55.06,72.45,175.1,33.04,54.35
2024-02-07,55.27,73.03,175.43,33.18,54.54
2024-02-08,55.11,72.39,174.8,33.12,54.29
2024-02-09,55.22,72.84,175.01,33.07,53.99
2024-02-12,55.62,73.6,175.79,33.62,53.92
2024-02-13,53.89,71.11,174.26,32.75,52.76
2024-02-14,54.48,71.5,176.03,33.13,53.98
2024-02-15,55.29,73.03,179.87,34.07,55.21
2024-02-16,55.15,72.49,179.03,34.09,54.85
2024-02-20,54.87,71.55,179.73,33.96,55.42
2024-02-21,55.12,72.15,180.9,33.7,55.33
2024-02-22,55.36,72.42,183.07,33.61,55.9
2024-02-23,55.64,73.58,183.99,33.92,55.93
2024-02-26,55.28,72.87,183.36,33.61,55.36
2024-02-27,55.55,73.48,183.45,34.28,55.71
2024-02-28,55.64,73.37,184.38,34.31,55.05
2024-02-29,56.09,73.73,186.06,34.52,55.49
2024-03-01,55.49,73.85,185.29,34.35,55.6
2024-03-04,55.49,74.0,186.68,35.15,56.14
2024-03-05,55.89,73.31,188.55,35.39,56.26
2024-03-06,55.78,71.84,189.53,35.42,57.29
2024-03-07,55.73,72.25,187.87,35.63,57.72
2024-03-08,55.47,72.43,188.22,35.6,57.51
2024-03-11,55.61,73.44,188.29,35.89,57.41
2024-03-12,55.12,72.51,189.84,35.96,57.45
2024-03-13,55.28,72.85,191.38,36.08,57.76
2024-03-14,54.45,71.86,187.97,35.69,57.09
2024-03-15,54.41,72.5,190.3,35.41,57.61
2024-03-18,54.94,72.49,192.66,36.01,58.63
2024-03-19,55.24,72.62,193.79,36.03,58.86
2024-03-20,56.15,73.82,196.33,36.75,60.13
2024-03-21,57.28,75.93,199.06,37.51,61.33
2024-03-22,56.47,75.84,196.62,37.05,60.82
2024-03-25,56.54,75.65,194.82,36.86,60.95
2024-03-26,56.61,76.18,195.73,37.09,61.66
2024-03-27,56.93,76.88,199.52,37.81,62.75
2024-03-28,57.62,77.32,200.3,37.92,63.24
2024-04-01,56.96,77.25,198.94,37.52,63.46
2024-04-02,57.05,77.0,198.86,37.3,62.84
2024-04-03,57.66,77.32,198.3,37.44,61.69
2024-04-04,56.77,75.95,195.65,36.92,60.91
2024-04-05,56.74,75.8,197.45,37.11,61.6
2024-04-08,57.02,76.39,198.48,37.5,61.73
2024-04-09,57.2,76.64,197.15,37.73,61.66
2024-04-10,55.68,74.37,195.47,36.65,60.18
2024-04-11,55.37,73.91,195.43,36.35,60.71
2024-04-12,55.05,75.78,182.79,35.79,59.68
2024-04-15,55.09,74.93,182.89,35.95,58.56
2024-04-16,54.0,73.02,180.8,34.68,57.02
2024-04-17,54.46,72.81,180.08,35.23,58.17
2024-04-18,55.25,73.04,181.25,35.77,58.32
2024-04-19,56.29,73.37,185.8,36.97,59.14
2024-04-22,57.16,74.51,189.41,37.73,60.95
2024-04-23,57.44,74.39,192.14,38.37,62.67
2024-04-24,57.95,74.29,193.08,38.32,62.47
2024-04-25,57.18,73.29,193.37,37.91,61.79
2024-04-26,57.32,73.39,193.49,37.83,62.66
2024-04-29,57.33,73.99,193.28,37.55,62.26
2024-04-30,56.49,72.49,191.74,37.01,61.33
2024-05-01,56.46,73.11,191.86,36.95,61.35
2024-05-02,56.6,73.2,191.66,36.88,61.54
2024-05-03,57.0,74.39,190.51,37.25,61.52
2024-05-06,57.48,75.11,192.0,37.69,62.81
2024-05-07,57.4,75.35,191.75,37.84,62.0
2024-05-08,57.51,75.32,195.65,37.71,62.75
2024-05-09,58.35,76.26,197.5,38.28,63.32
2024-05-10,58.44,76.58,198.77,38.45,63.53
2024-05-13,57.85,76.16,198.73,38.21,63.4
2024-05-14,58.35,76.56,201.51,38.49,63.59
2024-05-15,58.8,77.57,202.11,38.91,64.24
2024-05-16,58.77,77.63,202.47,39.22,64.14
2024-05-17,59.5,78.01,204.79,39.29,64.07
2024-05-20,58.95,77.15,195.58,38.82,63.16
2024-05-21,59.08,77.08,199.52,39.65,64.74
2024-05-22,58.97,76.49,198.31,39.76,63.82
2024-05-23,58.33,74.81,196.92,39.17,63.02
2024-05-24,59.09,75.39,200.71,39.7,63.58
2024-05-28,58.24,73.91,199.5,39.32,62.45
2024-05-29,57.76,73.83,198.11,38.72,62.01
2024-05-30,58.42,74.25,199.33,38.63,61.93
2024-05-31,59.61,75.59,202.63,39.99,62.31
2024-06-03,59.57,75.33,201.82,39.88,61.92
2024-06-04,58.87,74.65,199.16,39.68,61.03
2024-06-05,58.89,74.49,197.26,39.96,61.77
2024-06-06,59.91,74.5,196.91,39.7,61.94
2024-06-07,60.31,74.76,199.95,39.78,61.78
2024-06-10,60.74,74.35,199.61,39.67,61.43
2024-06-11,58.76,71.13,194.36,38.86,59.14
2024-06-12,58.61,72.14,191.53,39.41,60.01
2024-06-13,58.5,71.6,193.66,39.26,60.23
2024-06-14,58.02,70.91,193.78,39.24,59.33
2024-06-17,58.17,71.71,194.98,39.51,60.06
2024-06-18,58.68,72.37,197.0,39.99,60.78
2024-06-20,58.84,72.4,198.67,39.99,60.62
2024-06-21,58.82,72.24,196.3,39.49,59.99
2024-06-24,59.48,72.94,198.88,40.02,61.34
2024-06-25,58.79,72.58,198.07,39.38,61.58
2024-06-26,58.67,72.86,197.43,39.0,61.25
2024-06-27,59.54,73.05,199.17,39.25,61.55
2024-06-28,59.89,74.0,202.26,39.77,63.46
2024-07-01,60.11,73.56,205.45,40.01,63.43
2024-07-02,60.5,73.86,208.83,40.93,64.68
2024-07-03,60.47,74.14,208.69,40.9,64.46
2024-07-05,59.88,73.72,204.79,40.41,64.03
2024-07-08,59.54,73.37,205.17,40.62,64.74
2024-07-09,60.21,74.42,207.63,41.42,66.55
2024-07-10,60.7,75.49,207.8,41.74,66.98
2024-07-11,61.47,76.48,207.45,41.81,65.71
2024-07-12,64.69,78.56,204.94,41.59,64.52
2024-07-15,65.71,78.94,210.05,41.89,65.14
2024-07-16,65.02,84.82,213.62,44.13,67.27
2024-07-17,64.09,85.34,216.87,43.98,67.61
2024-07-18,63.48,84.33,209.98,43.01,64.89
2024-07-19,62.69,84.49,209.78,42.9,65.14
2024-07-22,63.26,84.0,210.28,42.3,64.5
2024-07-23,63.63,83.81,210.33,42.41,64.66
2024-07-24,63.9,82.96,208.59,42.19,63.66
2024-07-25,64.81,84.89,208.67,41.68,64.37
2024-07-26,65.35,85.29,212.24,41.67,65.18
2024-07-29,64.59,84.92,210.85,41.09,64.3
2024-07-30,65.24,85.7,215.19,41.28,65.87
2024-07-31,65.07,84.97,212.8,40.31,64.88
2024-08-01,64.64,83.63,207.96,39.5,63.28
2024-08-02,63.12,80.91,199.14,37.58,58.76
2024-08-05,61.42,77.11,194.9,36.65,56.21
2024-08-06,62.19,77.13,200.34,36.92,56.56
2024-08-07,61.7,76.48,200.4,37.3,56.11
2024-08-08,63.41,77.75,204.06,38.21,58.0
2024-08-09,63.78,78.21,205.8,38.28,57.84
2024-08-12,63.27,77.53,206.19,38.17,57.84
2024-08-13,63.55,78.8,207.94,38.46,58.15
2024-08-14,64.11,78.95,210.24,38.81,59.28
2024-08-15,64.98,80.55,211.55,39.03,60.52
2024-08-16,65.61,81.18,213.97,39.34,61.4
2024-08-19,65.74,81.01,215.45,39.67,62.03
2024-08-20,65.34,80.42,214.52,38.69,61.31
2024-08-21,65.24,80.8,214.6,38.75,60.53
2024-08-22,65.49,82.56,216.63,39.24,60.42
2024-08-23,66.4,84.04,218.31,39.77,62.14
2024-08-26,67.0,84.58,219.17,39.92,61.79
2024-08-27,67.21,85.48,220.18,39.67,61.68
2024-08-28,67.0,84.74,221.29,39.95,61.58
2024-08-29,67.25,85.9,222.21,40.17,61.88
2024-08-30,68.22,87.1,224.8,40.75,62.64
2024-09-03,67.89,85.98,220.3,40.7,61.46
2024-09-04,67.74,85.91,219.33,40.5,60.96
2024-09-05,68.0,85.19,217.63,40.14,60.63
2024-09-06,66.41,83.29,212.46,38.76,59.09
2024-09-09,67.72,83.66,216.81,39.47,59.54
2024-09-10,67.51,83.32,205.56,39.28,57.95
2024-09-11,68.1,82.59,207.23,39.0,57.3
2024-09-12,69.02,82.58,206.6,38.78,57.33
2024-09-13,68.7,83.28,204.32,38.65,57.67
2024-09-16,70.53,85.46,207.86,39.1,58.39
2024-09-17,70.81,86.69,209.25,39.55,59.29
2024-09-18,71.04,87.16,207.53,39.62,59.9
2024-09-19,71.72,89.31,210.48,40.87,63.02
2024-09-20,71.82,88.5,211.09,40.27,62.14
2024-09-23,72.14,89.13,211.44,39.87,62.58
2024-09-24,71.82,88.91,211.59,39.45,61.37
2024-09-25,72.17,88.5,210.19,39.25,60.38
2024-09-26,71.5,88.09,209.78,39.52,61.71
2024-09-27,71.7,88.2,210.5,39.4,61.87
2024-09-30,71.86,88.47,210.86,39.68,62.6
2024-10-01,71.11,86.65,207.04,39.22,61.81
2024-10-02,70.95,85.99,207.29,39.23,62.03
2024-10-03,70.82,85.96,205.23,39.25,61.31
2024-10-04,71.98,87.31,211.22,40.11,62.64
2024-10-07,72.44,87.47,210.93,39.96,62.6
2024-10-08,73.2,88.57,210.75,39.93,63.24
2024-10-09,74.02,88.86,213.42,40.19,64.12
2024-10-10,74.45,89.34,212.84,39.97,63.48
2024-10-11,74.15,89.83,222.29,41.95,65.74
2024-10-14,76.51,90.93,221.48,41.91,66.01
2024-10-15,76.23,91.82,222.39,42.14,62.64
2024-10-16,77.3,92.88,223.64,42.8,64.25
2024-10-17,77.75,92.55,224.42,42.6,63.97
2024-10-18,76.67,91.43,225.37,42.32,62.85
2024-10-21,75.88,90.19,223.0,41.76,61.83
2024-10-22,75.91,89.86,224.12,42.3,63.56
2024-10-23,76.37,91.43,223.41,42.34,63.1
2024-10-24,76.5,91.87,224.98,42.65,63.0
2024-10-25,75.2,90.38,222.31,41.89,61.76
2024-10-28,76.51,92.98,225.5,42.62,64.16
2024-10-29,76.56,92.82,222.9,42.53,64.69
2024-10-30,75.93,92.93,224.41,42.31,64.5
2024-10-31,75.36,92.8,221.92,41.82,64.17
2024-11-01,75.31,92.8,222.94,41.76,63.71
2024-11-04,75.0,92.26,219.78,41.33,62.35
2024-11-05,76.01,92.91,221.49,41.88,63.67
2024-11-06,78.2,96.81,247.06,45.41,69.03
2024-11-07,77.69,95.12,236.38,44.77,68.11
2024-11-08,77.06,94.78,236.98,45.13,68.63
2024-11-11,78.68,96.55,239.29,46.08,69.8
2024-11-12,77.95,95.19,239.56,45.86,69.02
2024-11-13,77.61,95.17,241.16,45.87,68.89
2024-11-14,77.57,94.18,241.87,45.9,68.15
2024-11-15,78.29,95.48,245.31,46.75,68.76
2024-11-18,78.65,96.12,245.03,46.72,69.0
2024-11-19,77.61,94.71,243.09,46.41,68.6
2024-11-20,77.87,95.3,240.78,46.06,68.28
2024-11-21,78.88,96.34,244.76,46.46,68.95
2024-11-22,80.14,97.5,248.55,47.0,69.84
2024-11-25,81.22,98.79,250.29,47.5,70.75
2024-11-26,81.27,98.81,249.97,47.75,69.75
2024-11-27,81.74,98.79,249.79,47.77,70.16
2024-11-29,81.87,98.51,249.72,47.51,70.87
2024-12-02,81.11,98.03,246.25,47.04,71.39
2024-12-03,80.85,97.77,244.82,46.82,71.42
2024-12-04,80.19,97.37,243.4,46.37,71.5
2024-12-05,81.49,98.6,245.48,47.0,72.23
2024-12-06,80.51,98.41,247.36,46.75,72.15
2024-12-09,80.61,99.43,243.81,45.91,71.86
2024-12-10,80.62,100.03,242.86,45.75,72.5
2024-12-11,79.67,99.27,243.53,46.08,71.96
2024-12-12,79.57,100.61,241.53,46.08,71.43
2024-12-13,78.83,100.46,239.94,45.67,71.01
2024-12-16,79.08,100.78,239.58,45.47,71.49
2024-12-17,78.45,98.7,238.36,45.05,71.12
2024-12-18,75.82,94.74,230.37,43.5,68.12
2024-12-19,76.41,95.42,232.96,43.38,68.42
2024-12-20,77.62,98.2,237.6,44.17,69.19
2024-12-23,77.57,98.17,238.39,43.89,69.77
2024-12-24,78.05,99.27,242.31,44.38,71.0
2024-12-26,78.35,99.56,243.14,44.55,71.35
2024-12-27,77.57,98.58,241.17,44.34,71.0
2024-12-30,77.11,98.28,239.32,43.91,70.39
2024-12-31,76.83,98.15,239.71,43.95,70.39
2025-01-02,77.41,97.95,240.0,44.29,69.94
2025-01-03,76.93,97.67,243.28,44.81,71.0
2025-01-06,77.92,98.43,240.85,45.4,72.74
2025-01-07,77.96,97.72,243.17,46.08,73.68
2025-01-08,77.95,97.73,243.13,46.21,73.26
2025-01-10,75.42,93.91,239.87,45.11,71.4
2025-01-13,76.11,94.45,244.21,45.06,72.77
2025-01-14,75.94,95.44,247.47,45.78,73.5
2025-01-15,82.04,99.77,252.35,47.1,78.27
2025-01-16,82.25,100.49,254.27,46.64,78.51
2025-01-17,83.29,97.63,259.16,46.53,79.99
2025-01-21,84.93,99.0,263.03,46.66,81.67
2025-01-22,84.33,97.17,262.84,45.79,81.69
2025-01-23,84.73,97.54,265.95,46.39,81.98
2025-01-24,85.79,99.06,264.84,46.52,81.48
2025-01-27,85.9,100.24,265.85,47.09,81.07
2025-01-28,86.34,100.4,267.14,46.84,79.94
2025-01-29,86.04,100.85,266.58,46.75,80.63
2025-01-30,86.5,102.23,268.23,46.72,81.86
2025-01-31,85.93,101.62,267.3,46.3,81.43
2025-02-03,85.19,98.17,266.81,46.21,79.61
2025-02-04,84.86,98.38,267.94,46.71,78.48
2025-02-05,85.74,99.33,270.43,47.11,79.46
2025-02-06,86.4,99.59,276.9,47.74,82.33
2025-02-07,86.15,99.44,275.8,47.4,81.72
2025-02-10,85.03,98.05,271.04,46.67,80.73
2025-02-11,85.5,98.61,274.99,46.79,81.11
2025-02-12,85.32,98.22,275.45,46.21,81.27
2025-02-13,86.88,99.02,276.32,46.33,82.1
2025-02-14,87.84,99.16,276.59,46.96,84.61
2025-02-18,88.9,100.44,279.95,46.53,84.63
2025-02-19,88.31,99.81,279.25,46.01,83.94
2025-02-20,87.16,99.64,266.8,45.3,81.34
2025-02-21,87.25,98.7,264.24,44.81,79.65
2025-02-24,88.01,98.55,261.34,44.46,78.54
2025-02-25,86.75,97.21,257.4,43.94,78.14
2025-02-26,86.34,97.33,258.79,43.94,79.07
2025-02-27,86.89,97.52,259.05,44.12,78.87
2025-02-28,88.95,99.23,264.65,46.1,79.95
2025-03-03,88.35,96.98,260.62,45.56,77.17
2025-03-04,85.54,91.7,250.25,42.67,72.35
2025-03-05,86.56,92.54,251.53,42.29,72.96
2025-03-06,84.69,89.83,246.54,41.46,70.58
2025-03-07,85.84,89.65,242.28,41.4,70.46
2025-03-10,84.24,86.8,232.22,39.83,67.41
2025-03-11,81.05,85.72,229.14,39.61,67.5
2025-03-12,80.76,85.76,227.9,39.91,67.95
2025-03-13,79.66,84.47,225.19,39.67,67.23
2025-03-14,81.75,86.81,232.44,40.89,68.78
2025-03-17,82.42,87.81,233.93,41.44,69.94
2025-03-18,82.64,88.11,234.97,41.65,70.22
2025-03-19,83.9,90.21,239.11,42.21,71.44
2025-03-20,83.93,90.52,239.01,42.48,71.82
2025-03-21,83.55,90.55,241.63,42.47,71.98
2025-03-24,84.7,92.86,248.06,43.07,74.04
2025-03-25,85.25,92.52,251.13,43.28,74.47
2025-03-26,85.09,92.65,251.03,42.82,73.24
2025-03-27,84.48,91.78,248.12,42.56,71.85
2025-03-28,82.71,89.04,242.85,41.25,70.33
2025-03-31,83.87,89.53,245.3,41.73,70.99
2025-04-01,83.77,88.82,243.66,41.49,70.54
2025-04-02,84.22,89.59,245.82,41.85,71.76
2025-04-03,79.91,82.83,228.69,37.22,63.05
2025-04-04,73.31,76.25,210.28,34.39,58.13
2025-04-07,74.09,76.3,214.44,35.58,58.85
2025-04-08,73.5,75.33,216.87,35.03,58.77
2025-04-09,79.35,82.32,234.34,37.15,64.15
2025-04-10,76.61,79.0,227.11,35.85,61.59
2025-04-11,77.67,79.41,236.2,35.95,61.64
2025-04-14,77.52,80.91,234.72,36.67,63.22
2025-04-15,77.77,81.4,233.13,37.99,64.33
2025-04-16,75.73,79.63,229.61,37.33,62.1
2025-04-17,76.34,81.26,231.96,37.41,63.25
2025-04-21,74.04,80.63,228.99,36.92,62.69
2025-04-22,76.31,83.84,235.59,38.32,64.55
2025-04-23,77.73,85.52,240.88,38.75,66.3
2025-04-24,78.72,87.57,244.64,39.58,68.16
2025-04-25,78.65,87.38,243.55,39.69,68.43
2025-04-28,78.91,87.57,243.22,39.78,68.28
2025-04-29,80.04,88.53,244.62,39.99,68.88
2025-04-30,80.41,88.1,244.62,39.88,68.38
2025-05-01,80.91,88.73,246.89,40.17,68.14
2025-05-02,82.14,90.53,252.51,41.07,70.59
2025-05-05,82.18,90.57,252.56,41.12,70.24
2025-05-06,82.91,90.75,249.25,40.84,69.47
2025-05-07,83.95,91.5,249.39,40.93,70.25
2025-05-08,85.5,94.06,253.47,41.6,71.64
2025-05-09,85.91,93.81,253.08,41.79,71.45
2025-05-12,87.1,96.0,260.05,43.36,74.91
2025-05-13,87.93,97.78,263.01,44.28,75.57
2025-05-14,87.94,97.71,265.64,44.74,75.29
2025-05-15,89.39,98.2,267.49,44.38,75.96
2025-05-16,90.07,98.29,267.56,44.69,75.72
2025-05-19,90.33,98.28,264.88,44.77,76.13
2025-05-20,90.1,97.74,265.68,44.69,75.9
2025-05-21,88.9,95.53,261.04,43.25,73.42
2025-05-22,89.18,96.36,260.67,43.31,73.42
2025-05-23,89.09,96.1,260.71,43.2,73.09
2025-05-27,90.23,97.43,265.29,44.22,75.47
2025-05-28,88.8,96.85,263.49,44.06,75.03
2025-05-29,89.07,97.04,264.37,44.24,75.53
2025-05-30,88.61,96.28,264.0,44.13,75.32
2025-06-02,88.98,96.23,264.66,44.08,75.8
2025-06-03,89.32,97.01,266.27,44.65,76.53
2025-06-04,88.33,96.0,264.22,44.36,76.4
2025-06-05,88.58,96.48,261.95,44.38,76.67
2025-06-06,90.32,98.62,265.73,44.97,78.26
2025-06-09,90.01,98.86,266.74,44.87,78.17
2025-06-10,90.0,99.15,268.6,45.09,78.03
2025-06-11,89.56,97.3,268.15,44.73,78.38
2025-06-12,89.71,97.6,268.24,44.62,78.23
2025-06-13,88.6,96.14,264.95,44.09,76.36
2025-06-16,90.49,97.4,270.36,44.41,78.07
2025-06-17,89.77,96.43,269.52,44.23,77.36
2025-06-18,91.6,99.3,273.96,45.06,78.35
2025-06-20,91.62,99.62,275.0,45.5,78.45
2025-06-23,89.63,101.24,278.27,46.3,79.36
2025-06-24,91.2,102.9,281.26,46.66,81.14
2025-06-25,90.0,104.35,284.06,46.85,82.63
2025-06-26,90.04,105.37,288.75,47.46,84.37
2025-06-27,91.18,106.0,287.11,47.12,84.38
2025-06-30,91.11,106.34,289.91,47.32,85.12
2025-07-01,90.65,106.96,290.41,48.15,86.27
2025-07-02,92.09,109.49,292.0,48.71,86.76
2025-07-03,92.43,110.31,296.0,48.93,88.72
2025-07-07,93.25,109.76,291.97,48.66,87.6
2025-07-08,92.69,109.2,282.78,47.15,85.57
2025-07-09,93.05,109.4,283.16,46.84,85.79
2025-07-10,93.66,110.21,288.19,46.97,87.08
2025-07-11,93.72,109.56,286.86,46.73,86.73
2025-07-14,95.25,110.03,288.7,47.07,87.5
2025-07-15,95.16,102.01,286.55,46.15,90.72
2025-07-16,95.49,105.03,285.82,46.03,90.02
2025-07-17,97.92,107.48,289.9,47.02,93.09
2025-07-18,98.84,108.51,291.27,47.32,93.45
2025-07-21,98.6,108.09,290.97,47.48,92.65
2025-07-22,98.9,109.71,291.43,47.77,94.0
2025-07-23,99.63,110.65,296.76,48.14,95.99
2025-07-24,99.97,110.98,296.55,48.39,95.39
2025-07-25,100.92,112.93,298.62,48.45,96.07
2025-07-28,100.63,112.45,298.28,48.23,95.55
2025-07-29,101.87,113.25,297.04,47.95,94.48
2025-07-30,102.3,113.11,299.63,47.96,95.81
2025-07-31,101.45,111.75,296.24,47.27,93.7
2025-08-01,99.81,108.59,289.37,45.66,91.83
2025-08-04,101.41,109.78,294.26,45.85,92.08
2025-08-05,100.66,110.06,291.37,45.56,91.52
2025-08-06,102.29,110.76,291.35,45.42,92.23
2025-08-07,102.21,109.82,286.94,44.92,91.23
2025-08-08,103.09,111.08,288.76,46.01,92.73
2025-08-11,103.27,109.83,289.56,46.16,92.31
2025-08-12,103.61,111.42,292.85,47.5,95.74
2025-08-13,101.91,111.5,290.53,47.24,94.65
2025-08-14,103.35,113.6,294.16,47.71,95.46
2025-08-15,101.0,111.07,290.49,46.94,93.69
2025-08-18,101.74,111.19,291.53,47.92,94.22
2025-08-19,101.08,111.15,290.66,48.08,93.74
2025-08-20,101.25,111.89,292.24,48.35,93.17
2025-08-21,101.78,112.36,291.47,48.26,92.59
2025-08-22,102.54,115.48,296.24,49.48,95.26
2025-08-25,103.12,114.91,294.9,49.48,95.0
2025-08-26,104.59,115.82,298.57,50.25,95.72
2025-08-27,105.03,114.88,299.28,50.38,96.87
2025-08-28,106.1,115.24,301.07,50.49,96.82
2025-08-29,105.6,114.97,301.42,50.74,96.57
2025-09-02,104.7,113.26,299.7,50.42,94.78
2025-09-03,104.68,113.0,299.51,50.06,95.03
2025-09-04,105.56,114.06,303.82,50.62,97.08
2025-09-05,103.69,112.95,294.38,49.77,95.4
2025-09-08,104.02,111.65,292.91,49.46,95.87
2025-09-09,104.77,112.05,297.85,50.29,97.34
2025-09-10,104.0,110.77,300.54,50.13,97.17
2025-09-11,105.6,112.94,305.56,50.75,98.82
2025-09-12,106.48,112.44,306.91,50.58,99.44
2025-09-15,106.42,112.12,308.9,50.59,99.79
2025-09-16,105.49,110.49,309.19,50.66,100.64
2025-09-17,107.01,111.7,311.75,51.4,101.76
2025-09-18,108.52,113.22,313.23,52.13,102.41
2025-09-19,108.71,113.5,314.78,52.25,102.68
2025-09-22,109.46,113.32,312.44,51.92,103.49
2025-09-23,108.66,112.95,312.74,51.7,103.0
2025-09-24,108.11,112.96,313.42,51.7,101.65
2025-09-25,109.08,114.24,313.45,51.85,102.11
2025-09-26,109.53,115.71,316.06,52.21,103.42
2025-09-29,109.75,117.25,315.69,52.42,103.16
2025-09-30,108.96,116.01,315.43,51.59,101.5
2025-10-01,106.83,113.38,310.71,50.68,98.71
2025-10-02,106.38,115.12,307.55,50.48,97.34
2025-10-03,106.6,116.38,310.03,50.64,97.74
2025-10-06,106.43,116.9,309.18,50.39,98.05
2025-10-07,106.93,116.89,307.69,50.29,97.8
2025-10-08,106.01,116.69,304.03,49.84,96.7
2025-10-09,106.82,117.23,305.53,49.79,95.92
2025-10-10,104.54,111.0,300.89,48.65,93.93
2025-10-13,106.3,114.19,307.97,48.86,96.1
2025-10-14,107.11,115.4,302.08,50.09,99.84
2025-10-15,108.93,116.71,305.69,52.28,99.78
2025-10-16,106.72,112.95,298.54,50.44,96.26
2025-10-17,105.98,111.37,297.56,51.28,97.07
2025-10-20,108.5,115.29,302.36,52.04,99.3
2025-10-21,107.0,114.36,297.09,51.52,98.25
2025-10-22,107.03,113.22,294.11,51.1,96.3
2025-10-23,106.68,114.61,294.54,51.76,96.69
2025-10-24,107.99,116.12,300.44,52.57,98.78
2025-10-27,107.58,117.03,304.15,53.02,100.99
2025-10-28,108.45,118.68,305.36,52.87,101.39
2025-10-29,107.05,116.75,305.51,52.58,99.12
2025-10-30,107.92,115.22,309.44,53.03,100.22
2025-10-31,107.93,115.66,311.12,53.45,101.23
2025-11-03,108.06,116.69,309.35,53.56,101.61
2025-11-04,108.0,116.15,309.25,53.54,101.01
2025-11-05,108.69,116.9,311.68,52.45,101.69
2025-11-06,108.42,117.27,313.42,53.29,100.85
2025-11-07,109.64,118.31,314.21,53.2,100.79
2025-11-10,110.96,119.69,316.89,53.42,101.49
2025-11-11,111.25,119.43,315.62,53.63,100.76
2025-11-12,112.64,121.11,320.41,54.11,102.87
2025-11-13,111.04,118.28,309.48,52.87,100.67
2025-11-14,110.48,116.84,303.61,52.61,100.3
2025-11-17,106.77,112.84,300.37,51.48,98.19
2025-11-18,107.5,113.2,299.41,51.64,98.32
2025-11-19,107.51,114.0,303.27,52.02,99.83
2025-11-20,106.46,113.3,298.38,51.0,97.63
2025-11-21,106.43,114.36,298.02,51.56,98.7
2025-11-24,108.07,115.1,298.0,51.93,99.69
2025-11-25,109.13,116.09,303.0,52.48,101.17
2025-11-26,111.39,117.66,307.64,52.99,102.5
2025-11-28,112.1,119.02,313.08,53.65,103.6
2025-12-01,111.81,118.12,308.92,53.24,102.68
2025-12-02,112.08,119.02,307.88,53.19,103.19
2025-12-03,113.09,120.9,312.13,54.09,106.72
2025-12-04,113.95,121.87,316.1,54.16,107.79
2025-12-05,114.02,123.61,315.04,53.95,108.88
2025-12-08,114.44,124.07,315.21,53.9,108.92
2025-12-09,115.93,126.16,300.51,53.54,109.43
2025-12-10,118.38,128.92,310.11,54.08,111.09
2025-12-11,118.68,129.6,317.38,54.56,111.74
2025-12-12,117.03,127.67,318.52,55.14,111.8
2025-12-15,116.96,128.95,320.02,55.33,112.8
2025-12-16,114.35,127.15,315.55,54.81,111.28
2025-12-17,113.56,127.36,314.98,54.55,111.46
2025-12-18,114.45,127.37,313.0,54.26,112.83
2025-12-19,115.84,128.5,317.21,55.27,114.86
2025-12-22,117.26,130.87,323.09,55.88,118.09
2025-12-23,117.22,130.7,325.93,55.97,119.4
2025-12-24,118.22,132.22,329.17,56.25,121.56
2025-12-26,117.47,132.28,327.91,56.17,120.42
2025-12-29,117.47,131.69,323.75,55.35,118.13
2025-12-30,116.87,130.34,323.42,55.28,117.21
2025-12-31,116.09,129.01,322.22,55.0,116.69
2026-01-02,117.04,129.07,325.48,55.95,118.7
2026-01-05,121.04,133.01,334.04,56.89,123.3
2026-01-06,121.31,134.32,334.61,57.25,122.5
2026-01-07,120.45,132.45,326.99,55.64,121.37
2026-01-08,120.05,132.8,329.79,56.18,120.6
2026-01-09,119.04,132.57,329.19,55.85,121.32
2026-01-12,120.66,133.09,324.49,55.19,117.7
2026-01-13,122.93,132.81,310.9,54.54,116.3
2026-01-14,124.59,134.72,307.87,52.48,112.41
2026-01-15,123.97,136.29,309.26,52.59,117.46
2026-01-16,121.33,128.02,312.47,52.97,118.04
2026-01-20,120.68,125.31,302.74,52.1,112.8
2026-01-21,119.76,126.91,302.04,52.07,113.86
2026-01-22,120.18,128.46,303.63,52.45,115.66
2026-01-23,117.61,126.09,297.72,51.72,113.59
2026-01-26,119.02,127.59,301.04,52.02,114.82
2026-01-27,118.87,127.62,300.31,52.17,114.79
2026-01-28,118.9,128.02,300.77,51.81,114.2
2026-01-29,121.49,131.43,306.42,53.08,115.2
2026-01-30,119.92,130.86,305.89,53.2,115.71
2026-02-02,121.61,132.58,308.14,54.03,116.23
2026-02-03,119.32,130.09,314.85,54.45,117.71
2026-02-04,121.32,132.03,317.27,55.38,117.43
2026-02-05,120.51,128.71,310.16,54.94,115.74
2026-02-06,124.32,132.35,322.4,56.53,122.69
2026-02-09,127.61,134.28,322.1,56.41,123.77
2026-02-10,126.45,132.23,318.28,55.39,122.15
2026-02-11,121.7,131.61,310.82,53.85,117.39
2026-02-12,114.91,126.31,302.64,52.52,111.15
2026-02-13,117.74,127.97,302.55,52.55,110.86
2026-02-17,118.8,128.0,307.13,52.74,113.78
2026-02-18,119.49,129.68,308.78,53.36,116.27
2026-02-19,118.16,127.87,308.05,52.77,115.55
2026-02-20,118.19,127.94,310.79,53.06,116.0
2026-02-23,115.54,125.13,297.67,51.07,110.75
2026-02-24,116.55,127.23,297.3,50.41,109.56
2026-02-25,120.31,131.62,303.3,51.69,114.34
2026-02-26,121.61,132.27,306.13,52.3,116.19
2026-02-27,119.1,128.62,300.3,49.83,110.19
2026-03-02,119.47,129.46,297.56,49.81,111.45
2026-03-03,117.95,125.91,300.26,49.97,110.76
2026-03-04,118.39,126.54,299.39,50.3,111.32
2026-03-05,116.71,125.14,293.55,49.81,108.95
2026-03-06,115.23,121.04,289.48,48.64,106.53
2026-03-09,115.1,121.93,289.92,47.9,106.59
2026-03-10,115.42,122.55,288.73,48.56,108.97
2026-03-11,117.12,126.0,287.52,48.52,109.19
2026-03-12,117.12,123.21,282.89,47.13,105.5
2026-03-13,116.17,121.34,283.44,46.72,105.69
2026-03-16,115.38,120.22,286.16,47.06,107.35
2026-03-17,116.12,121.56,286.89,47.28,107.71
2026-03-18,114.66,121.09,287.74,46.83,108.67
2026-03-19,114.9,120.95,287.97,47.01,109.85
2026-03-20,114.94,121.97,286.56,47.16,109.52
2026-03-23,116.36,123.23,289.91,47.52,111.64
2026-03-24,117.9,126.28,292.4,48.14,113.74
2026-03-25,117.99,126.92,295.42,48.75,114.48
2026-03-26,116.65,125.66,291.66,48.24,112.41
2026-03-27,114.66,122.52,282.84,46.97,107.38
2026-03-30,115.18,123.42,283.77,47.23,107.27
2026-03-31,118.63,126.56,294.16,48.75,113.41
2026-04-01,120.97,128.25,295.38,49.27,115.3
2026-04-02,122.13,128.8,294.6,49.38,115.25
2026-04-06,123.63,130.2,295.45,50.06,117.36
2026-04-07,124.62,131.21,297.4,50.28,117.13
2026-04-08,127.94,136.13,307.97,51.88,123.49
2026-04-09,128.58,138.49,310.33,52.71,124.92
2026-04-10,127.56,139.42,309.87,52.54,124.39
2026-04-13,129.15,141.62,313.68,53.35,126.28
2026-04-14,130.51,141.78,311.12,53.35,129.58
2026-04-15,131.96,142.74,305.93,54.32,131.69
2026-04-16,134.84,141.9,309.95,53.51,129.34
2026-04-17,135.1,145.43,310.29,53.91,132.18
2026-04-20,135.37,150.18,316.99,53.95,133.05
2026-04-21,137.92,153.57,313.0,53.48,131.68
2026-04-22,135.88,152.4,313.02,53.12,129.73
2026-04-23,135.42,151.25,311.69,52.47,128.51
2026-04-24,134.05,150.74,308.28,52.05,127.98
2026-04-27,134.47,154.02,311.63,52.63,129.14
2026-04-28,133.54,152.48,311.45,52.66,128.53
2026-04-29,132.27,150.7,309.25,52.88,127.61
2026-04-30,134.37,152.84,313.23,53.46,127.98
2026-05-01,133.78,152.0,312.47,53.24,127.44
2026-05-04,131.88,148.08,307.65,52.19,125.63
2026-05-05,132.36,148.68,309.4,53.12,128.01
2026-05-06,133.64,151.24,314.9,53.6,127.6
2026-05-07,130.69,148.78,306.27,52.75,129.09
2026-05-08,130.5,149.49,302.1,51.31,125.55
2026-05-11,132.49,150.17,300.0,50.55,125.85
2026-05-12,133.44,150.45,304.88,50.78,126.44
2026-05-13,134.99,151.58,300.25,49.84,124.1
2026-05-14,135.98,153.76,299.91,49.85,124.82
2026-05-15,135.02,152.85,297.81,49.77,123.42
2026-05-18,136.58,153.74,300.73,50.69,122.41
2026-05-19,136.32,150.88,295.7,50.7,119.97
2026-05-20,137.16,154.07,301.98,51.23,124.82
2026-05-21,138.98,153.69,303.0,51.49,125.22
2026-05-22,139.15,153.95,306.38,51.8,125.09
2026-05-26,141.05,158.52,306.74,52.2,126.86
2026-05-27,139.74,157.92,299.28,51.1,125.39
2026-05-28,140.56,157.61,296.73,50.77,124.68
2026-05-29,139.43,155.64,299.31,51.6,125.9
2026-06-01,142.59,159.79,296.58,51.51,129.09
2026-06-02,141.28,159.78,300.96,52.48,131.26
2026-06-03,140.57,157.88,300.85,52.4,129.93
2026-06-04,144.02,162.75,310.89,54.17,135.15
2026-06-05,142.39,161.75,312.37,53.83,132.47
2026-06-08,141.78,161.81,311.11,53.63,133.28
2026-06-09,143.25,163.25,312.7,54.42,134.73
2026-06-10,139.75,161.8,309.14,54.54,133.38
2026-06-11,142.09,164.85,313.49,55.16,138.07
2026-06-12,143.98,167.63,320.72,56.02,139.83
2026-06-15,142.5,167.37,319.4,55.87,141.21
2026-06-16,144.45,171.29,331.14,56.84,142.99
2026-06-17,146.07,171.1,333.46,56.53,143.78
2026-06-18,143.63,168.31,325.22,56.2,143.06
2026-06-22,146.44,173.71,331.48,57.37,145.67
2026-06-23,147.29,173.73,334.14,57.91,144.97
2026-06-24,143.56,168.87,333.45,57.73,143.59
2026-06-25,145.43,169.51,335.12,58.19,144.98
2026-06-26,143.56,168.11,329.05,57.88,141.76
2026-06-29,143.8,170.18,329.39,57.88,142.49
2026-06-30,144.61,169.6,327.33,56.98,139.96
2026-07-01,146.02,169.67,334.07,58.36,140.13
2026-07-02,146.62,170.69,334.47,58.73,139.97
2026-07-06,149.96,175.96,337.72,59.9,143.86
2026-07-07,152.91,179.94,339.22,59.86,140.77
2026-07-08,150.14,177.42,330.62,58.3,137.39
2026-07-09,152.26,180.16,335.47,59.25,139.57
2026-07-10,151.92,180.22,336.47,59.67,140.79
2026-07-13,151.27,178.17,334.53,59.5,140.71
2026-07-14,154.5,183.65,342.89,60.62,133.27
2026-07-15,162.35,186.59,346.91,61.59,134.89
2026-07-16,160.86,185.66,343.15,61.49,131.71
2026-07-17,157.13,182.5,341.1,61.27,129.36
2026-07-20,156.93,182.58,338.87,60.42,128.72
2026-07-21,158.89,183.3,345.23,61.22,132.84
2026-07-22,160.39,185.24,348.21,61.62,132.25
2026-07-23,160.11,184.21,349.9,61.28,131.88
2026-07-24,158.91,185.4,353.21,62.05,132.19
2026-07-27,157.77,184.66,356.2,62.13,133.1
2026-07-28,156.49,182.57,357.31,62.62,132.47
2026-07-29,152.5,176.04,344.71,61.07,127.13
