Date,TRDPRC_1
2020-01-02,114.12
2020-01-03,112.48
2020-01-06,111.87
2020-01-07,111.11
2020-01-08,111.74
2020-01-09,112.35
2020-01-10,111.14
2020-01-13,111.82
2020-01-14,111.97
2020-01-15,110.07
2020-01-16,110.52
2020-01-17,110.92
2020-01-21,109.71
2020-01-22,109.91
2020-01-23,109.8
2020-01-24,107.7
2020-01-27,105.73
2020-01-28,106.86
2020-01-29,105.86
2020-01-30,107.03
2020-01-31,104.75
2020-02-03,105.69
2020-02-04,107.39
2020-02-05,110.02
2020-02-06,109.33
2020-02-07,108.67
2020-02-10,108.59
2020-02-11,109.36
2020-02-12,109.51
2020-02-13,109.56
2020-02-14,109.23
2020-02-18,107.45
2020-02-19,108.89
2020-02-20,109.36
2020-02-21,108.01
2020-02-24,104.17
2020-02-25,99.5
2020-02-26,98.04
2020-02-27,93.92
2020-02-28,91.62
2020-03-02,95.52
2020-03-03,91.11
2020-03-04,93.23
2020-03-05,87.86
2020-03-06,83.88
2020-03-09,72.22
2020-03-10,77.5
2020-03-11,72.48
2020-03-12,64.93
2020-03-13,74.55
2020-03-16,62.47
2020-03-17,66.18
2020-03-18,60.72
2020-03-19,63.1
2020-03-20,60.56
2020-03-23,56.19
2020-03-24,63.21
2020-03-25,64.63
2020-03-26,69.84
2020-03-27,67.61
2020-03-30,67.88
2020-03-31,65.45
2020-04-01,60.93
2020-04-02,62.33
2020-04-03,60.19
2020-04-06,65.68
2020-04-07,67.03
2020-04-08,70.46
2020-04-09,75.26
2020-04-13,72.29
2020-04-14,71.25
2020-04-15,66.78
2020-04-16,64.57
2020-04-17,70.0
2020-04-20,69.15
2020-04-21,66.56
2020-04-22,67.18
2020-04-23,67.58
2020-04-24,69.03
2020-04-27,72.93
2020-04-28,74.07
2020-04-29,77.28
2020-04-30,74.37
2020-05-01,70.97
2020-05-04,70.17
2020-05-05,69.13
2020-05-06,67.77
2020-05-07,69.16
2020-05-08,71.14
2020-05-11,68.51
2020-05-12,65.83
2020-05-13,62.74
2020-05-14,65.2
2020-05-15,64.19
2020-05-18,69.26
2020-05-19,66.82
2020-05-20,69.07
2020-05-21,68.6
2020-05-22,68.0
2020-05-26,73.86
2020-05-27,78.8
2020-05-28,76.12
2020-05-29,74.41
2020-06-01,75.86
2020-06-02,76.39
2020-06-03,80.38
2020-06-04,83.59
2020-06-05,87.39
2020-06-08,89.71
2020-06-09,87.66
2020-06-10,82.38
2020-06-11,74.97
2020-06-12,77.94
2020-06-15,79.08
2020-06-16,80.81
2020-06-17,78.96
2020-06-18,78.94
2020-06-19,78.57
2020-06-22,77.85
2020-06-23,78.2
2020-06-24,74.43
2020-06-25,76.92
2020-06-26,71.97
2020-06-29,72.99
2020-06-30,74.53
2020-07-01,72.51
2020-07-02,72.57
2020-07-06,73.89
2020-07-07,71.49
2020-07-08,72.13
2020-07-09,69.65
2020-07-10,73.33
2020-07-13,74.02
2020-07-14,72.82
2020-07-15,75.15
2020-07-16,74.96
2020-07-17,73.11
2020-07-20,72.44
2020-07-21,75.26
2020-07-22,74.76
2020-07-23,75.88
2020-07-24,75.55
2020-07-27,74.38
2020-07-28,74.17
2020-07-29,76.49
2020-07-30,74.77
2020-07-31,74.49
2020-08-03,74.47
2020-08-04,74.11
2020-08-05,75.39
2020-08-06,75.05
2020-08-07,77.42
2020-08-10,78.24
2020-08-11,80.06
2020-08-12,79.56
2020-08-13,78.28
2020-08-14,78.94
2020-08-17,77.27
2020-08-18,75.86
2020-08-19,75.98
2020-08-20,74.58
2020-08-21,74.21
2020-08-24,76.91
2020-08-25,77.35
2020-08-26,76.07
2020-08-27,77.89
2020-08-28,78.35
2020-08-31,76.72
2020-09-01,76.99
2020-09-02,78.15
2020-09-03,77.54
2020-09-04,79.23
2020-09-08,76.47
2020-09-09,76.56
2020-09-10,75.29
2020-09-11,76.34
2020-09-14,77.73
2020-09-15,76.1
2020-09-16,77.43
2020-09-17,76.67
2020-09-18,76.27
2020-09-21,73.33
2020-09-22,71.62
2020-09-23,69.87
2020-09-24,70.08
2020-09-25,71.08
2020-09-28,73.22
2020-09-29,72.1
2020-09-30,73.09
2020-10-01,73.3
2020-10-02,74.73
2020-10-05,77.03
2020-10-06,76.31
2020-10-07,78.57
2020-10-08,79.82
2020-10-09,79.55
2020-10-12,80.51
2020-10-13,78.22
2020-10-14,76.81
2020-10-15,78.09
2020-10-16,78.07
2020-10-19,77.0
2020-10-20,78.25
2020-10-21,77.47
2020-10-22,80.37
2020-10-23,80.97
2020-10-26,79.0
2020-10-27,76.64
2020-10-28,74.79
2020-10-29,76.0
2020-10-30,76.93
2020-11-02,78.94
2020-11-03,81.07
2020-11-04,77.0
2020-11-05,80.17
2020-11-06,78.52
2020-11-09,89.1
2020-11-10,89.16
2020-11-11,87.66
2020-11-12,85.64
2020-11-13,87.53
2020-11-16,90.38
2020-11-17,90.08
2020-11-18,89.04
2020-11-19,89.54
2020-11-20,88.28
2020-11-23,90.26
2020-11-24,95.07
2020-11-25,94.06
2020-11-27,93.08
2020-11-30,90.34
2020-12-01,92.53
2020-12-02,93.99
2020-12-03,94.09
2020-12-04,95.62
2020-12-07,95.01
2020-12-08,94.86
2020-12-09,95.06
2020-12-10,95.5
2020-12-11,94.19
2020-12-14,92.72
2020-12-15,94.43
2020-12-16,94.77
2020-12-17,94.61
2020-12-18,93.49
2020-12-21,95.18
2020-12-22,94.11
2020-12-23,96.83
2020-12-24,96.39
2020-12-28,96.91
2020-12-29,96.1
2020-12-30,96.82
2020-12-31,97.91
2021-01-04,96.96
2021-01-05,98.1
2021-01-06,104.78
2021-01-07,107.25
2021-01-08,106.31
2021-01-11,107.47
2021-01-12,109.12
2021-01-13,108.55
2021-01-14,110.43
2021-01-15,106.92
2021-01-19,107.39
2021-01-20,105.47
2021-01-21,103.98
2021-01-22,103.78
2021-01-25,102.8
2021-01-26,101.63
2021-01-27,98.06
2021-01-28,100.3
2021-01-29,97.78
2021-02-01,98.77
2021-02-02,101.42
2021-02-03,103.12
2021-02-04,106.35
2021-02-05,106.28
2021-02-08,108.08
2021-02-09,108.03
2021-02-10,108.06
2021-02-11,107.37
2021-02-12,108.59
2021-02-16,111.79
2021-02-17,112.23
2021-02-18,111.3
2021-02-19,113.92
2021-02-22,115.52
2021-02-23,116.55
2021-02-24,119.78
2021-02-25,116.57
2021-02-26,113.4
2021-03-01,117.23
2021-03-02,116.45
2021-03-03,117.63
2021-03-04,116.34
2021-03-05,118.31
2021-03-08,120.75
2021-03-09,118.4
2021-03-10,121.36
2021-03-11,121.24
2021-03-12,123.35
2021-03-15,122.33
2021-03-16,120.71
2021-03-17,121.81
2021-03-18,123.32
2021-03-19,121.29
2021-03-22,118.52
2021-03-23,116.06
2021-03-24,116.07
2021-03-25,119.35
2021-03-26,121.67
2021-03-29,118.87
2021-03-30,121.36
2021-03-31,120.14
2021-04-01,121.4
2021-04-05,121.89
2021-04-06,121.66
2021-04-07,122.22
2021-04-08,121.92
2021-04-09,123.24
2021-04-12,124.01
2021-04-13,121.99
2021-04-14,123.7
2021-04-15,122.45
2021-04-16,123.01
2021-04-19,122.55
2021-04-20,119.05
2021-04-21,121.4
2021-04-22,119.59
2021-04-23,123.01
2021-04-26,124.34
2021-04-27,125.59
2021-04-28,126.44
2021-04-29,128.96
2021-04-30,127.25
2021-05-03,127.5
2021-05-04,129.28
2021-05-05,130.66
2021-05-06,132.17
2021-05-07,132.77
2021-05-10,132.46
2021-05-11,130.97
2021-05-12,128.85
2021-05-13,131.61
2021-05-14,133.69
2021-05-17,134.54
2021-05-18,132.19
2021-05-19,131.04
2021-05-20,130.59
2021-05-21,132.3
2021-05-24,132.72
2021-05-25,130.95
2021-05-26,131.9
2021-05-27,133.84
2021-05-28,133.62
2021-06-01,134.82
2021-06-02,134.2
2021-06-03,134.25
2021-06-04,134.04
2021-06-07,133.59
2021-06-08,133.12
2021-06-09,131.11
2021-06-10,128.72
2021-06-11,129.28
2021-06-14,127.25
2021-06-15,127.92
2021-06-16,128.61
2021-06-17,122.31
2021-06-18,119.16
2021-06-21,122.61
2021-06-22,122.64
2021-06-23,123.33
2021-06-24,125.23
2021-06-25,127.35
2021-06-28,125.73
2021-06-29,124.52
2021-06-30,125.22
2021-07-01,126.48
2021-07-02,125.94
2021-07-06,122.59
2021-07-07,122.12
2021-07-08,119.74
2021-07-09,124.46
2021-07-12,125.91
2021-07-13,123.96
2021-07-14,123.47
2021-07-15,124.34
2021-07-16,121.43
2021-07-19,116.87
2021-07-20,120.55
2021-07-21,123.03
2021-07-22,121.07
2021-07-23,121.1
2021-07-26,122.14
2021-07-27,121.99
2021-07-28,122.35
2021-07-29,123.68
2021-07-30,122.09
2021-08-02,121.42
2021-08-03,123.53
2021-08-04,122.18
2021-08-05,124.14
2021-08-06,127.34
2021-08-09,127.44
2021-08-10,129.0
2021-08-11,131.29
2021-08-12,131.39
2021-08-13,129.9
2021-08-16,128.99
2021-08-17,127.12
2021-08-18,125.94
2021-08-19,124.24
2021-08-20,125.17
2021-08-23,126.59
2021-08-24,128.18
2021-08-25,130.5
2021-08-26,129.45
2021-08-27,131.7
2021-08-30,128.55
2021-08-31,128.4
2021-09-01,126.6
2021-09-02,127.29
2021-09-03,126.7
2021-09-07,126.34
2021-09-08,125.15
2021-09-09,125.94
2021-09-10,125.03
2021-09-13,127.33
2021-09-14,124.79
2021-09-15,126.93
2021-09-16,126.65
2021-09-17,126.25
2021-09-20,122.56
2021-09-21,122.41
2021-09-22,124.82
2021-09-23,129.15
2021-09-24,130.13
2021-09-27,133.85
2021-09-28,132.16
2021-09-29,132.63
2021-09-30,130.45
2021-10-01,133.34
2021-10-04,133.21
2021-10-05,135.15
2021-10-06,134.84
2021-10-07,135.38
2021-10-08,136.38
2021-10-11,134.95
2021-10-12,134.46
2021-10-13,133.42
2021-10-14,135.18
2021-10-15,137.03
2021-10-18,137.65
2021-10-19,138.85
2021-10-20,141.56
2021-10-21,140.57
2021-10-22,142.61
2021-10-25,142.14
2021-10-26,141.52
2021-10-27,137.8
2021-10-28,139.5
2021-10-29,138.64
2021-11-01,140.18
2021-11-02,139.89
2021-11-03,141.9
2021-11-04,139.09
2021-11-05,139.18
2021-11-08,139.92
2021-11-09,139.13
2021-11-10,139.44
2021-11-11,140.32
2021-11-12,140.04
2021-11-15,140.52
2021-11-16,140.16
2021-11-17,138.57
2021-11-18,138.06
2021-11-19,136.28
2021-11-22,138.72
2021-11-23,140.9
2021-11-24,140.63
2021-11-26,134.73
2021-11-29,135.08
2021-11-30,130.96
2021-12-01,129.33
2021-12-02,133.75
2021-12-03,130.41
2021-12-06,132.92
2021-12-07,134.93
2021-12-08,133.79
2021-12-09,133.59
2021-12-10,133.31
2021-12-13,130.26
2021-12-14,131.56
2021-12-15,131.81
2021-12-16,133.27
2021-12-17,129.49
2021-12-20,126.7
2021-12-21,130.06
2021-12-22,130.56
2021-12-23,131.32
2021-12-27,132.83
2021-12-28,132.79
2021-12-29,132.77
2021-12-30,132.3
2021-12-31,132.22
2022-01-03,135.69
2022-01-04,140.29
2022-01-05,138.77
2022-01-06,143.28
2022-01-07,145.57
2022-01-10,145.25
2022-01-11,146.54
2022-01-12,147.28
2022-01-13,147.56
2022-01-14,147.1
2022-01-18,143.57
2022-01-19,139.07
2022-01-20,136.77
2022-01-21,132.35
2022-01-24,133.63
2022-01-25,134.29
2022-01-26,134.66
2022-01-27,133.04
2022-01-28,134.42
2022-01-31,134.98
2022-02-01,138.19
2022-02-02,138.74
2022-02-03,137.3
2022-02-04,140.05
2022-02-07,140.91
2022-02-08,143.77
2022-02-09,143.9
2022-02-10,143.44
2022-02-11,141.47
2022-02-14,140.02
2022-02-15,142.66
2022-02-16,143.01
2022-02-17,137.79
2022-02-18,137.2
2022-02-22,137.0
2022-02-23,133.55
2022-02-24,130.71
2022-02-25,135.94
2022-02-28,134.16
2022-03-01,126.48
2022-03-02,131.04
2022-03-03,129.93
2022-03-04,125.51
2022-03-07,119.7
2022-03-08,120.46
2022-03-09,125.46
2022-03-10,124.03
2022-03-11,122.66
2022-03-14,124.78
2022-03-15,125.74
2022-03-16,130.31
2022-03-17,130.15
2022-03-18,129.97
2022-03-21,129.28
2022-03-22,132.22
2022-03-23,128.53
2022-03-24,129.36
2022-03-25,131.34
2022-03-28,129.82
2022-03-29,130.98
2022-03-30,128.09
2022-03-31,124.14
2022-04-01,122.58
2022-04-04,122.56
2022-04-05,121.31
2022-04-06,119.67
2022-04-07,118.82
2022-04-08,119.79
2022-04-11,119.78
2022-04-12,118.17
2022-04-13,118.34
2022-04-14,116.73
2022-04-18,117.79
2022-04-19,120.36
2022-04-20,121.2
2022-04-21,119.01
2022-04-22,116.05
2022-04-25,116.12
2022-04-26,113.12
2022-04-27,112.39
2022-04-28,113.8
2022-04-29,110.06
2022-05-02,111.28
2022-05-03,113.12
2022-05-04,116.9
2022-05-05,113.7
2022-05-06,112.5
2022-05-09,110.36
2022-05-10,108.72
2022-05-11,106.79
2022-05-12,106.17
2022-05-13,107.31
2022-05-16,106.1
2022-05-17,110.23
2022-05-18,107.05
2022-05-19,106.57
2022-05-20,106.51
2022-05-23,110.85
2022-05-24,110.28
2022-05-25,112.1
2022-05-26,114.82
2022-05-27,116.28
2022-05-31,116.53
2022-06-01,114.24
2022-06-02,115.97
2022-06-03,114.33
2022-06-06,114.77
2022-06-07,115.73
2022-06-08,113.74
2022-06-09,110.15
2022-06-10,105.37
2022-06-13,101.77
2022-06-14,100.93
2022-06-15,102.52
2022-06-16,99.66
2022-06-17,100.54
2022-06-21,102.49
2022-06-22,102.16
2022-06-23,100.78
2022-06-24,105.06
2022-06-27,104.29
2022-06-28,103.79
2022-06-29,102.7
2022-06-30,101.01
2022-07-01,102.56
2022-07-05,102.4
2022-07-06,101.49
2022-07-07,103.43
2022-07-08,103.0
2022-07-11,102.11
2022-07-12,101.87
2022-07-13,100.38
2022-07-14,98.36
2022-07-15,104.03
2022-07-18,104.14
2022-07-19,107.09
2022-07-20,107.14
2022-07-21,107.81
2022-07-22,106.17
2022-07-25,107.56
2022-07-26,105.22
2022-07-27,107.3
2022-07-28,106.98
2022-07-29,108.45
2022-08-01,108.05
2022-08-02,106.54
2022-08-03,108.37
2022-08-04,107.18
2022-08-05,108.57
2022-08-08,107.99
2022-08-09,108.48
2022-08-10,111.62
2022-08-11,113.41
2022-08-12,114.86
2022-08-15,114.63
2022-08-16,115.55
2022-08-17,114.39
2022-08-18,114.38
2022-08-19,112.15
2022-08-22,109.59
2022-08-23,109.32
2022-08-24,109.5
2022-08-25,111.38
2022-08-26,107.65
2022-08-29,106.73
2022-08-30,106.58
2022-08-31,105.8
2022-09-01,105.61
2022-09-02,104.97
2022-09-06,104.03
2022-09-07,106.3
2022-09-08,109.32
2022-09-09,110.25
2022-09-12,111.16
2022-09-13,106.79
2022-09-14,106.26
2022-09-15,107.72
2022-09-16,106.08
2022-09-19,107.28
2022-09-20,105.68
2022-09-21,103.43
2022-09-22,100.87
2022-09-23,98.89
2022-09-26,97.08
2022-09-27,96.17
2022-09-28,98.17
2022-09-29,96.63
2022-09-30,95.83
2022-10-03,98.71
2022-10-04,102.97
2022-10-05,101.74
2022-10-06,99.82
2022-10-07,97.56
2022-10-10,96.79
2022-10-11,94.79
2022-10-12,94.66
2022-10-13,99.57
2022-10-14,98.19
2022-10-17,101.12
2022-10-18,102.16
2022-10-19,98.48
2022-10-20,96.31
2022-10-21,98.84
2022-10-24,100.58
2022-10-25,102.32
2022-10-26,102.73
2022-10-27,102.74
2022-10-28,104.63
2022-10-31,104.12
2022-11-01,104.85
2022-11-02,102.78
2022-11-03,101.32
2022-11-04,103.91
2022-11-07,104.64
2022-11-08,105.23
2022-11-09,102.92
2022-11-10,108.84
2022-11-11,109.93
2022-11-14,107.4
2022-11-15,107.88
2022-11-16,106.35
2022-11-17,105.03
2022-11-18,105.86
2022-11-21,106.22
2022-11-22,107.26
2022-11-23,107.6
2022-11-25,107.99
2022-11-28,105.54
2022-11-29,106.76
2022-11-30,108.89
2022-12-01,107.45
2022-12-02,106.4
2022-12-05,101.73
2022-12-06,100.07
2022-12-07,100.29
2022-12-08,100.47
2022-12-09,100.52
2022-12-12,102.01
2022-12-13,102.05
2022-12-14,100.32
2022-12-15,98.43
2022-12-16,97.68
2022-12-19,97.66
2022-12-20,97.75
2022-12-21,99.27
2022-12-22,98.83
2022-12-23,99.3
2022-12-27,99.65
2022-12-28,99.34
2022-12-29,101.03
2022-12-30,100.85
2023-01-03,101.46
2023-01-04,103.81
2023-01-05,102.66
2023-01-06,105.27
2023-01-09,104.8
2023-01-10,105.38
2023-01-11,106.31
2023-01-12,106.89
2023-01-13,107.63
2023-01-17,107.37
2023-01-18,104.62
2023-01-19,103.83
2023-01-20,107.07
2023-01-23,109.32
2023-01-24,108.64
2023-01-25,110.37
2023-01-26,111.46
2023-01-27,112.07
2023-01-30,111.05
2023-01-31,112.93
2023-02-01,113.56
2023-02-02,114.87
2023-02-03,114.52
2023-02-06,113.66
2023-02-07,115.1
2023-02-08,114.27
2023-02-09,112.55
2023-02-10,112.42
2023-02-13,113.63
2023-02-14,113.41
2023-02-15,113.38
2023-02-16,111.79
2023-02-17,111.86
2023-02-21,108.87
2023-02-22,108.5
2023-02-23,108.85
2023-02-24,109.07
2023-02-27,109.32
2023-02-28,109.65
2023-03-01,109.33
2023-03-02,107.38
2023-03-03,109.44
2023-03-06,108.99
2023-03-07,104.78
2023-03-08,103.98
2023-03-09,95.97
2023-03-10,92.22
2023-03-13,81.47
2023-03-14,84.07
2023-03-15,81.08
2023-03-16,83.17
2023-03-17,78.8
2023-03-20,79.42
2023-03-21,83.35
2023-03-22,79.43
2023-03-23,78.06
2023-03-24,78.39
2023-03-27,80.38
2023-03-28,80.64
2023-03-29,82.32
2023-03-30,81.32
2023-03-31,82.04
2023-04-03,81.59
2023-04-04,79.98
2023-04-05,79.58
2023-04-06,80.42
2023-04-10,81.08
2023-04-11,82.12
2023-04-12,81.49
2023-04-13,82.09
2023-04-14,82.98
2023-04-17,84.14
2023-04-18,84.29
2023-04-19,85.71
2023-04-20,84.16
2023-04-21,82.9
2023-04-24,82.54
2023-04-25,79.7
2023-04-26,78.87
2023-04-27,80.08
2023-04-28,81.28
2023-05-01,79.83
2023-05-02,76.26
2023-05-03,74.82
2023-05-04,71.96
2023-05-05,75.27
2023-05-08,75.08
2023-05-09,75.1
2023-05-10,74.16
2023-05-11,73.23
2023-05-12,72.64
2023-05-15,74.51
2023-05-16,73.43
2023-05-17,77.16
2023-05-18,77.62
2023-05-19,76.86
2023-05-22,78.21
2023-05-23,78.71
2023-05-24,77.32
2023-05-25,77.18
2023-05-26,77.85
2023-05-30,78.09
2023-05-31,76.16
2023-06-01,77.38
2023-06-02,80.28
2023-06-05,79.38
2023-06-06,81.74
2023-06-07,82.93
2023-06-08,82.56
2023-06-09,82.09
2023-06-12,81.28
2023-06-13,82.52
2023-06-14,81.01
2023-06-15,82.23
2023-06-16,81.65
2023-06-20,80.82
2023-06-21,80.31
2023-06-22,78.44
2023-06-23,77.6
2023-06-26,78.09
2023-06-27,78.93
2023-06-28,78.6
2023-06-29,80.03
2023-06-30,80.21
2023-07-03,81.63
2023-07-05,80.9
2023-07-06,79.63
2023-07-07,80.71
2023-07-10,80.89
2023-07-11,82.25
2023-07-12,83.16
2023-07-13,84.26
2023-07-14,82.28
2023-07-17,83.16
2023-07-18,85.68
2023-07-19,87.92
2023-07-20,88.53
2023-07-21,87.67
2023-07-24,89.17
2023-07-25,87.73
2023-07-26,89.38
2023-07-27,88.31
2023-07-28,89.01
2023-07-31,89.34
2023-08-01,88.45
2023-08-02,87.48
2023-08-03,88.07
2023-08-04,87.9
2023-08-07,88.71
2023-08-08,87.63
2023-08-09,86.17
2023-08-10,86.33
2023-08-11,86.67
2023-08-14,85.23
2023-08-15,82.89
2023-08-16,82.15
2023-08-17,82.13
2023-08-18,81.78
2023-08-21,81.56
2023-08-22,79.42
2023-08-23,80.33
2023-08-24,80.41
2023-08-25,80.04
2023-08-28,81.01
2023-08-29,82.12
2023-08-30,81.6
2023-08-31,81.5
2023-09-01,82.37
2023-09-05,81.59
2023-09-06,80.49
2023-09-07,79.51
2023-09-08,80.39
2023-09-11,80.63
2023-09-12,82.02
2023-09-13,81.28
2023-09-14,82.81
2023-09-15,82.31
2023-09-18,81.78
2023-09-19,81.44
2023-09-20,80.75
2023-09-21,79.51
2023-09-22,78.51
2023-09-25,78.91
2023-09-26,77.63
2023-09-27,77.38
2023-09-28,78.18
2023-09-29,78.29
2023-10-02,76.42
2023-10-03,74.79
2023-10-04,75.13
2023-10-05,75.52
2023-10-06,76.08
2023-10-09,76.16
2023-10-10,77.35
2023-10-11,77.25
2023-10-12,76.48
2023-10-13,76.18
2023-10-16,77.34
2023-10-17,78.66
2023-10-18,76.7
2023-10-19,75.68
2023-10-20,73.33
2023-10-23,72.54
2023-10-24,72.51
2023-10-25,72.3
2023-10-26,73.42
2023-10-27,71.71
2023-10-30,73.08
2023-10-31,73.9
2023-11-01,73.99
2023-11-02,77.29
2023-11-03,79.66
2023-11-06,78.98
2023-11-07,78.58
2023-11-08,78.3
2023-11-09,77.16
2023-11-10,77.99
2023-11-13,77.82
2023-11-14,81.45
2023-11-15,82.61
2023-11-16,82.24
2023-11-17,83.38
2023-11-20,83.26
2023-11-21,82.24
2023-11-22,82.42
2023-11-24,82.68
2023-11-27,82.23
2023-11-28,82.49
2023-11-29,84.13
2023-11-30,84.93
2023-12-01,87.26
2023-12-04,87.68
2023-12-05,86.69
2023-12-06,86.39
2023-12-07,87.45
2023-12-08,88.63
2023-12-11,88.68
2023-12-12,88.61
2023-12-13,91.93
2023-12-14,96.6
2023-12-15,95.83
2023-12-18,95.0
2023-12-19,96.11
2023-12-20,94.03
2023-12-21,95.12
2023-12-22,95.32
2023-12-26,96.28
2023-12-27,96.47
2023-12-28,96.68
2023-12-29,96.02
2024-01-02,96.93
2024-01-03,95.03
2024-01-04,95.6
2024-01-05,97.14
2024-01-08,97.48
2024-01-09,96.4
2024-01-10,96.06
2024-01-11,95.11
2024-01-12,94.11
2024-01-16,92.87
2024-01-17,92.24
2024-01-18,91.8
2024-01-19,94.11
2024-01-22,94.84
2024-01-23,94.84
2024-01-24,95.73
2024-01-25,96.21
2024-01-26,96.4
2024-01-29,97.11
2024-01-30,98.0
2024-01-31,95.72
2024-02-01,94.06
2024-02-02,94.74
2024-02-05,93.53
2024-02-06,93.44
2024-02-07,93.47
2024-02-08,93.4
2024-02-09,93.63
2024-02-12,95.09
2024-02-13,92.3
2024-02-14,93.53
2024-02-15,95.72
2024-02-16,95.44
2024-02-20,95.05
2024-02-21,95.12
2024-02-22,95.49
2024-02-23,95.88
2024-02-26,95.03
2024-02-27,96.11
2024-02-28,95.91
2024-02-29,96.71
2024-03-01,96.38
2024-03-04,98.13
2024-03-05,99.48
2024-03-06,98.82
2024-03-07,99.09
2024-03-08,99.23
2024-03-11,99.35
2024-03-12,99.27
2024-03-13,99.81
2024-03-14,98.03
2024-03-15,98.05
2024-03-18,98.53
2024-03-19,98.73
2024-03-20,101.08
2024-03-21,103.25
2024-03-22,101.7
2024-03-25,101.49
2024-03-26,101.57
2024-03-27,103.92
2024-03-28,104.85
2024-04-01,103.64
2024-04-02,102.67
2024-04-03,102.59
2024-04-04,101.44
2024-04-05,101.9
2024-04-08,103.19
2024-04-09,103.41
2024-04-10,100.3
2024-04-11,99.54
2024-04-12,98.08
2024-04-15,98.38
2024-04-16,96.78
2024-04-17,97.48
2024-04-18,98.18
2024-04-19,100.08
2024-04-22,102.08
2024-04-23,103.16
2024-04-24,103.56
2024-04-25,102.39
2024-04-26,102.68
2024-04-29,102.57
2024-04-30,101.17
2024-05-01,101.84
2024-05-02,102.37
2024-05-03,103.22
2024-05-06,104.24
2024-05-07,104.06
2024-05-08,104.87
2024-05-09,105.69
2024-05-10,106.05
2024-05-13,105.58
2024-05-14,106.54
2024-05-15,107.64
2024-05-16,106.96
2024-05-17,107.36
2024-05-20,105.82
2024-05-21,106.94
2024-05-22,105.89
2024-05-23,103.97
2024-05-24,104.88
2024-05-28,103.79
2024-05-29,102.58
2024-05-30,103.09
2024-05-31,104.94
2024-06-03,103.87
2024-06-04,102.68
2024-06-05,102.88
2024-06-06,102.62
2024-06-07,102.96
2024-06-10,102.09
2024-06-11,100.09
2024-06-12,101.49
2024-06-13,100.95
2024-06-14,100.31
2024-06-17,101.43
2024-06-18,102.4
2024-06-20,102.47
2024-06-21,101.92
2024-06-24,103.6
2024-06-25,102.35
2024-06-26,102.02
2024-06-27,102.13
2024-06-28,104.5
2024-07-01,105.13
2024-07-02,106.31
2024-07-03,105.79
2024-07-05,104.3
2024-07-08,104.63
2024-07-09,106.23
2024-07-10,107.3
2024-07-11,109.05
2024-07-12,108.78
2024-07-15,110.64
2024-07-16,113.98
2024-07-17,114.67
2024-07-18,112.53
2024-07-19,112.36
2024-07-22,112.93
2024-07-23,113.75
2024-07-24,112.86
2024-07-25,114.21
2024-07-26,115.3
2024-07-29,114.17
2024-07-30,115.45
2024-07-31,114.57
2024-08-01,111.15
2024-08-02,106.35
2024-08-05,103.52
2024-08-06,104.73
2024-08-07,104.25
2024-08-08,106.36
2024-08-09,106.59
2024-08-12,106.02
2024-08-13,107.12
2024-08-14,108.08
2024-08-15,109.47
2024-08-16,110.7
2024-08-19,111.64
2024-08-20,110.53
2024-08-21,110.33
2024-08-22,111.06
2024-08-23,113.69
2024-08-26,113.63
2024-08-27,113.38
2024-08-28,113.96
2024-08-29,114.6
2024-08-30,115.93
2024-09-03,114.11
2024-09-04,113.42
2024-09-05,112.48
2024-09-06,109.59
2024-09-09,111.57
2024-09-10,109.52
2024-09-11,109.1
2024-09-12,108.82
2024-09-13,109.8
2024-09-16,111.43
2024-09-17,112.15
2024-09-18,112.31
2024-09-19,115.51
2024-09-20,114.96
2024-09-23,114.22
2024-09-24,113.43
2024-09-25,112.3
2024-09-26,113.74
2024-09-27,113.88
2024-09-30,114.46
2024-10-01,112.26
2024-10-02,112.24
2024-10-03,111.81
2024-10-04,114.65
2024-10-07,114.48
2024-10-08,114.52
2024-10-09,115.96
2024-10-10,115.69
2024-10-11,119.21
2024-10-14,120.37
2024-10-15,120.71
2024-10-16,122.78
2024-10-17,122.91
2024-10-18,122.53
2024-10-21,120.35
2024-10-22,121.25
2024-10-23,121.65
2024-10-24,122.41
2024-10-25,120.73
2024-10-28,123.33
2024-10-29,122.81
2024-10-30,123.18
2024-10-31,121.85
2024-11-01,121.5
2024-11-04,120.25
2024-11-05,121.91
2024-11-06,134.94
2024-11-07,131.32
2024-11-08,131.73
2024-11-11,134.82
2024-11-12,134.12
2024-11-13,134.05
2024-11-14,133.65
2024-11-15,134.79
2024-11-18,134.69
2024-11-19,133.53
2024-11-20,133.3
2024-11-21,135.31
2024-11-22,137.42
2024-11-25,138.78
2024-11-26,138.38
2024-11-27,138.29
2024-11-29,138.16
2024-12-02,136.48
2024-12-03,135.57
2024-12-04,134.8
2024-12-05,135.55
2024-12-06,135.62
2024-12-09,133.72
2024-12-10,133.18
2024-12-11,133.0
2024-12-12,132.33
2024-12-13,131.75
2024-12-16,132.28
2024-12-17,130.32
2024-12-18,124.75
2024-12-19,124.71
2024-12-20,127.21
2024-12-23,127.64
2024-12-24,129.21
2024-12-26,129.59
2024-12-27,128.46
2024-12-30,127.64
2024-12-31,127.47
2025-01-02,127.33
2025-01-03,128.85
2025-01-06,129.84
2025-01-07,129.61
2025-01-08,129.44
2025-01-10,125.95
2025-01-13,127.51
2025-01-14,129.61
2025-01-15,134.89
2025-01-16,134.56
2025-01-17,136.28
2025-01-21,137.55
2025-01-22,136.31
2025-01-23,137.14
2025-01-24,137.68
2025-01-27,138.26
2025-01-28,138.15
2025-01-29,138.19
2025-01-30,139.37
2025-01-31,138.5
2025-02-03,136.41
2025-02-04,137.31
2025-02-05,138.54
2025-02-06,140.59
2025-02-07,139.54
2025-02-10,137.37
2025-02-11,138.23
2025-02-12,137.17
2025-02-13,137.45
2025-02-14,138.92
2025-02-18,140.33
2025-02-19,139.91
2025-02-20,136.57
2025-02-21,134.07
2025-02-24,133.35
2025-02-25,132.02
2025-02-26,132.59
2025-02-27,132.61
2025-02-28,135.33
2025-03-03,132.76
2025-03-04,126.71
2025-03-05,127.03
2025-03-06,124.05
2025-03-07,123.41
2025-03-10,118.14
2025-03-11,117.18
2025-03-12,118.29
2025-03-13,116.55
2025-03-14,120.02
2025-03-17,120.9
2025-03-18,121.04
2025-03-19,122.88
2025-03-20,123.07
2025-03-21,123.35
2025-03-24,126.37
2025-03-25,126.84
2025-03-26,125.8
2025-03-27,123.99
2025-03-28,120.99
2025-03-31,122.52
2025-04-01,121.71
2025-04-02,123.84
2025-04-03,111.63
2025-04-04,104.27
2025-04-07,105.27
2025-04-08,104.32
2025-04-09,113.68
2025-04-10,107.92
2025-04-11,108.55
2025-04-14,110.06
2025-04-15,111.34
2025-04-16,109.44
2025-04-17,110.6
2025-04-21,108.8
2025-04-22,112.37
2025-04-23,114.72
2025-04-24,117.42
2025-04-25,116.95
2025-04-28,117.46
2025-04-29,118.41
2025-04-30,117.86
2025-05-01,118.78
2025-05-02,121.97
2025-05-05,121.76
2025-05-06,120.45
2025-05-07,120.87
2025-05-08,123.27
2025-05-09,123.01
2025-05-12,128.37
2025-05-13,129.96
2025-05-14,130.24
2025-05-15,130.59
2025-05-16,131.05
2025-05-19,130.58
2025-05-20,129.6
2025-05-21,125.62
2025-05-22,126.2
2025-05-23,125.64
2025-05-27,128.51
2025-05-28,127.21
2025-05-29,127.96
2025-05-30,127.47
2025-06-02,127.28
2025-06-03,128.83
2025-06-04,127.74
2025-06-05,127.96
2025-06-06,130.6
2025-06-09,130.68
2025-06-10,131.17
2025-06-11,130.34
2025-06-12,129.94
2025-06-13,127.18
2025-06-16,129.06
2025-06-17,127.95
2025-06-18,130.36
2025-06-20,131.37
2025-06-23,133.62
2025-06-24,135.25
2025-06-25,136.29
2025-06-26,138.54
2025-06-27,138.74
2025-06-30,139.65
2025-07-01,141.8
2025-07-02,143.97
2025-07-03,145.43
2025-07-07,144.09
2025-07-08,142.8
2025-07-09,142.67
2025-07-10,144.1
2025-07-11,143.35
2025-07-14,144.2
2025-07-15,140.71
2025-07-16,141.13
2025-07-17,142.98
2025-07-18,143.75
2025-07-21,143.3
2025-07-22,144.23
2025-07-23,145.63
2025-07-24,145.19
2025-07-25,146.11
2025-07-28,145.36
2025-07-29,145.38
2025-07-30,144.93
2025-07-31,143.04
2025-08-01,139.71
2025-08-04,141.41
2025-08-05,140.97
2025-08-06,140.7
2025-08-07,139.52
2025-08-08,141.18
2025-08-11,140.7
2025-08-12,144.27
2025-08-13,144.59
2025-08-14,145.9
2025-08-15,143.04
2025-08-18,143.78
2025-08-19,143.37
2025-08-20,144.02
2025-08-21,143.43
2025-08-22,148.05
2025-08-25,147.8
2025-08-26,149.7
2025-08-27,150.59
2025-08-28,150.75
2025-08-29,150.86
2025-09-02,149.25
2025-09-03,148.93
2025-09-04,151.14
2025-09-05,148.47
2025-09-08,148.43
2025-09-09,149.79
2025-09-10,149.95
2025-09-11,151.41
2025-09-12,151.42
2025-09-15,151.3
2025-09-16,150.49
2025-09-17,152.39
2025-09-18,154.53
2025-09-19,154.63
2025-09-22,153.49
2025-09-23,153.35
2025-09-24,152.73
2025-09-25,153.01
2025-09-26,154.15
2025-09-29,154.01
2025-09-30,152.45
2025-10-01,150.25
2025-10-02,149.84
2025-10-03,150.79
2025-10-06,150.6
2025-10-07,150.0
2025-10-08,148.18
2025-10-09,148.35
2025-10-10,143.23
2025-10-13,146.03
2025-10-14,148.68
2025-10-15,149.26
2025-10-16,143.83
2025-10-17,144.63
2025-10-20,147.8
2025-10-21,147.25
2025-10-22,146.22
2025-10-23,146.81
2025-10-24,149.86
2025-10-27,150.2
2025-10-28,149.91
2025-10-29,148.38
2025-10-30,149.27
2025-10-31,149.82
2025-11-03,149.66
2025-11-04,149.45
2025-11-05,150.07
2025-11-06,149.79
2025-11-07,150.74
2025-11-10,151.99
2025-11-11,152.24
2025-11-12,154.04
2025-11-13,150.67
2025-11-14,149.64
2025-11-17,145.59
2025-11-18,146.18
2025-11-19,147.64
2025-11-20,145.99
2025-11-21,148.14
2025-11-24,149.43
2025-11-25,151.96
2025-11-26,153.12
2025-11-28,154.14
2025-12-01,153.76
2025-12-02,154.06
2025-12-03,157.63
2025-12-04,158.7
2025-12-05,159.04
2025-12-08,159.44
2025-12-09,159.51
2025-12-10,163.68
2025-12-11,165.61
2025-12-12,164.72
2025-12-15,164.9
2025-12-16,163.77
2025-12-17,163.75
2025-12-18,163.49
2025-12-19,165.36
2025-12-22,167.41
2025-12-23,167.29
2025-12-24,168.48
2025-12-26,168.34
2025-12-29,166.49
2025-12-30,165.55
2025-12-31,164.18
2026-01-02,167.06
2026-01-05,171.07
2026-01-06,172.62
2026-01-07,169.99
2026-01-08,171.28
2026-01-09,170.61
2026-01-12,168.99
2026-01-13,166.87
2026-01-14,165.71
2026-01-15,168.47
2026-01-16,167.79
2026-01-20,164.94
2026-01-21,167.86
2026-01-22,168.03
2026-01-23,164.28
2026-01-26,165.75
2026-01-27,166.44
2026-01-28,165.66
2026-01-29,167.93
2026-01-30,167.62
2026-02-02,170.48
2026-02-03,171.8
2026-02-04,173.3
2026-02-05,171.46
2026-02-06,176.13
2026-02-09,176.4
2026-02-10,174.55
2026-02-11,171.41
2026-02-12,165.91
2026-02-13,166.39
2026-02-17,167.44
2026-02-18,169.67
2026-02-19,167.62
2026-02-20,169.18
2026-02-23,161.73
2026-02-24,161.48
2026-02-25,165.41
2026-02-26,167.3
2026-02-27,159.18
2026-03-02,160.08
2026-03-03,158.96
2026-03-04,159.96
2026-03-05,157.36
2026-03-06,153.46
2026-03-09,152.99
2026-03-10,152.97
2026-03-11,151.95
2026-03-12,148.2
2026-03-13,147.06
2026-03-16,148.19
2026-03-17,149.37
2026-03-18,148.46
2026-03-19,148.81
2026-03-20,149.46
2026-03-23,151.51
2026-03-24,153.37
2026-03-25,154.11
2026-03-26,152.37
2026-03-27,148.76
2026-03-30,149.04
2026-03-31,154.31
2026-04-01,156.2
2026-04-02,156.51
2026-04-06,157.97
2026-04-07,158.35
2026-04-08,164.31
2026-04-09,166.5
2026-04-10,165.34
2026-04-13,167.14
2026-04-14,166.93
2026-04-15,167.63
2026-04-16,166.93
2026-04-17,169.28
2026-04-20,170.97
2026-04-21,170.78
2026-04-22,169.9
2026-04-23,169.52
2026-04-24,167.26
2026-04-27,169.39
2026-04-28,169.19
2026-04-29,167.65
2026-04-30,170.06
2026-05-01,169.0
2026-05-04,166.06
2026-05-05,167.78
2026-05-06,169.94
2026-05-07,167.1
2026-05-08,165.78
2026-05-11,163.91
2026-05-12,164.62
2026-05-13,162.54
2026-05-14,163.96
2026-05-15,162.8
2026-05-18,163.9
2026-05-19,162.52
2026-05-20,166.67
2026-05-21,167.45
2026-05-22,168.27
2026-05-26,169.67
2026-05-27,168.34
2026-05-28,168.21
2026-05-29,169.42
2026-06-01,168.78
2026-06-02,171.65
2026-06-03,169.19
2026-06-04,175.46
2026-06-05,173.89
2026-06-08,173.64
2026-06-09,175.07
2026-06-10,173.48
2026-06-11,176.73
2026-06-12,179.8
2026-06-15,178.66
2026-06-16,181.59
2026-06-17,180.93
2026-06-18,179.75
2026-06-22,182.35
2026-06-23,183.54
2026-06-24,182.78
2026-06-25,184.64
2026-06-26,182.41
2026-06-29,182.74
2026-06-30,181.3
2026-07-01,184.54
2026-07-02,184.1
2026-07-06,187.56
2026-07-07,187.45
2026-07-08,182.74
2026-07-09,186.26
2026-07-10,187.19
2026-07-13,186.98
2026-07-14,188.94
2026-07-15,191.84
2026-07-16,191.73
2026-07-17,188.86
2026-07-20,186.92
2026-07-21,188.75
2026-07-22,189.25
2026-07-23,187.44
2026-07-24,188.27
2026-07-27,188.22
2026-07-28,188.97
2026-07-29,183.92
