Date,SOFR,USD_1M_SOFR_OIS,USD_3M_SOFR_OIS,SOFR_minus_1M_OIS_bps,SOFR_minus_3M_OIS_bps
2021-07-27,0.05,0.0479,0.0485,0.2100000000000004,0.1500000000000001
2021-07-28,0.05,0.046,0.049,0.4000000000000003,0.1
2021-07-29,0.05,0.0479,0.0488,0.2100000000000004,0.1199999999999999
2021-07-30,0.05,0.0485,0.0491,0.1500000000000001,0.0900000000000005
2021-08-02,0.05,0.0488,0.0489,0.1199999999999999,0.1100000000000003
2021-08-03,0.05,0.0491,0.046,0.0900000000000005,0.4000000000000003
2021-08-04,0.05,0.0491,0.049,0.0900000000000005,0.1
2021-08-05,0.05,0.0493,0.0494,0.0700000000000006,0.0600000000000003
2021-08-06,0.05,0.047,0.049,0.3000000000000002,0.1
2021-08-09,0.05,0.0487,0.0493,0.1300000000000002,0.0700000000000006
2021-08-10,0.05,0.0489,0.0509,0.1100000000000003,-0.0899999999999998
2021-08-11,0.05,0.049,0.0495,0.1,0.05
2021-08-12,0.05,0.047,0.05,0.3000000000000002,0.0
2021-08-13,0.05,0.0499,0.0508,0.0100000000000002,-0.0799999999999995
2021-08-16,0.05,0.0499,0.0513,0.0100000000000002,-0.1299999999999995
2021-08-17,0.05,0.05,0.0511,0.0,-0.1099999999999996
2021-08-18,0.05,0.05,0.0514,0.0,-0.1399999999999998
2021-08-19,0.05,0.0481,0.05,0.1900000000000005,0.0
2021-08-20,0.05,0.047,0.0506,0.3000000000000002,-0.0599999999999996
2021-08-23,0.05,0.0491,0.051,0.0900000000000005,-0.0999999999999994
2021-08-24,0.05,0.051,0.0515,-0.0999999999999994,-0.1499999999999994
2021-08-25,0.05,0.051,0.053,-0.0999999999999994,-0.2999999999999996
2021-08-26,0.05,0.0542,0.053,-0.4199999999999995,-0.2999999999999996
2021-08-27,0.05,0.0501,0.0512,-0.0099999999999995,-0.1199999999999999
2021-08-30,0.05,0.049,0.05,0.1,0.0
2021-08-31,0.05,0.0507,0.0508,-0.0699999999999999,-0.0799999999999995
2021-09-01,0.05,0.051,0.052,-0.0999999999999994,-0.1999999999999994
2021-09-02,0.05,0.051,0.0508,-0.0999999999999994,-0.0799999999999995
2021-09-03,0.05,0.0517,0.0532,-0.17,-0.3199999999999994
2021-09-06,,0.0511,0.0508,,
2021-09-07,0.05,0.05,0.0508,0.0,-0.0799999999999995
2021-09-08,0.05,0.0517,0.05,-0.17,0.0
2021-09-09,0.05,0.0517,0.0529,-0.17,-0.29
2021-09-10,0.05,0.0515,0.0526,-0.1499999999999994,-0.2599999999999998
2021-09-13,0.05,0.053,0.0533,-0.2999999999999996,-0.3299999999999997
2021-09-14,0.05,0.0523,0.0532,-0.2299999999999996,-0.3199999999999994
2021-09-15,0.05,0.0552,0.0584,-0.5199999999999996,-0.8399999999999997
2021-09-16,0.05,0.0572,0.0606,-0.7199999999999998,-1.0599999999999998
2021-09-17,0.05,0.056,0.061,-0.5999999999999999,-1.0999999999999996
2021-09-20,0.05,0.0557,0.0586,-0.5699999999999996,-0.8599999999999997
2021-09-21,0.05,0.051,0.0559,-0.0999999999999994,-0.5899999999999995
2021-09-22,0.05,0.0546,0.057,-0.4599999999999999,-0.7
2021-09-23,0.05,0.0558,0.059,-0.58,-0.8999999999999995
2021-09-24,0.05,0.0554,0.0575,-0.5399999999999995,-0.75
2021-09-27,0.05,0.0569,0.0582,-0.6899999999999996,-0.8199999999999998
2021-09-28,0.05,0.0585,0.059,-0.8500000000000001,-0.8999999999999995
2021-09-29,0.05,0.0573,0.0561,-0.7299999999999994,-0.6099999999999994
2021-09-30,0.05,0.0544,0.0544,-0.4399999999999994,-0.4399999999999994
2021-10-01,0.05,0.0588,0.0559,-0.8799999999999996,-0.5899999999999995
2021-10-04,0.05,0.0586,0.0564,-0.8599999999999997,-0.6399999999999996
2021-10-05,0.05,0.059,0.0567,-0.8999999999999995,-0.6699999999999997
2021-10-06,0.05,0.0546,0.0548,-0.4599999999999999,-0.4799999999999998
2021-10-07,0.05,0.0532,0.0543,-0.3199999999999994,-0.4299999999999998
2021-10-08,0.05,0.0529,0.0533,-0.29,-0.3299999999999997
2021-10-11,,0.0531,0.0538,,
2021-10-12,0.05,0.0532,0.0539,-0.3199999999999994,-0.39
2021-10-13,0.05,0.0529,0.0534,-0.29,-0.34
2021-10-14,0.05,0.0528,0.053,-0.2799999999999997,-0.2999999999999996
2021-10-15,0.05,0.0518,0.0526,-0.1799999999999996,-0.2599999999999998
2021-10-18,0.05,0.0485,0.0503,0.1500000000000001,-0.0299999999999994
2021-10-19,0.03,0.0472,0.0497,-1.72,-1.97
2021-10-20,0.03,0.0395,0.0442,-0.9500000000000002,-1.4200000000000004
2021-10-21,0.03,0.0431,0.0464,-1.31,-1.6399999999999997
2021-10-22,0.05,0.0428,0.047,0.7200000000000005,0.3000000000000002
2021-10-25,0.04,0.0455,0.0479,-0.5499999999999998,-0.7899999999999997
2021-10-26,0.05,0.0419,0.0452,0.8100000000000003,0.4800000000000005
2021-10-27,0.05,0.0443,0.048,0.5700000000000004,0.2000000000000001
2021-10-28,0.05,0.0431,0.0479,0.6900000000000004,0.2100000000000004
2021-10-29,0.05,0.0444,0.0489,0.56,0.1100000000000003
2021-11-01,0.05,0.0433,0.0468,0.6700000000000005,0.3200000000000002
2021-11-02,0.05,0.0437,0.0487,0.63,0.1300000000000002
2021-11-03,0.05,0.0434,0.0466,0.6600000000000001,0.34
2021-11-04,0.05,0.0426,0.045,0.7400000000000004,0.5000000000000004
2021-11-05,0.05,0.0423,0.045,0.7700000000000006,0.5000000000000004
2021-11-08,0.05,0.0439,0.0457,0.6100000000000001,0.4300000000000005
2021-11-09,0.05,0.044,0.0455,0.6000000000000005,0.4500000000000004
2021-11-10,0.05,0.044,0.0502,0.6000000000000005,-0.0199999999999998
2021-11-11,,0.044,0.05,,
2021-11-12,0.05,0.043,0.049,0.7000000000000006,0.1
2021-11-15,0.05,0.044,0.052,0.6000000000000005,-0.1999999999999994
2021-11-16,0.05,0.0445,0.0526,0.5500000000000005,-0.2599999999999998
2021-11-17,0.05,0.044,0.054,0.6000000000000005,-0.3999999999999997
2021-11-18,0.05,0.047,0.054,0.3000000000000002,-0.3999999999999997
2021-11-19,0.05,0.049,0.054,0.1,-0.3999999999999997
2021-11-22,0.05,0.047,0.055,0.3000000000000002,-0.4999999999999998
2021-11-23,0.05,0.045,0.0524,0.5000000000000004,-0.2399999999999999
2021-11-24,0.05,0.0507,0.0553,-0.0699999999999999,-0.5299999999999999
2021-11-25,,0.052,0.053,,
2021-11-26,0.05,0.052,0.052,-0.1999999999999994,-0.1999999999999994
2021-11-29,0.05,0.052,0.054,-0.1999999999999994,-0.3999999999999997
2021-11-30,0.05,0.052,0.054,-0.1999999999999994,-0.3999999999999997
2021-12-01,0.05,0.053,0.056,-0.2999999999999996,-0.5999999999999999
2021-12-02,0.05,0.053,0.054,-0.2999999999999996,-0.3999999999999997
2021-12-03,0.05,0.053,0.056,-0.2999999999999996,-0.5999999999999999
2021-12-06,0.05,0.053,0.056,-0.2999999999999996,-0.5999999999999999
2021-12-07,0.05,0.053,0.056,-0.2999999999999996,-0.5999999999999999
2021-12-08,0.05,0.053,0.0593,-0.2999999999999996,-0.9299999999999996
2021-12-09,0.05,0.051,0.058,-0.0999999999999994,-0.8
2021-12-10,0.05,0.052,0.056,-0.1999999999999994,-0.5999999999999999
2021-12-13,0.05,0.057,0.062,-0.7,-1.1999999999999995
2021-12-14,0.05,0.056,0.067,-0.5999999999999999,-1.7000000000000002
2021-12-15,0.05,0.058,0.06,-0.8,-0.9999999999999996
2021-12-16,0.05,0.056,0.062,-0.5999999999999999,-1.1999999999999995
2021-12-17,0.05,0.053,0.064,-0.2999999999999996,-1.4
2021-12-20,0.04,0.053,0.0654,-1.2999999999999998,-2.54
2021-12-21,0.05,0.053,0.066,-0.2999999999999996,-1.6
2021-12-22,0.05,0.0519,0.075,-0.1899999999999999,-2.4999999999999996
2021-12-23,0.05,0.052,0.077,-0.1999999999999994,-2.6999999999999997
2021-12-24,,0.052,0.076,,
2021-12-27,0.05,0.053,0.079,-0.2999999999999996,-2.9
2021-12-28,0.05,0.053,0.0813,-0.2999999999999996,-3.129999999999999
2021-12-29,0.05,0.0525,0.0839,-0.2499999999999995,-3.39
2021-12-30,0.05,0.054,0.089,-0.3999999999999997,-3.899999999999999
2021-12-31,0.05,0.054,0.089,-0.3999999999999997,-3.899999999999999
2022-01-03,0.05,0.056,0.092,-0.5999999999999999,-4.199999999999999
2022-01-04,0.05,0.0534,0.09,-0.34,-4.0
2022-01-05,0.05,0.055,0.097,-0.4999999999999998,-4.7
2022-01-06,0.05,0.055,0.114,-0.4999999999999998,-6.4
2022-01-07,0.05,0.057,0.114,-0.7,-6.4
2022-01-10,0.05,0.062,0.123,-1.1999999999999995,-7.3
2022-01-11,0.05,0.056,0.12,-0.5999999999999999,-6.999999999999999
2022-01-12,0.05,0.057,0.12,-0.7,-6.999999999999999
2022-01-13,0.05,0.0553,0.1363,-0.5299999999999999,-8.63
2022-01-14,0.05,0.056,0.142,-0.5999999999999999,-9.2
2022-01-17,,0.0554,0.1569,,
2022-01-18,0.05,0.059,0.157,-0.8999999999999995,-10.7
2022-01-19,0.05,0.0591,0.162,-0.9099999999999996,-11.2
2022-01-20,0.04,0.061,0.172,-2.0999999999999996,-13.199999999999998
2022-01-21,0.05,0.057,0.163,-0.7,-11.3
2022-01-24,0.04,0.056,0.162,-1.6,-12.2
2022-01-25,0.05,0.058,0.173,-0.8,-12.3
2022-01-26,0.04,0.051,0.168,-1.0999999999999996,-12.8
2022-01-27,0.04,0.052,0.196,-1.1999999999999995,-15.6
2022-01-28,0.05,0.05,0.197,0.0,-14.700000000000005
2022-01-31,0.05,0.048,0.199,0.2000000000000001,-14.900000000000002
2022-02-01,0.05,0.049,0.203,0.1,-15.300000000000002
2022-02-02,0.05,0.049,0.198,0.1,-14.800000000000002
2022-02-03,0.05,0.049,0.228,0.1,-17.8
2022-02-04,0.05,0.063,0.272,-1.2999999999999998,-22.200000000000003
2022-02-07,0.05,0.059,0.258,-0.8999999999999995,-20.8
2022-02-08,0.05,0.056,0.2907,-0.5999999999999999,-24.070000000000004
2022-02-09,0.04,0.056,0.271,-1.6,-23.1
2022-02-10,0.05,0.149,0.413,-9.9,-36.3
2022-02-11,0.05,0.081,0.346,-3.1,-29.6
2022-02-14,0.05,0.067,0.369,-1.7000000000000002,-31.9
2022-02-15,0.05,0.067,0.39,-1.7000000000000002,-34.0
2022-02-16,0.05,0.078,0.349,-2.8,-29.9
2022-02-17,0.05,0.1171,0.3783,-6.709999999999999,-32.830000000000005
2022-02-18,0.05,0.1232,0.354,-7.32,-30.4
2022-02-21,,0.1209,0.3594,,
2022-02-22,0.05,0.1435,0.4145,-9.349999999999998,-36.45
2022-02-23,0.05,0.1531,0.394,-10.31,-34.400000000000006
2022-02-24,0.05,0.1852,0.375,-13.52,-32.5
2022-02-25,0.05,0.207,0.404,-15.699999999999998,-35.400000000000006
2022-02-28,0.05,0.1426,0.369,-9.26,-31.9
2022-03-01,0.05,0.204,0.343,-15.399999999999997,-29.300000000000004
2022-03-02,0.05,0.209,0.4192,-15.899999999999997,-36.92
2022-03-03,0.05,0.237,0.406,-18.7,-35.6
2022-03-04,0.05,0.236,0.4287,-18.6,-37.870000000000005
2022-03-07,0.05,0.2724,0.4454,-22.24,-39.540000000000006
2022-03-08,0.05,0.259,0.423,-20.9,-37.3
2022-03-09,0.05,0.2711,0.452,-22.110000000000003,-40.2
2022-03-10,0.05,0.291,0.463,-24.1,-41.3
2022-03-11,0.05,0.298,0.475,-24.8,-42.5
2022-03-14,0.05,0.344,0.535,-29.4,-48.50000000000001
2022-03-15,0.05,0.337,0.523,-28.700000000000003,-47.3
2022-03-16,0.05,0.3158,0.508,-26.580000000000005,-45.8
2022-03-17,0.3,0.299,0.499,0.1,-19.9
2022-03-18,0.3,0.305,0.526,-0.5000000000000004,-22.600000000000005
2022-03-21,0.29,0.311,0.561,-2.100000000000002,-27.10000000000001
2022-03-22,0.28,0.312,0.58,-3.1999999999999975,-29.999999999999993
2022-03-23,0.27,0.312,0.593,-4.199999999999998,-32.3
2022-03-24,0.27,0.304,0.615,-3.3999999999999977,-34.5
2022-03-25,0.28,0.306,0.632,-2.599999999999997,-35.199999999999996
2022-03-28,0.28,0.311,0.648,-3.099999999999997,-36.8
2022-03-29,0.28,0.303,0.637,-2.2999999999999963,-35.699999999999996
2022-03-30,0.27,0.298,0.636,-2.799999999999997,-36.6
2022-03-31,0.29,0.288,0.666,0.2000000000000001,-37.60000000000001
2022-04-01,0.3,0.298,0.687,0.2000000000000001,-38.70000000000001
2022-04-04,0.3,0.319,0.705,-1.9000000000000017,-40.5
2022-04-05,0.3,0.361,0.724,-6.1,-42.4
2022-04-06,0.3,0.368,0.742,-6.800000000000001,-44.2
2022-04-07,0.3,0.3909,0.774,-9.090000000000003,-47.400000000000006
2022-04-08,0.3,0.414,0.787,-11.4,-48.7
2022-04-11,0.3,0.44,0.805,-14.000000000000002,-50.500000000000014
2022-04-12,0.29,0.462,0.799,-17.200000000000003,-50.90000000000001
2022-04-13,0.29,0.4692,0.845,-17.92,-55.49999999999999
2022-04-14,0.29,0.5099,0.866,-21.99000000000001,-57.60000000000001
2022-04-15,,0.521,0.86,,
2022-04-18,0.29,0.5401,0.871,-25.010000000000005,-58.099999999999994
2022-04-19,0.28,0.573,0.894,-29.299999999999994,-61.4
2022-04-20,0.27,0.5774,0.909,-30.74,-63.9
2022-04-21,0.26,0.615,0.958,-35.5,-69.8
2022-04-22,0.27,0.6422,0.987,-37.22,-71.7
2022-04-25,0.27,0.6575,1.001,-38.74999999999999,-73.1
2022-04-26,0.27,0.683,1.0,-41.3,-73.0
2022-04-27,0.28,0.6943,1.018,-41.43,-73.8
2022-04-28,0.28,0.747,1.092,-46.7,-81.2
2022-04-29,0.28,0.7754,1.144,-49.53999999999999,-86.39999999999999
2022-05-02,0.3,0.7884,1.13,-48.84,-82.99999999999999
2022-05-03,0.3,0.8076,1.16,-50.760000000000005,-85.99999999999999
2022-05-04,0.3,0.7906,1.162,-49.059999999999995,-86.19999999999999
2022-05-05,0.79,0.786,1.178,0.4000000000000003,-38.79999999999999
2022-05-06,0.78,0.785,1.186,-0.5000000000000004,-40.599999999999994
2022-05-09,0.78,0.792,1.196,-1.200000000000001,-41.599999999999994
2022-05-10,0.78,0.778,1.193,0.2000000000000001,-41.3
2022-05-11,0.78,0.78,1.221,0.0,-44.10000000000001
2022-05-12,0.79,0.779,1.231,1.100000000000001,-44.10000000000001
2022-05-13,0.79,0.7979,1.251,-0.7900000000000018,-46.09999999999999
2022-05-16,0.8,0.8606,1.262,-6.059999999999999,-46.2
2022-05-17,0.8,0.8637,1.283,-6.369999999999997,-48.29999999999999
2022-05-18,0.79,0.867,1.302,-7.699999999999996,-51.2
2022-05-19,0.79,0.903,1.318,-11.3,-52.8
2022-05-20,0.78,0.921,1.325,-14.1,-54.49999999999999
2022-05-23,0.78,0.966,1.349,-18.59999999999999,-56.89999999999999
2022-05-24,0.78,0.964,1.345,-18.399999999999995,-56.49999999999999
2022-05-25,0.78,0.982,1.363,-20.199999999999996,-58.3
2022-05-26,0.78,1.028,1.392,-24.8,-61.19999999999999
2022-05-27,0.78,1.038,1.39,-25.8,-60.999999999999986
2022-05-30,,1.0404,1.402,,
2022-05-31,0.79,1.078,1.411,-28.800000000000004,-62.1
2022-06-01,0.8,1.0881,1.44,-28.81,-63.99999999999999
2022-06-02,0.79,1.1265,1.46,-33.650000000000006,-67.0
2022-06-03,0.78,1.143,1.473,-36.3,-69.30000000000001
2022-06-06,0.78,1.158,1.489,-37.79999999999999,-70.9
2022-06-07,0.77,1.1847,1.496,-41.470000000000006,-72.6
2022-06-08,0.76,1.1944,1.516,-43.43999999999999,-75.6
2022-06-09,0.75,1.2378,1.543,-48.78,-79.3
2022-06-10,0.75,1.2685,1.609,-51.849999999999994,-85.9
2022-06-13,0.73,1.437,1.82,-70.7,-109.0
2022-06-14,0.69,1.487,1.898,-79.70000000000002,-120.8
2022-06-15,0.7,1.509,1.903,-80.89999999999999,-120.3
2022-06-16,1.45,1.506,1.928,-5.600000000000005,-47.8
2022-06-17,1.45,1.495,1.939,-4.500000000000015,-48.90000000000001
2022-06-20,,1.4961,1.936,,
2022-06-21,1.45,1.501,1.969,-5.099999999999993,-51.90000000000001
2022-06-22,1.45,1.4842,1.975,-3.420000000000001,-52.500000000000014
2022-06-23,1.44,1.489,2.005,-4.9000000000000155,-56.49999999999999
2022-06-24,1.46,1.4993,2.011,-3.9300000000000113,-55.100000000000016
2022-06-27,1.5,1.5251,2.043,-2.50999999999999,-54.30000000000001
2022-06-28,1.52,1.5286,2.047,-0.8599999999999941,-52.70000000000002
2022-06-29,1.51,1.584,2.067,-7.400000000000007,-55.70000000000002
2022-06-30,1.5,1.675,2.099,-17.500000000000004,-59.90000000000002
2022-07-01,1.52,1.7297,2.11,-20.97,-58.999999999999986
2022-07-04,,1.743,2.125,,
2022-07-05,1.54,1.743,2.13,-20.300000000000008,-58.999999999999986
2022-07-06,1.54,1.768,2.194,-22.799999999999997,-65.39999999999999
2022-07-07,1.54,1.8418,2.219,-30.180000000000007,-67.89999999999998
2022-07-08,1.53,1.888,2.27,-35.79999999999999,-74.0
2022-07-11,1.53,1.933,2.285,-40.3,-75.50000000000001
2022-07-12,1.54,1.943,2.299,-40.3,-75.89999999999999
2022-07-13,1.53,2.055,2.516,-52.500000000000014,-98.6
2022-07-14,1.53,2.0909,2.469,-56.09,-93.89999999999998
2022-07-15,1.54,2.095,2.44,-55.500000000000014,-89.99999999999999
2022-07-18,1.54,2.1327,2.452,-59.26999999999998,-91.2
2022-07-19,1.54,2.164,2.486,-62.40000000000001,-94.60000000000002
2022-07-20,1.53,2.181,2.509,-65.10000000000001,-97.9
2022-07-21,1.53,2.2486,2.529,-71.86000000000001,-99.9
2022-07-22,1.52,2.2612,2.52,-74.12,-100.0
2022-07-25,1.53,2.298,2.549,-76.8,-101.9
2022-07-26,1.53,2.325,2.561,-79.50000000000001,-103.1
2022-07-27,1.53,2.289,2.54,-75.9,-101.0
2022-07-28,2.28,2.28,2.532,0.0,-25.200000000000024
2022-07-29,2.27,2.2847,2.5461,-1.4699999999999935,-27.61
2022-08-01,2.28,2.283,2.5541,-0.3000000000000113,-27.410000000000025
2022-08-02,2.3,2.291,2.5856,0.8999999999999897,-28.56000000000001
2022-08-03,2.29,2.2919,2.6127,-0.1900000000000012,-32.269999999999975
2022-08-04,2.29,2.292,2.6193,-0.1999999999999779,-32.92999999999999
2022-08-05,2.28,2.305,2.684,-2.5000000000000355,-40.400000000000034
2022-08-08,2.28,2.3001,2.702,-2.010000000000023,-42.20000000000002
2022-08-09,2.29,2.3124,2.734,-2.2399999999999753,-44.39999999999999
2022-08-10,2.28,2.2924,2.6922,-1.240000000000041,-41.220000000000034
2022-08-11,2.28,2.296,2.7043,-1.6000000000000014,-42.430000000000014
2022-08-12,2.28,2.2936,2.715,-1.360000000000028,-43.50000000000001
2022-08-15,2.29,2.2949,2.7267,-0.4900000000000126,-43.67000000000001
2022-08-16,2.29,2.2952,2.737,-0.5199999999999871,-44.7
2022-08-17,2.29,2.295,2.7516,-0.4999999999999893,-46.15999999999998
2022-08-18,2.28,2.293,2.772,-1.3000000000000345,-49.2
2022-08-19,2.28,2.3154,2.7848,-3.54000000000001,-50.48000000000003
2022-08-22,2.28,2.379,2.835,-9.90000000000002,-55.500000000000014
2022-08-23,2.27,2.3757,2.8364,-10.570000000000013,-56.63999999999998
2022-08-24,2.27,2.3771,2.877,-10.709999999999996,-60.699999999999974
2022-08-25,2.28,2.4385,2.9045,-15.850000000000009,-62.45000000000003
2022-08-26,2.28,2.4417,2.906,-16.170000000000016,-62.60000000000004
2022-08-29,2.28,2.462,2.946,-18.20000000000004,-66.60000000000004
2022-08-30,2.29,2.5117,2.9543,-22.16999999999998,-66.42999999999999
2022-08-31,2.29,2.521,2.9734,-23.099999999999987,-68.33999999999997
2022-09-01,2.29,2.5989,3.0249,-30.889999999999993,-73.49000000000001
2022-09-02,2.29,2.5973,2.9943,-30.73000000000001,-70.42999999999999
2022-09-05,,2.605,3.0093,,
2022-09-06,2.29,2.6739,3.0621,-38.390000000000015,-77.21000000000001
2022-09-07,2.28,2.687,3.08,-40.7,-80.00000000000003
2022-09-08,2.28,2.7567,3.1458,-47.670000000000016,-86.58000000000001
2022-09-09,2.28,2.7818,3.179,-50.18000000000002,-89.9
2022-09-12,2.28,2.8118,3.2015,-53.18000000000001,-92.15
2022-09-13,2.28,2.9263,3.3526,-64.63000000000001,-107.26
2022-09-14,2.27,2.924,3.361,-65.39999999999999,-109.10000000000002
2022-09-15,2.28,3.0,3.426,-72.00000000000001,-114.60000000000004
2022-09-16,2.27,3.018,3.435,-74.79999999999998,-116.5
2022-09-19,2.27,3.052,3.468,-78.2,-119.8
2022-09-20,2.26,3.0766,3.484,-81.66000000000003,-122.40000000000002
2022-09-21,2.25,3.029,3.465,-77.89999999999999,-121.5
2022-09-22,2.99,3.0298,3.514,-3.979999999999962,-52.39999999999995
2022-09-23,2.99,3.0363,3.5287,-4.630000000000001,-53.87
2022-09-26,2.99,3.0434,3.5478,-5.339999999999989,-55.77999999999999
2022-09-27,2.98,3.032,3.5239,-5.200000000000005,-54.389999999999986
2022-09-28,2.98,3.0214,3.5231,-4.139999999999988,-54.30999999999999
2022-09-29,2.96,3.0203,3.5626,-6.030000000000024,-60.260000000000026
2022-09-30,2.98,3.048,3.5951,-6.800000000000006,-61.51
2022-10-03,3.0,3.1148,3.6173,-11.47999999999998,-61.73000000000002
2022-10-04,3.04,3.1273,3.646,-8.729999999999993,-60.59999999999999
2022-10-05,3.04,3.1313,3.6764,-9.129999999999994,-63.64000000000001
2022-10-06,3.05,3.27,3.7383,-22.00000000000002,-68.83000000000004
2022-10-07,3.05,3.281,3.7745,-23.10000000000003,-72.45000000000003
2022-10-10,,3.281,3.7765,,
2022-10-11,3.05,3.2983,3.799,-24.83,-74.9
2022-10-12,3.04,3.3039,3.832,-26.39,-79.19999999999999
2022-10-13,3.04,3.399,3.927,-35.9,-88.7
2022-10-14,3.04,3.4154,3.9368,-37.53999999999999,-89.67999999999998
2022-10-17,3.05,3.461,3.947,-41.1,-89.70000000000002
2022-10-18,3.04,3.4754,3.956,-43.54,-91.6
2022-10-19,3.04,3.4969,4.0,-45.69000000000001,-96.0
2022-10-20,3.03,3.5809,4.042,-55.09000000000004,-101.2
2022-10-21,3.02,3.589,4.018,-56.89999999999999,-99.79999999999998
2022-10-24,3.01,3.631,4.046,-62.1,-103.60000000000004
2022-10-25,3.02,3.646,4.052,-62.59999999999999,-103.19999999999996
2022-10-26,3.03,3.653,4.046,-62.300000000000026,-101.60000000000004
2022-10-27,3.04,3.718,4.074,-67.8,-103.39999999999998
2022-10-28,3.05,3.738,4.094,-68.80000000000001,-104.40000000000003
2022-10-31,3.05,3.773,4.132,-72.30000000000003,-108.2
2022-11-01,3.05,3.8043,4.151,-75.43000000000002,-110.1
2022-11-02,3.05,3.807,4.164,-75.70000000000002,-111.4
2022-11-03,3.8,3.8053,4.194,-0.5300000000000082,-39.40000000000001
2022-11-04,3.8,3.7988,4.186,0.1199999999999867,-38.60000000000001
2022-11-07,3.78,3.7986,4.2094,-1.8600000000000172,-42.939999999999976
2022-11-08,3.78,3.7947,4.212,-1.470000000000038,-43.2
2022-11-09,3.78,3.793,4.249,-1.3000000000000345,-46.899999999999984
2022-11-10,3.78,3.7894,4.2114,-0.9400000000000296,-43.14000000000004
2022-11-11,,3.7899,4.2127,,
2022-11-14,3.79,3.812,4.2305,-2.1999999999999797,-44.05000000000001
2022-11-15,3.8,3.8774,4.2453,-7.740000000000036,-44.53000000000005
2022-11-16,3.81,3.8757,4.2638,-6.570000000000009,-45.379999999999974
2022-11-17,3.8,3.913,4.291,-11.3,-49.10000000000005
2022-11-18,3.8,3.929,4.312,-12.9,-51.200000000000045
2022-11-21,3.8,3.961,4.333,-16.1,-53.30000000000004
2022-11-22,3.8,4.027,4.377,-22.70000000000003,-57.7
2022-11-23,3.79,4.0796,4.4037,-28.960000000000008,-61.36999999999997
2022-11-24,,4.0552,4.3889,,
2022-11-25,3.8,4.066,4.39,-26.6,-58.999999999999986
2022-11-28,3.8,4.081,4.398,-28.10000000000006,-59.79999999999998
2022-11-29,3.81,4.1206,4.3994,-31.059999999999953,-58.93999999999999
2022-11-30,3.82,4.128,4.401,-30.800000000000026,-58.099999999999994
2022-12-01,3.82,4.17,4.422,-35.00000000000001,-60.19999999999999
2022-12-02,3.81,4.183,4.426,-37.299999999999976,-61.60000000000001
2022-12-05,3.81,4.2095,4.453,-39.95000000000002,-64.30000000000003
2022-12-06,3.8,4.2147,4.453,-41.469999999999985,-65.30000000000004
2022-12-07,3.8,4.227,4.456,-42.700000000000045,-65.60000000000005
2022-12-08,3.8,4.2736,4.4862,-47.36000000000003,-68.62000000000003
2022-12-09,3.8,4.2896,4.4985,-48.96000000000002,-69.85000000000001
2022-12-12,3.8,4.313,4.519,-51.29999999999999,-71.90000000000003
2022-12-13,3.8,4.3206,4.4956,-52.059999999999995,-69.55999999999997
2022-12-14,3.8,4.3201,4.489,-52.01000000000002,-68.9
2022-12-15,4.32,4.317,4.503,0.3000000000000113,-18.299999999999983
2022-12-16,4.32,4.3222,4.502,-0.2199999999999313,-18.19999999999995
2022-12-19,4.3,4.3226,4.5215,-2.260000000000062,-22.14999999999998
2022-12-20,4.3,4.3196,4.522,-1.9600000000000504,-22.20000000000004
2022-12-21,4.3,4.3159,4.516,-1.5900000000000247,-21.60000000000002
2022-12-22,4.3,4.3192,4.5423,-1.920000000000055,-24.230000000000015
2022-12-23,4.3,4.3222,4.5549,-2.2199999999999775,-25.490000000000013
2022-12-26,,4.3211,4.5561,,
2022-12-27,4.3,4.322,4.5709,-2.200000000000024,-27.090000000000018
2022-12-28,4.3,4.3204,4.5695,-2.040000000000042,-26.949999999999985
2022-12-29,4.3,4.3281,4.5819,-2.8100000000000236,-28.190000000000023
2022-12-30,4.3,4.358,4.594,-5.799999999999983,-29.40000000000005
2023-01-02,,4.3594,4.5932,,
2023-01-03,4.31,4.3644,4.6013,-5.440000000000023,-29.130000000000056
2023-01-04,4.3,4.3635,4.6053,-6.350000000000033,-30.52999999999999
2023-01-05,4.31,4.3998,4.645,-8.980000000000032,-33.5
2023-01-06,4.31,4.406,4.622,-9.600000000000009,-31.200000000000028
2023-01-09,4.31,4.425,4.616,-11.50000000000002,-30.600000000000005
2023-01-10,4.31,4.431,4.6282,-12.100000000000044,-31.820000000000004
2023-01-11,4.3,4.436,4.6353,-13.600000000000012,-33.530000000000015
2023-01-12,4.3,4.458,4.6217,-15.800000000000036,-32.16999999999999
2023-01-13,4.3,4.477,4.6272,-17.70000000000005,-32.72000000000004
2023-01-16,,4.4793,4.6319,,
2023-01-17,4.31,4.481,4.631,-17.100000000000026,-32.100000000000065
2023-01-18,4.3,4.4872,4.632,-18.71999999999998,-33.19999999999999
2023-01-19,4.31,4.509,4.651,-19.900000000000073,-34.10000000000002
2023-01-20,4.3,4.512,4.65,-21.199999999999974,-35.00000000000006
2023-01-23,4.3,4.5282,4.663,-22.820000000000014,-36.30000000000004
2023-01-24,4.3,4.5284,4.6593,-22.84000000000006,-35.93000000000002
2023-01-25,4.31,4.5292,4.6561,-21.920000000000073,-34.61000000000007
2023-01-26,4.3,4.5559,4.6727,-25.59000000000005,-37.27
2023-01-27,4.3,4.5577,4.67,-25.769999999999985,-37.000000000000014
2023-01-30,4.3,4.5664,4.6821,-26.639999999999997,-38.21000000000003
2023-01-31,4.31,4.5725,4.683,-26.250000000000018,-37.300000000000026
2023-02-01,4.31,4.569,4.68,-25.90000000000003,-37.000000000000014
2023-02-02,4.56,4.5661,4.6908,-0.6099999999999994,-13.08000000000007
2023-02-03,4.55,4.565,4.7097,-1.5000000000000568,-15.969999999999995
2023-02-06,4.55,4.5653,4.72,-1.529999999999987,-16.999999999999993
2023-02-07,4.55,4.5599,4.728,-0.990000000000002,-17.799999999999994
2023-02-08,4.55,4.5605,4.7314,-1.0500000000000398,-18.14
2023-02-09,4.55,4.5607,4.7578,-1.0699999999999932,-20.779999999999976
2023-02-10,4.55,4.562,4.7595,-1.2000000000000457,-20.950000000000024
2023-02-13,4.55,4.563,4.764,-1.29999999999999,-21.40000000000004
2023-02-14,4.55,4.5612,4.773,-1.1200000000000545,-22.299999999999983
2023-02-15,4.55,4.5608,4.7779,-1.0800000000000587,-22.79
2023-02-16,4.55,4.5587,4.8101,-0.8700000000000152,-26.010000000000044
2023-02-17,4.55,4.5562,4.818,-0.6199999999999761,-26.79999999999998
2023-02-20,,4.5524,4.8197,,
2023-02-21,4.55,4.5521,4.8398,-0.2100000000000434,-28.98000000000005
2023-02-22,4.55,4.575,4.855,-2.5000000000000355,-30.50000000000006
2023-02-23,4.55,4.6063,4.8869,-5.630000000000024,-33.69
2023-02-24,4.55,4.6377,4.8876,-8.769999999999989,-33.76000000000001
2023-02-27,4.55,4.6583,4.889,-10.829999999999984,-33.90000000000004
2023-02-28,4.55,4.6609,4.8906,-11.09,-34.060000000000024
2023-03-01,4.55,4.6679,4.9171,-11.790000000000056,-36.70999999999998
2023-03-02,4.55,4.695,4.926,-14.500000000000046,-37.60000000000004
2023-03-03,4.55,4.706,4.9399,-15.600000000000058,-38.989999999999995
2023-03-06,4.55,4.729,4.952,-17.900000000000027,-40.20000000000002
2023-03-07,4.55,4.7862,5.0543,-23.62000000000002,-50.42999999999998
2023-03-08,4.55,4.8114,5.103,-26.140000000000008,-55.3
2023-03-09,4.55,4.827,5.08,-27.700000000000017,-53.00000000000003
2023-03-10,4.55,4.786,4.9979,-23.599999999999977,-44.78999999999998
2023-03-13,4.55,4.6625,4.706,-11.249999999999982,-15.600000000000058
2023-03-14,4.55,4.732,4.856,-18.20000000000004,-30.600000000000005
2023-03-15,4.58,4.6752,4.7673,-9.520000000000016,-18.72999999999996
2023-03-16,4.57,4.7573,4.86,-18.72999999999996,-29.000000000000004
2023-03-17,4.55,4.7297,4.7681,-17.97000000000004,-21.809999999999977
2023-03-20,4.55,4.7561,4.8399,-20.610000000000017,-28.990000000000027
2023-03-21,4.55,4.779,4.8839,-22.90000000000001,-33.389999999999986
2023-03-22,4.55,4.8073,4.884,-25.729999999999983,-33.40000000000005
2023-03-23,4.8,4.7996,4.8543,0.0399999999999955,-5.430000000000046
2023-03-24,4.8,4.7936,4.8258,0.6400000000000183,-2.5800000000000267
2023-03-27,4.81,4.8163,4.9086,-0.6300000000000416,-9.860000000000024
2023-03-28,4.84,4.8198,4.891,2.0199999999999996,-5.100000000000016
2023-03-29,4.83,4.8045,4.891,2.550000000000008,-6.099999999999994
2023-03-30,4.82,4.8034,4.9073,1.6600000000000392,-8.729999999999993
2023-03-31,4.87,4.8067,4.9128,6.329999999999991,-4.279999999999973
2023-04-03,4.84,4.814,4.936,2.59999999999998,-9.600000000000009
2023-04-04,4.83,4.8274,4.902,0.2600000000000158,-7.200000000000006
2023-04-05,4.81,4.826,4.9041,-1.6000000000000014,-9.410000000000007
2023-04-06,4.81,4.832,4.9123,-2.200000000000024,-10.23000000000005
2023-04-07,,4.854,4.968,,
2023-04-10,4.81,4.8643,4.9815,-5.430000000000046,-17.15
2023-04-11,4.8,4.881,4.9827,-8.10000000000004,-18.270000000000053
2023-04-12,4.8,4.8775,4.9817,-7.750000000000057,-18.17000000000002
2023-04-13,4.8,4.8841,4.979,-8.410000000000029,-17.900000000000027
2023-04-14,4.8,4.9081,5.0233,-10.81000000000003,-22.330000000000005
2023-04-17,4.8,4.9254,5.0468,-12.539999999999996,-24.680000000000035
2023-04-18,4.8,4.9388,5.0473,-13.87999999999998,-24.730000000000008
2023-04-19,4.8,4.944,5.0585,-14.400000000000013,-25.850000000000065
2023-04-20,4.8,4.9562,5.0549,-15.620000000000012,-25.490000000000013
2023-04-21,4.8,4.9681,5.0636,-16.80999999999999,-26.360000000000028
2023-04-24,4.8,4.98,5.0744,-18.00000000000006,-27.44
2023-04-25,4.8,4.9728,5.0287,-17.28000000000005,-22.86999999999999
2023-04-26,4.8,4.9738,5.0385,-17.379999999999995,-23.850000000000016
2023-04-27,4.81,5.0148,5.0852,-20.480000000000057,-27.52000000000008
2023-04-28,4.81,5.0134,5.072,-20.340000000000025,-26.200000000000045
2023-05-01,4.81,5.047,5.1089,-23.70000000000001,-29.89000000000006
2023-05-02,4.81,5.0377,5.056,-22.77000000000005,-24.600000000000044
2023-05-03,4.81,5.0582,5.0838,-24.820000000000064,-27.38000000000005
2023-05-04,5.06,5.0467,5.0464,1.32999999999992,1.359999999999939
2023-05-05,5.06,5.048,5.0662,1.1999999999999569,-0.6200000000000649
2023-05-08,5.06,5.058,5.0894,0.1999999999999779,-2.940000000000076
2023-05-09,5.06,5.0581,5.1075,0.1900000000000012,-4.750000000000032
2023-05-10,5.06,5.0564,5.0778,0.3599999999999603,-1.780000000000026
2023-05-11,5.05,5.0555,5.0809,-0.5500000000000504,-3.0899999999999928
2023-05-12,5.05,5.0556,5.0912,-0.5600000000000271,-4.11999999999999
2023-05-15,5.06,5.064,5.1035,-0.4000000000000447,-4.350000000000076
2023-05-16,5.05,5.0742,5.1113,-2.4200000000000443,-6.130000000000013
2023-05-17,5.05,5.0743,5.13,-2.430000000000021,-8.000000000000007
2023-05-18,5.05,5.0893,5.163,-3.929999999999989,-11.300000000000043
2023-05-19,5.05,5.0855,5.1453,-3.5499999999999865,-9.529999999999994
2023-05-22,5.05,5.1007,5.1718,-5.069999999999997,-12.180000000000035
2023-05-23,5.05,5.104,5.183,-5.400000000000027,-13.3
2023-05-24,5.05,5.1238,5.2292,-7.380000000000031,-17.91999999999998
2023-05-25,5.06,5.1498,5.27,-8.980000000000032,-20.999999999999996
2023-05-26,5.06,5.1484,5.2752,-8.840000000000003,-21.520000000000028
2023-05-29,,5.1495,5.2674,,
2023-05-30,5.06,5.171,5.2861,-11.100000000000064,-22.610000000000063
2023-05-31,5.08,5.128,5.236,-4.800000000000004,-15.59999999999997
2023-06-01,5.08,5.134,5.222,-5.400000000000027,-14.200000000000037
2023-06-02,5.07,5.137,5.2414,-6.699999999999928,-17.139999999999933
2023-06-05,5.06,5.1291,5.232,-6.9100000000000605,-17.20000000000006
2023-06-06,5.05,5.1275,5.2252,-7.750000000000057,-17.520000000000024
2023-06-07,5.05,5.14,5.2404,-8.999999999999986,-19.040000000000035
2023-06-08,5.05,5.1356,5.2342,-8.560000000000034,-18.42000000000006
2023-06-09,5.05,5.1502,5.2534,-10.020000000000008,-20.340000000000025
2023-06-12,5.05,5.1408,5.2535,-9.079999999999975,-20.35
2023-06-13,5.05,5.0976,5.2074,-4.760000000000009,-15.739999999999998
2023-06-14,5.05,5.0732,5.1959,-2.320000000000011,-14.590000000000014
2023-06-15,5.06,5.075,5.2034,-1.5000000000000568,-14.340000000000064
2023-06-16,5.05,5.0742,5.2184,-2.4200000000000443,-16.84000000000001
2023-06-19,,5.081,5.2218,,
2023-06-20,5.05,5.0852,5.227,-3.5200000000000564,-17.70000000000005
2023-06-21,5.05,5.089,5.2292,-3.900000000000059,-17.91999999999998
2023-06-22,5.05,5.082,5.2354,-3.200000000000003,-18.540000000000045
2023-06-23,5.05,5.0796,5.232,-2.9600000000000293,-18.20000000000004
2023-06-26,5.05,5.0866,5.2371,-3.6599999999999966,-18.710000000000004
2023-06-27,5.05,5.0991,5.237,-4.910000000000014,-18.700000000000028
2023-06-28,5.06,5.0933,5.2343,-3.330000000000055,-17.430000000000057
2023-06-29,5.06,5.116,5.263,-5.600000000000005,-20.30000000000003
2023-06-30,5.09,5.143,5.266,-5.299999999999994,-17.600000000000016
2023-07-03,5.06,5.144,5.273,-8.400000000000052,-21.300000000000008
2023-07-04,,5.145,5.27,,
2023-07-05,5.06,5.143,5.275,-8.300000000000018,-21.500000000000075
2023-07-06,5.06,5.169,5.292,-10.9,-23.20000000000002
2023-07-07,5.06,5.178,5.295,-11.800000000000033,-23.500000000000032
2023-07-10,5.06,5.195,5.3,-13.500000000000068,-24.00000000000002
2023-07-11,5.06,5.198,5.304,-13.80000000000008,-24.400000000000063
2023-07-12,5.05,5.2,5.308,-15.000000000000036,-25.8
2023-07-13,5.06,5.22,5.305,-16.000000000000014,-24.50000000000001
2023-07-14,5.05,5.235,5.319,-18.50000000000005,-26.900000000000013
2023-07-17,5.06,5.251,5.325,-19.100000000000072,-26.500000000000057
2023-07-18,5.06,5.258,5.33,-19.80000000000004,-27.00000000000005
2023-07-19,5.05,5.263,5.335,-21.300000000000008,-28.500000000000018
2023-07-20,5.06,5.284,5.345,-22.40000000000002,-28.500000000000018
2023-07-21,5.05,5.295,5.347,-24.50000000000001,-29.70000000000006
2023-07-24,5.05,5.308,5.356,-25.8,-30.600000000000005
2023-07-25,5.06,5.316,5.361,-25.600000000000023,-30.100000000000016
2023-07-26,5.06,5.316,5.37,-25.600000000000023,-31.00000000000005
2023-07-27,5.31,5.316,5.368,-0.6000000000000227,-5.800000000000072
2023-07-28,5.3,5.315,5.365,-1.5000000000000568,-6.500000000000039
2023-07-31,5.31,5.316,5.364,-0.6000000000000227,-5.400000000000027
2023-08-01,5.31,5.316,5.364,-0.6000000000000227,-5.400000000000027
2023-08-02,5.3,5.316,5.369,-1.6000000000000014,-6.899999999999995
2023-08-03,5.3,5.314,5.369,-1.4000000000000234,-6.899999999999995
2023-08-04,5.3,5.313,5.361,-1.29999999999999,-6.099999999999994
2023-08-07,5.3,5.311,5.365,-1.100000000000012,-6.500000000000039
2023-08-08,5.3,5.311,5.365,-1.100000000000012,-6.500000000000039
2023-08-09,5.3,5.311,5.369,-1.100000000000012,-6.899999999999995
2023-08-10,5.3,5.31355,5.366,-1.3550000000000395,-6.599999999999984
2023-08-11,5.3,5.31105,5.37,-1.1050000000000004,-7.000000000000028
2023-08-14,5.3,5.31025,5.374,-1.0250000000000092,-7.399999999999984
2023-08-15,5.3,5.31085,5.372,-1.085000000000047,-7.200000000000006
2023-08-16,5.3,5.31105,5.38,-1.1050000000000004,-8.000000000000007
2023-08-17,5.3,5.31005,5.378,-1.0050000000000558,-7.800000000000029
2023-08-18,5.3,5.314,5.375,-1.4000000000000234,-7.500000000000018
2023-08-21,5.3,5.31605,5.385,-1.6049999999999898,-8.499999999999996
2023-08-22,5.3,5.31675,5.389,-1.6750000000000045,-8.900000000000041
2023-08-23,5.3,5.31675,5.388,-1.6750000000000045,-8.800000000000008
2023-08-24,5.3,5.32605,5.405,-2.6050000000000573,-10.500000000000044
2023-08-25,5.3,5.33045,5.416,-3.045000000000009,-11.600000000000056
2023-08-28,5.3,5.33005,5.423,-3.005000000000013,-12.300000000000022
2023-08-29,5.3,5.32565,5.4,-2.5650000000000617,-10.000000000000052
2023-08-30,5.3,5.32495,5.398,-2.495000000000047,-9.799999999999986
2023-08-31,5.31,5.32965,5.399,-1.965000000000039,-8.900000000000041
2023-09-01,5.31,5.32385,5.388,-1.3850000000000584,-7.800000000000029
2023-09-04,,5.32405,5.385,,
2023-09-05,5.31,5.32805,5.4,-1.8050000000000568,-9.000000000000075
2023-09-06,5.3,5.32905,5.402,-2.90499999999998,-10.200000000000031
2023-09-07,5.31,5.32705,5.402,-1.7050000000000232,-9.200000000000053
2023-09-08,5.3,5.32655,5.406,-2.6550000000000296,-10.599999999999987
2023-09-11,5.3,5.33105,5.404,-3.1050000000000466,-10.40000000000001
2023-09-12,5.3,5.33205,5.406,-3.204999999999991,-10.599999999999987
2023-09-13,5.3,5.32505,5.398,-2.505000000000024,-9.799999999999986
2023-09-14,5.3,5.32505,5.396,-2.505000000000024,-9.600000000000009
2023-09-15,5.31,5.32405,5.391,-1.4050000000000118,-8.10000000000004
2023-09-18,5.31,5.32305,5.394,-1.3050000000000672,-8.400000000000052
2023-09-19,5.31,5.32305,5.393,-1.3050000000000672,-8.300000000000018
2023-09-20,5.3,5.31605,5.393,-1.6049999999999898,-9.299999999999995
2023-09-21,5.3,5.31705,5.396,-1.7050000000000232,-9.600000000000009
2023-09-22,5.3,5.31805,5.385,-1.8050000000000568,-8.499999999999996
2023-09-25,5.31,5.31805,5.383,-0.8050000000000779,-7.30000000000004
2023-09-26,5.31,5.31905,5.384,-0.9050000000000225,-7.400000000000073
2023-09-27,5.32,5.31715,5.393,0.2850000000000463,-7.299999999999951
2023-09-28,5.31,5.31675,5.39,-0.6750000000000256,-8.000000000000007
2023-09-29,5.31,5.32605,5.39,-1.6050000000000786,-8.000000000000007
2023-10-02,5.32,5.32825,5.41,-0.8249999999999424,-8.999999999999986
2023-10-03,5.33,5.32875,5.414,0.1249999999999751,-8.399999999999963
2023-10-04,5.32,5.32935,5.405,-0.9349999999999524,-8.499999999999996
2023-10-05,5.32,5.33505,5.401,-1.5049999999999564,-8.099999999999952
2023-10-06,5.31,5.34705,5.42,-3.70500000000007,-11.000000000000032
2023-10-09,,5.33025,5.405,,
2023-10-10,5.31,5.33235,5.391,-2.2350000000000314,-8.10000000000004
2023-10-11,5.31,5.32755,5.386,-1.7549999999999957,-7.600000000000051
2023-10-12,5.31,5.33435,5.398,-2.4350000000000094,-8.800000000000008
2023-10-13,5.31,5.33025,5.39,-2.0250000000000767,-8.000000000000007
2023-10-16,5.31,5.33305,5.394,-2.305000000000046,-8.400000000000052
2023-10-17,5.31,5.33785,5.411,-2.785000000000082,-10.099999999999998
2023-10-18,5.3,5.32905,5.401,-2.90499999999998,-10.099999999999998
2023-10-19,5.3,5.32525,5.383,-2.5249999999999773,-8.300000000000018
2023-10-20,5.3,5.32305,5.373,-2.305000000000046,-7.30000000000004
2023-10-23,5.3,5.32505,5.379,-2.505000000000024,-7.899999999999974
2023-10-24,5.3,5.32345,5.383,-2.3450000000000415,-8.300000000000018
2023-10-25,5.3,5.32605,5.386,-2.6050000000000573,-8.60000000000003
2023-10-26,5.31,5.32305,5.377,-1.3050000000000672,-6.700000000000017
2023-10-27,5.31,5.31905,5.373,-0.9050000000000225,-6.300000000000061
2023-10-30,5.31,5.31905,5.381,-0.9050000000000225,-7.100000000000062
2023-10-31,5.35,5.32205,5.388,2.7949999999999697,-3.8000000000000256
2023-11-01,5.32,5.32345,5.381,-0.3449999999999953,-6.099999999999994
2023-11-02,5.33,5.32045,5.382,0.9549999999999949,-5.19999999999996
2023-11-03,5.32,5.32045,5.363,-0.0449999999999839,-4.300000000000015
2023-11-06,5.32,5.32045,5.365,-0.0449999999999839,-4.499999999999993
2023-11-07,5.32,5.31915,5.365,0.0850000000000683,-4.499999999999993
2023-11-08,5.32,5.31905,5.371,0.095000000000045,-5.100000000000016
2023-11-09,5.32,5.32005,5.382,-0.0049999999999883,-6.199999999999939
2023-11-10,5.32,5.32005,5.38,-0.0049999999999883,-5.999999999999961
2023-11-13,5.32,5.32315,5.388,-0.3149999999999764,-6.799999999999962
2023-11-14,5.32,5.32505,5.36,-0.5049999999999777,-4.0000000000000036
2023-11-15,5.32,5.32505,5.369,-0.5049999999999777,-4.899999999999949
2023-11-16,5.32,5.32995,5.367,-0.9949999999999904,-4.699999999999971
2023-11-17,5.32,5.33115,5.372,-1.1149999999999771,-5.19999999999996
2023-11-20,5.31,5.3325,5.3758,-2.2499999999999964,-6.58000000000003
2023-11-21,5.31,5.33805,5.37755,-2.8050000000000352,-6.7550000000000665
2023-11-22,5.31,5.342,5.386,-3.200000000000003,-7.600000000000051
2023-11-23,,5.3416,5.38625,,
2023-11-24,5.32,5.3435,5.3895,-2.349999999999941,-6.949999999999967
2023-11-27,5.32,5.3415,5.3855,-2.149999999999963,-6.550000000000011
2023-11-28,5.32,5.33775,5.3746,-1.7749999999999488,-5.459999999999976
2023-11-29,5.31,5.3435,5.3715,-3.3500000000000085,-6.150000000000055
2023-11-30,5.33,5.3464,5.3728,-1.639999999999997,-4.279999999999973
2023-12-01,5.39,5.34305,5.35975,4.6949999999999825,3.0249999999999666
2023-12-04,5.37,5.36305,5.3804,0.694999999999979,-1.0399999999999745
2023-12-05,5.33,5.3654,5.37935,-3.54000000000001,-4.934999999999956
2023-12-06,5.32,5.35305,5.3705,-3.304999999999936,-5.0499999999999545
2023-12-07,5.32,5.355,5.3672,-3.500000000000014,-4.720000000000013
2023-12-08,5.32,5.35905,5.376,-3.9049999999999585,-5.600000000000005
2023-12-11,5.32,5.3643,5.3862,-4.429999999999978,-6.619999999999937
2023-12-12,5.31,5.36205,5.3828,-5.205000000000037,-7.279999999999998
2023-12-13,5.31,5.3557,5.371,-4.570000000000007,-6.100000000000083
2023-12-14,5.31,5.35805,5.3655,-4.805000000000081,-5.550000000000033
2023-12-15,5.32,5.35805,5.37105,-3.805000000000014,-5.105000000000004
2023-12-18,5.32,5.3565,5.3729,-3.649999999999931,-5.289999999999928
2023-12-19,5.31,5.35705,5.3725,-4.705000000000048,-6.25
2023-12-20,5.31,5.357,5.367,-4.70000000000006,-5.700000000000038
2023-12-21,5.31,5.35805,5.3525,-4.805000000000081,-4.250000000000043
2023-12-22,5.32,5.3585,5.3454,-3.849999999999998,-2.5399999999999423
2023-12-25,,5.3585,5.3475,,
2023-12-26,5.35,5.35705,5.34405,-0.7050000000000445,0.5949999999999456
2023-12-27,5.39,5.359,5.34005,3.0999999999999694,4.994999999999994
2023-12-28,5.4,5.3525,5.33215,4.750000000000032,6.784999999999997
2023-12-29,5.38,5.3512,5.3264,2.8799999999999493,5.360000000000031
2024-01-01,,5.3465,5.3245,,
2024-01-02,5.4,5.3451,5.3323,5.489999999999995,6.7700000000000315
2024-01-03,5.39,5.34575,5.33465,4.42499999999999,5.534999999999979
2024-01-04,5.32,5.339,5.327,-1.9000000000000128,-0.6999999999999673
2024-01-05,5.31,5.3375,5.32455,-2.7500000000000746,-1.455000000000073
2024-01-08,5.31,5.3425,5.3277,-3.250000000000064,-1.770000000000049
2024-01-09,5.31,5.3345,5.325,-2.4500000000000632,-1.5000000000000568
2024-01-10,5.31,5.33305,5.32095,-2.305000000000046,-1.0950000000000235
2024-01-11,5.31,5.3335,5.3112,-2.35000000000003,-0.1200000000000756
2024-01-12,5.31,5.33205,5.29805,-2.2050000000000125,1.1949999999999683
2024-01-15,,5.3321,5.30575,,
2024-01-16,5.32,5.3345,5.311,-1.4499999999999955,0.9000000000000341
2024-01-17,5.32,5.3355,5.3192,-1.5499999999999403,0.0799999999999911
2024-01-18,5.31,5.3325,5.3157,-2.2499999999999964,-0.5700000000000038
2024-01-19,5.31,5.3305,5.3209,-2.0500000000000185,-1.0900000000000354
2024-01-22,5.31,5.333,5.3247,-2.3000000000000576,-1.470000000000038
2024-01-23,5.31,5.3344,5.3182,-2.4399999999999977,-0.8200000000000429
2024-01-24,5.31,5.3335,5.3262,-2.35000000000003,-1.6200000000000436
2024-01-25,5.32,5.3335,5.3118,-1.3499999999999623,0.8200000000000429
2024-01-26,5.32,5.3285,5.3098,-0.849999999999973,1.020000000000021
2024-01-29,5.31,5.3256,5.3071,-1.5600000000000058,0.2899999999999458
2024-01-30,5.31,5.3265,5.3116,-1.6500000000000623,-0.1600000000000712
2024-01-31,5.32,5.32665,5.31245,-0.6649999999999601,0.7550000000000168
2024-02-01,5.32,5.321,5.2939,-0.0999999999999445,2.6100000000000456
2024-02-02,5.32,5.32205,5.3165,-0.2049999999999663,0.3500000000000725
2024-02-05,5.31,5.32405,5.3272,-1.4050000000000118,-1.720000000000077
2024-02-06,5.31,5.32,5.3163,-1.0000000000000675,-0.6300000000000416
2024-02-07,5.31,5.32,5.31475,-1.0000000000000675,-0.4750000000000476
2024-02-08,5.31,5.3205,5.31,-1.0500000000000398,0.0
2024-02-09,5.31,5.32,5.3116,-1.0000000000000675,-0.1600000000000712
2024-02-12,5.31,5.321,5.3107,-1.100000000000012,-0.0700000000000145
2024-02-13,5.31,5.321,5.3284,-1.100000000000012,-1.840000000000064
2024-02-14,5.3,5.322,5.323,-2.200000000000024,-2.3000000000000576
2024-02-15,5.31,5.3155,5.3171,-0.5500000000000504,-0.7100000000000328
2024-02-16,5.3,5.3175,5.3251,-1.750000000000007,-2.510000000000012
2024-02-19,,5.3175,5.32535,,
2024-02-20,5.3,5.31745,5.3233,-1.7450000000000188,-2.3299999999999876
2024-02-21,5.3,5.318,5.3268,-1.7999999999999794,-2.68000000000006
2024-02-22,5.3,5.318,5.3298,-1.7999999999999794,-2.9799999999999827
2024-02-23,5.31,5.321,5.3353,-1.100000000000012,-2.5300000000000544
2024-02-26,5.31,5.322,5.343,-1.2000000000000457,-3.300000000000036
2024-02-27,5.31,5.3245,5.3419,-1.4499999999999955,-3.190000000000026
2024-02-28,5.31,5.3221,5.3347,-1.2100000000000222,-2.4700000000000166
2024-02-29,5.32,5.3238,5.3325,-0.3800000000000025,-1.249999999999929
2024-03-01,5.31,5.3205,5.3199,-1.0500000000000398,-0.990000000000002
2024-03-04,5.31,5.32205,5.3308,-1.2050000000000338,-2.080000000000038
2024-03-05,5.31,5.3215,5.3254,-1.1500000000000732,-1.5400000000000524
2024-03-06,5.31,5.3188,5.3245,-0.8800000000000807,-1.4499999999999955
2024-03-07,5.31,5.31825,5.3171,-0.8250000000000313,-0.7100000000000328
2024-03-08,5.31,5.3215,5.31955,-1.1500000000000732,-0.9549999999999949
2024-03-11,5.31,5.3275,5.3286,-1.750000000000007,-1.8600000000000172
2024-03-12,5.31,5.3266,5.3352,-1.6600000000000392,-2.5200000000000777
2024-03-13,5.31,5.3265,5.33215,-1.6500000000000623,-2.215000000000078
2024-03-14,5.31,5.3275,5.3345,-1.750000000000007,-2.4500000000000632
2024-03-15,5.31,5.3278,5.3338,-1.780000000000026,-2.3800000000000487
2024-03-18,5.31,5.3295,5.3343,-1.950000000000074,-2.430000000000021
2024-03-19,5.31,5.3295,5.3307,-1.950000000000074,-2.0700000000000607
2024-03-20,5.31,5.33,5.3151,-2.000000000000046,-0.5100000000000549
2024-03-21,5.31,5.3305,5.3163,-2.0500000000000185,-0.6300000000000416
2024-03-22,5.31,5.3315,5.3075,-2.150000000000052,0.2499999999999502
2024-03-25,5.31,5.3325,5.3146,-2.2499999999999964,-0.4600000000000825
2024-03-26,5.32,5.3295,5.3068,-0.9500000000000064,1.3200000000000325
2024-03-27,5.33,5.3285,5.3051,0.1500000000000056,2.48999999999997
2024-03-28,5.34,5.322,5.3067,1.7999999999999794,3.3299999999999663
2024-03-29,,5.322,5.304,,
2024-04-01,5.35,5.326,5.31205,2.400000000000002,3.794999999999949
2024-04-02,5.34,5.3235,5.30505,1.6499999999999737,3.495000000000026
2024-04-03,5.32,5.324,5.30615,-0.3999999999999559,1.3850000000000584
2024-04-04,5.32,5.3174,5.2837,0.2600000000000158,3.6300000000000665
2024-04-05,5.32,5.31945,5.30725,0.0550000000000494,1.2750000000000483
2024-04-08,5.31,5.3215,5.3112,-1.1500000000000732,-0.1200000000000756
2024-04-09,5.31,5.319,5.302,-0.9000000000000341,0.8000000000000007
2024-04-10,5.31,5.3215,5.336,-1.1500000000000732,-2.600000000000069
2024-04-11,5.31,5.3194,5.32645,-0.9400000000000296,-1.6450000000000742
2024-04-12,5.31,5.317,5.31925,-0.7000000000000561,-0.9250000000000648
2024-04-15,5.32,5.317,5.3222,0.3000000000000113,-0.2199999999999313
2024-04-16,5.31,5.319,5.33,-0.9000000000000341,-2.000000000000046
2024-04-17,5.31,5.318,5.326,-0.8000000000000007,-1.6000000000000014
2024-04-18,5.3,5.3175,5.3265,-1.750000000000007,-2.650000000000041
2024-04-19,5.31,5.315,5.323,-0.5000000000000782,-1.3000000000000789
2024-04-22,5.31,5.3155,5.3253,-0.5500000000000504,-1.5300000000000755
2024-04-23,5.31,5.31945,5.3243,-0.945000000000018,-1.4300000000000423
2024-04-24,5.31,5.3185,5.3232,-0.8500000000000618,-1.3200000000000325
2024-04-25,5.31,5.31505,5.3308,-0.5050000000000665,-2.080000000000038
2024-04-26,5.32,5.315,5.3308,0.4999999999999893,-1.07999999999997
2024-04-29,5.32,5.3175,5.3305,0.2500000000000391,-1.049999999999951
2024-04-30,5.34,5.322,5.3375,1.7999999999999794,0.2499999999999502
2024-05-01,5.32,5.324,5.3366,-0.3999999999999559,-1.6599999999999504
2024-05-02,5.31,5.3225,5.3275,-1.2500000000000178,-1.750000000000007
2024-05-03,5.31,5.321,5.3235,-1.100000000000012,-1.3500000000000512
2024-05-06,5.31,5.3215,5.3262,-1.1500000000000732,-1.6200000000000436
2024-05-07,5.31,5.3215,5.3275,-1.1500000000000732,-1.750000000000007
2024-05-08,5.31,5.3215,5.32525,-1.1500000000000732,-1.5249999999999986
2024-05-09,5.31,5.32005,5.32265,-1.0050000000000558,-1.2650000000000716
2024-05-10,5.31,5.31905,5.32585,-0.9050000000000225,-1.5850000000000364
2024-05-13,5.31,5.32105,5.3306,-1.1050000000000004,-2.059999999999995
2024-05-14,5.31,5.3211,5.3284,-1.1100000000000776,-1.840000000000064
2024-05-15,5.31,5.3211,5.32595,-1.1100000000000776,-1.595000000000013
2024-05-16,5.31,5.32055,5.326,-1.055000000000028,-1.6000000000000014
2024-05-17,5.31,5.319,5.3281,-0.9000000000000341,-1.810000000000045
2024-05-20,5.31,5.31985,5.3305,-0.9850000000000136,-2.0500000000000185
2024-05-21,5.31,5.3205,5.33245,-1.0500000000000398,-2.245000000000008
2024-05-22,5.31,5.3225,5.3378,-1.2500000000000178,-2.7800000000000047
2024-05-23,5.31,5.325,5.3435,-1.5000000000000568,-3.3500000000000085
2024-05-24,5.32,5.325,5.3449,-0.4999999999999893,-2.48999999999997
2024-05-27,,5.32535,5.34505,,
2024-05-28,5.32,5.3275,5.3478,-0.7499999999999396,-2.7800000000000047
2024-05-29,5.33,5.3275,5.3457,0.2500000000000391,-1.5699999999999823
2024-05-30,5.33,5.3295,5.3428,0.0499999999999722,-1.2800000000000369
2024-05-31,5.34,5.3275,5.3406,1.2500000000000178,-0.0600000000000378
2024-06-03,5.35,5.325,5.34015,2.4999999999999467,0.9849999999999248
2024-06-04,5.33,5.33025,5.3375,-0.0250000000000305,-0.7500000000000284
2024-06-05,5.33,5.3283,5.3355,0.1700000000000479,-0.5499999999999616
2024-06-06,5.33,5.3265,5.33035,0.3499999999999836,-0.0350000000000072
2024-06-07,5.33,5.3315,5.3465,-0.1500000000000056,-1.6499999999999737
2024-06-10,5.32,5.3295,5.3465,-0.9500000000000064,-2.6499999999999524
2024-06-11,5.32,5.3315,5.3465,-1.1499999999999844,-2.6499999999999524
2024-06-12,5.31,5.33205,5.348,-2.2050000000000125,-3.8000000000000256
2024-06-13,5.31,5.3325,5.34305,-2.2499999999999964,-3.3050000000000246
2024-06-14,5.31,5.33805,5.3455,-2.8050000000000352,-3.5500000000000753
2024-06-17,5.33,5.343,5.353,-1.29999999999999,-2.2999999999999687
2024-06-18,5.33,5.3435,5.3467,-1.3499999999999623,-1.670000000000016
2024-06-19,,5.347,5.34605,,
2024-06-20,5.32,5.3455,5.3464,-2.550000000000008,-2.6399999999999757
2024-06-21,5.31,5.345,5.3413,-3.500000000000014,-3.130000000000077
2024-06-24,5.31,5.3445,5.3393,-3.450000000000042,-2.9300000000000104
2024-06-25,5.33,5.3455,5.3375,-1.5500000000000291,-0.7500000000000284
2024-06-26,5.34,5.3435,5.3337,-0.3499999999999836,0.6299999999999528
2024-06-27,5.34,5.3375,5.3249,0.2499999999999502,1.5099999999999447
2024-06-28,5.33,5.335,5.3245,-0.4999999999999893,0.5500000000000504
2024-07-01,5.4,5.3345,5.3228,6.550000000000011,7.720000000000038
2024-07-02,5.35,5.33305,5.3156,1.6949999999999577,3.4399999999999764
2024-07-03,5.33,5.33,5.3068,0.0,2.320000000000011
2024-07-04,,5.32895,5.3079,,
2024-07-05,5.32,5.3274,5.3029,-0.7399999999999629,1.7100000000000115
2024-07-08,5.32,5.32605,5.3044,-0.6050000000000111,1.5600000000000058
2024-07-09,5.34,5.3285,5.3088,1.1499999999999844,3.1200000000000117
2024-07-10,5.34,5.329,5.3043,1.100000000000012,3.5700000000000287
2024-07-11,5.34,5.327,5.284,1.29999999999999,5.600000000000005
2024-07-12,5.34,5.332,5.2885,0.8000000000000007,5.149999999999988
2024-07-15,5.34,5.3391,5.2821,0.0899999999999678,5.790000000000006
2024-07-16,5.35,5.34075,5.2807,0.9249999999999758,6.929999999999925
2024-07-17,5.35,5.347,5.2895,0.2999999999999225,6.049999999999933
2024-07-18,5.34,5.3465,5.2856,-0.649999999999995,5.440000000000023
2024-07-19,5.34,5.345,5.2829,-0.4999999999999893,5.710000000000015
2024-07-22,5.33,5.348,5.2857,-1.7999999999999794,4.429999999999978
2024-07-23,5.34,5.3475,5.2816,-0.7500000000000284,5.8399999999999785
2024-07-24,5.34,5.34525,5.2667,-0.5250000000000199,7.32999999999997
2024-07-25,5.35,5.3438,5.2604,0.6199999999999761,8.95999999999999
2024-07-26,5.35,5.34175,5.2499,0.8249999999999424,10.00999999999994
2024-07-29,5.33,5.3399,5.2496,-0.990000000000002,8.040000000000003
2024-07-30,5.33,5.34165,5.2441,-1.1649999999999494,8.589999999999964
2024-07-31,5.38,5.35,5.2447,3.000000000000025,13.529999999999998
2024-08-01,5.35,5.34,5.2092,0.9999999999999788,14.07999999999996
2024-08-02,5.35,5.3275,5.13175,2.2499999999999964,21.82499999999994
2024-08-05,5.32,5.3095,5.09935,1.0500000000000398,22.065
2024-08-06,5.33,5.329,5.1315,0.1000000000000334,19.850000000000012
2024-08-07,5.33,5.328,5.1072,0.1999999999999779,22.280000000000033
2024-08-08,5.34,5.34,5.1261,0.0,21.389999999999976
2024-08-09,5.34,5.3385,5.1311,0.1500000000000056,20.889999999999983
2024-08-12,5.34,5.337,5.1245,0.3000000000000113,21.54999999999996
2024-08-13,5.34,5.34,5.1114,0.0,22.860000000000017
2024-08-14,5.33,5.343,5.1255,-1.29999999999999,20.450000000000035
2024-08-15,5.35,5.344,5.1346,0.5999999999999339,21.53999999999998
2024-08-16,5.32,5.333,5.1278,-1.29999999999999,19.22000000000006
2024-08-19,5.32,5.3115,5.13045,0.8500000000000618,18.955000000000055
2024-08-20,5.32,5.3076,5.1062,1.240000000000041,21.38
2024-08-21,5.31,5.3072,5.0764,0.2799999999999691,23.360000000000003
2024-08-22,5.31,5.2837,5.095,2.629999999999999,21.499999999999982
2024-08-23,5.33,5.2709,5.0656,5.909999999999993,26.44000000000002
2024-08-26,5.34,5.25135,5.0666,8.864999999999945,27.339999999999964
2024-08-27,5.35,5.2471,5.0552,10.29,29.47999999999995
2024-08-28,5.35,5.2386,5.0444,11.139999999999972,30.55999999999992
2024-08-29,5.33,5.2073,5.0274,12.270000000000003,30.26
2024-08-30,5.32,5.1938,5.0181,12.619999999999989,30.190000000000072
2024-09-02,,5.1947,5.02175,,
2024-09-03,5.34,5.1671,4.9994,17.290000000000028,34.060000000000024
2024-09-04,5.35,5.149,4.964,20.09999999999996,38.59999999999992
2024-09-05,5.35,5.1213,4.9465,22.86999999999999,40.34999999999993
2024-09-06,5.34,5.1334,4.9603,20.65999999999999,37.96999999999997
2024-09-09,5.34,5.1246,4.9515,21.53999999999998,38.849999999999966
2024-09-10,5.33,5.1043,4.937,22.56999999999998,39.29999999999998
2024-09-11,5.32,5.1281,4.9804,19.19000000000004,33.959999999999994
2024-09-12,5.33,5.0639,4.9109,26.609999999999975,41.910000000000025
2024-09-13,5.33,5.0216,4.8679,30.83999999999998,46.21000000000003
2024-09-16,5.38,4.9713,4.822,40.86999999999996,55.79999999999998
2024-09-17,5.38,4.9632,4.8195,41.68000000000003,56.050000000000026
2024-09-18,5.33,4.86125,4.7269,46.875,60.310000000000045
2024-09-19,4.82,4.8595,4.6899,-3.9499999999999424,13.010000000000057
2024-09-20,4.83,4.857,4.669,-2.7000000000000135,16.100000000000048
2024-09-23,4.83,4.8565,4.6551,-2.6499999999999524,17.490000000000006
2024-09-24,4.84,4.8565,4.63745,-1.6499999999999737,20.254999999999956
2024-09-25,4.84,4.849,4.6256,-0.9000000000000341,21.439999999999948
2024-09-26,4.83,4.848,4.6128,-1.7999999999999794,21.72000000000001
2024-09-27,4.84,4.847,4.5932,-0.7000000000000561,24.679999999999943
2024-09-30,4.96,4.8565,4.6263,10.350000000000035,33.37000000000003
2024-10-01,5.05,4.858,4.6149,19.200000000000017,43.510000000000026
2024-10-02,4.92,4.8525,4.6035,6.749999999999989,31.649999999999956
2024-10-03,4.85,4.846,4.5934,0.3999999999999559,25.65999999999997
2024-10-04,4.83,4.8455,4.652,-1.5500000000000291,17.799999999999994
2024-10-07,4.83,4.82805,4.6799,0.1949999999999896,15.010000000000012
2024-10-08,4.84,4.8275,4.6701,1.2500000000000178,16.990000000000016
2024-10-09,4.83,4.8272,4.6769,0.2799999999999691,15.310000000000024
2024-10-10,4.82,4.8031,4.6532,1.690000000000058,16.680000000000028
2024-10-11,4.81,4.78425,4.6446,2.5749999999999496,16.54
2024-10-14,,4.78855,4.6567,,
2024-10-15,4.86,4.7791,4.6334,8.090000000000064,22.660000000000036
2024-10-16,4.86,4.7826,4.6298,7.739999999999991,23.019999999999996
2024-10-17,4.85,4.76745,4.6418,8.254999999999946,20.819999999999972
2024-10-18,4.84,4.7562,4.6265,8.38000000000001,21.34999999999998
2024-10-21,4.82,4.75015,4.6419,6.985000000000063,17.81000000000006
2024-10-22,4.83,4.7414,4.6289,8.860000000000046,20.110000000000028
2024-10-23,4.83,4.7428,4.6286,8.720000000000017,20.140000000000047
2024-10-24,4.83,4.7115,4.6066,11.850000000000003,22.339999999999986
2024-10-25,4.83,4.6997,4.5933,13.030000000000008,23.66999999999999
2024-10-28,4.82,4.6929,4.5923,12.710000000000043,22.77000000000005
2024-10-29,4.82,4.6841,4.5794,13.590000000000035,24.06000000000006
2024-10-30,4.81,4.6748,4.5715,13.519999999999932,23.849999999999927
2024-10-31,4.9,4.6537,4.5522,24.630000000000063,34.78000000000003
2024-11-01,4.86,4.6416,4.5382,21.839999999999993,32.18000000000005
2024-11-04,4.82,4.6269,4.5285,19.310000000000027,29.15000000000001
2024-11-05,4.82,4.6218,4.5284,19.819999999999993,29.159999999999982
2024-11-06,4.81,4.6041,4.5221,20.589999999999975,28.78999999999996
2024-11-07,4.82,4.6005,4.5139,21.950000000000003,30.61000000000007
2024-11-08,4.6,4.603,4.5236,-0.3000000000000113,7.639999999999958
2024-11-11,,4.602,4.5251,,
2024-11-12,4.6,4.6045,4.5287,-0.450000000000017,7.129999999999992
2024-11-13,4.59,4.6065,4.4855,-1.6499999999999737,10.449999999999982
2024-11-14,4.58,4.6035,4.5257,-2.35000000000003,5.430000000000046
2024-11-15,4.57,4.6015,4.5182,-3.1499999999999417,5.180000000000007
2024-11-18,4.57,4.6005,4.5208,-3.049999999999997,4.919999999999991
2024-11-19,4.57,4.5883,4.5206,-1.8299999999999983,4.940000000000033
2024-11-20,4.56,4.588,4.5266,-2.800000000000047,3.339999999999943
2024-11-21,4.57,4.5798,4.5236,-0.9799999999999364,4.640000000000022
2024-11-22,4.57,4.5784,4.5215,-0.8399999999999963,4.850000000000065
2024-11-25,4.58,4.5726,4.5171,0.7399999999999629,6.289999999999996
2024-11-26,4.58,4.5531,4.4889,2.690000000000037,9.109999999999996
2024-11-27,4.57,4.5398,4.4682,3.020000000000067,10.179999999999987
2024-11-28,,4.5444,4.4743,,
2024-11-29,4.59,4.538,4.465,5.19999999999996,12.5
2024-12-02,4.64,4.5419,4.4767,9.809999999999963,16.329999999999956
2024-12-03,4.64,4.5207,4.4466,11.929999999999996,19.339999999999957
2024-12-04,4.59,4.5082,4.4362,8.179999999999943,15.37999999999995
2024-12-05,4.59,4.4923,4.4279,9.769999999999968,16.20999999999997
2024-12-06,4.6,4.467,4.3918,13.3,20.819999999999972
2024-12-09,4.63,4.4582,4.397,17.180000000000017,23.299999999999965
2024-12-10,4.64,4.4589,4.3995,18.10999999999998,24.049999999999994
2024-12-11,4.62,4.4282,4.3685,19.179999999999975,25.15000000000001
2024-12-12,4.62,4.3998,4.3533,22.020000000000017,26.670000000000016
2024-12-13,4.6,4.3934,4.3587,20.65999999999999,24.129999999999985
2024-12-16,4.65,4.3867,4.3589,26.33000000000001,29.110000000000017
2024-12-17,4.62,4.3811,4.3582,23.89000000000001,26.180000000000003
2024-12-18,4.57,4.3564,4.3437,21.36000000000005,22.630000000000017
2024-12-19,4.3,4.341,4.33,-4.100000000000037,-3.000000000000025
2024-12-20,4.3,4.345,4.331,-4.499999999999993,-3.1000000000000583
2024-12-23,4.31,4.347,4.3278,-3.700000000000081,-1.780000000000026
2024-12-24,4.4,4.356,4.3307,4.400000000000048,6.930000000000014
2024-12-25,,4.356,4.332,,
2024-12-26,4.53,4.3605,4.3249,16.95000000000002,20.509999999999984
2024-12-27,4.46,4.3466,4.3153,11.34000000000004,14.470000000000027
2024-12-30,4.37,4.3316,4.306,3.840000000000021,6.400000000000006
2024-12-31,4.49,4.3295,4.3027,16.049999999999986,18.730000000000047
2025-01-01,,4.33,4.303,,
2025-01-02,4.4,4.314,4.2942,8.60000000000003,10.580000000000034
2025-01-03,4.31,4.3065,4.2905,0.3499999999999836,1.949999999999985
2025-01-06,4.27,4.2995,4.288,-2.9500000000000526,-1.8000000000000682
2025-01-07,4.27,4.3011,4.2946,-3.110000000000035,-2.46000000000004
2025-01-08,4.29,4.302,4.2937,-1.1999999999999569,-0.3700000000000258
2025-01-09,4.3,4.3036,4.2898,-0.3600000000000491,1.020000000000021
2025-01-10,4.3,4.307,4.3063,-0.7000000000000561,-0.6300000000000416
2025-01-13,4.29,4.305,4.3084,-1.499999999999968,-1.839999999999975
2025-01-14,4.28,4.301,4.3035,-2.0999999999999908,-2.349999999999941
2025-01-15,4.28,4.3005,4.2962,-2.0500000000000185,-1.6199999999999548
2025-01-16,4.29,4.303,4.2925,-1.29999999999999,-0.2500000000000391
2025-01-17,4.29,4.3025,4.2935,-1.2500000000000178,-0.3499999999999836
2025-01-20,,4.306,4.291,,
2025-01-21,4.29,4.307,4.3,-1.7000000000000348,-0.9999999999999788
2025-01-22,4.3,4.312,4.3038,-1.2000000000000457,-0.3800000000000025
2025-01-23,4.35,4.3165,4.2996,3.3500000000000085,5.039999999999978
2025-01-24,4.34,4.3149,4.2962,2.510000000000012,4.380000000000006
2025-01-27,4.34,4.3135,4.292,2.6499999999999524,4.800000000000004
2025-01-28,4.35,4.3128,4.2921,3.7199999999999456,5.790000000000006
2025-01-29,4.35,4.3129,4.2981,3.709999999999969,5.1899999999999835
2025-01-30,4.36,4.3149,4.3026,4.510000000000058,5.740000000000034
2025-01-31,4.38,4.314,4.3046,6.599999999999984,7.540000000000013
2025-02-03,4.35,4.3097,4.305,4.029999999999934,4.499999999999993
2025-02-04,4.33,4.311,4.3036,1.9000000000000128,2.6399999999999757
2025-02-05,4.33,4.3119,4.3041,1.810000000000045,2.5900000000000034
2025-02-06,4.36,4.3185,4.3049,4.150000000000009,5.510000000000037
2025-02-07,4.35,4.317,4.3155,3.2999999999999474,3.449999999999953
2025-02-10,4.35,4.318,4.3182,3.200000000000003,3.1799999999999606
2025-02-11,4.34,4.317,4.3217,2.2999999999999687,1.8299999999999983
2025-02-12,4.32,4.3145,4.3268,0.5500000000000504,-0.6800000000000139
2025-02-13,4.33,4.313,4.3236,1.7000000000000348,0.6400000000000183
2025-02-14,4.33,4.316,4.3254,1.4000000000000234,0.4599999999999937
2025-02-17,,4.315,4.3255,,
2025-02-18,4.37,4.32,4.3303,4.999999999999982,3.9699999999999847
2025-02-19,4.35,4.3235,4.3285,2.6499999999999524,2.149999999999963
2025-02-20,4.33,4.3203,4.3209,0.9700000000000486,0.9100000000000108
2025-02-21,4.34,4.321,4.3135,1.9000000000000128,2.6499999999999524
2025-02-24,4.34,4.3243,4.318,1.5699999999999823,2.200000000000024
2025-02-25,4.33,4.3225,4.3156,0.7500000000000284,1.440000000000019
2025-02-26,4.33,4.3223,4.3164,0.7699999999999818,1.360000000000028
2025-02-27,4.36,4.324,4.3133,3.6000000000000476,4.670000000000041
2025-02-28,4.39,4.3198,4.3046,7.019999999999982,8.539999999999992
2025-03-03,4.33,4.3169,4.2973,1.3099999999999667,3.2700000000000173
2025-03-04,4.33,4.3187,4.2963,1.130000000000031,3.3700000000000507
2025-03-05,4.34,4.3254,4.3033,1.4599999999999724,3.6699999999999737
2025-03-06,4.35,4.3197,4.2841,3.029999999999955,6.590000000000007
2025-03-07,4.34,4.3277,4.3042,1.2299999999999756,3.5800000000000054
2025-03-10,4.33,4.3242,4.2891,0.5799999999999805,4.089999999999971
2025-03-11,4.32,4.3235,4.2932,-0.3499999999999836,2.68000000000006
2025-03-12,4.31,4.319,4.3012,-0.9000000000000341,0.8799999999999919
2025-03-13,4.3,4.3172,4.2913,-1.7199999999999882,0.8700000000000152
2025-03-14,4.3,4.3187,4.2976,-1.869999999999994,0.2399999999999735
2025-03-17,4.32,4.322,4.3101,-0.1999999999999779,0.990000000000002
2025-03-18,4.31,4.3236,4.3091,-1.360000000000028,0.0899999999999678
2025-03-19,4.29,4.3215,4.3024,-3.1500000000000306,-1.2399999999999525
2025-03-20,4.29,4.321,4.2994,-3.0999999999999694,-0.9400000000000296
2025-03-21,4.3,4.3243,4.2982,-2.430000000000021,0.1800000000000245
2025-03-24,4.31,4.326,4.3068,-1.6000000000000014,0.3199999999999647
2025-03-25,4.33,4.332,4.3067,-0.1999999999999779,2.3299999999999876
2025-03-26,4.35,4.3315,4.3018,1.8499999999999517,4.819999999999958
2025-03-27,4.36,4.3272,4.2998,3.279999999999994,6.020000000000003
2025-03-28,4.34,4.319,4.2844,2.0999999999999908,5.560000000000009
2025-03-31,4.41,4.32,4.2871,8.999999999999986,12.290000000000044
2025-04-01,4.39,4.32,4.2814,6.99999999999994,10.860000000000005
2025-04-02,4.37,4.3241,4.301,4.59000000000005,6.899999999999995
2025-04-03,4.39,4.3177,4.2572,7.229999999999936,13.27999999999996
2025-04-04,4.35,4.3027,4.2181,4.72999999999999,13.18999999999999
2025-04-07,4.33,4.314,4.2269,1.6000000000000014,10.31000000000004
2025-04-08,4.4,4.3074,4.1824,9.260000000000002,21.76
2025-04-09,4.42,4.3458,4.2909,7.420000000000027,12.91000000000002
2025-04-10,4.37,4.3181,4.2544,5.1899999999999835,11.55999999999997
2025-04-11,4.33,4.3261,4.2719,0.3899999999999792,5.8100000000000485
2025-04-14,4.33,4.3307,4.2774,-0.0700000000000145,5.259999999999998
2025-04-15,4.36,4.3249,4.2766,3.509999999999991,8.340000000000014
2025-04-16,4.31,4.3197,4.2713,-0.9700000000000486,3.8699999999999513
2025-04-17,4.32,4.3261,4.2871,-0.6099999999999994,3.2900000000000595
2025-04-18,,4.327,4.2875,,
2025-04-21,4.32,4.3283,4.2805,-0.8299999999999308,3.9500000000000313
2025-04-22,4.3,4.327,4.2857,-2.7000000000000135,1.4299999999999535
2025-04-23,4.28,4.3213,4.2895,-4.129999999999967,-0.9500000000000064
2025-04-24,4.29,4.3201,4.2816,-3.0100000000000016,0.8399999999999963
2025-04-25,4.33,4.3207,4.2784,0.9299999999999642,5.159999999999965
2025-04-28,4.36,4.3236,4.2784,3.640000000000043,8.15999999999999
2025-04-29,4.36,4.3209,4.2721,3.910000000000036,8.790000000000031
2025-04-30,4.41,4.3262,4.265,8.38000000000001,14.500000000000046
2025-05-01,4.39,4.3246,4.2668,6.539999999999946,12.319999999999975
2025-05-02,4.36,4.3328,4.3019,2.7200000000000557,5.8100000000000485
2025-05-05,4.33,4.33,4.3079,0.0,2.210000000000001
2025-05-06,4.32,4.3319,4.3005,-1.18999999999998,1.949999999999985
2025-05-07,4.3,4.3273,4.3048,-2.7300000000000324,-0.4800000000000359
2025-05-08,4.29,4.327,4.3138,-3.699999999999992,-2.37999999999996
2025-05-09,4.28,4.3255,4.3108,-4.549999999999965,-3.080000000000016
2025-05-12,4.28,4.327,4.3267,-4.699999999999971,-4.669999999999952
2025-05-13,4.3,4.325,4.3269,-2.5000000000000355,-2.690000000000037
2025-05-14,4.29,4.326,4.3254,-3.599999999999959,-3.54000000000001
2025-05-15,4.31,4.3237,4.3212,-1.3700000000000043,-1.1200000000000545
2025-05-16,4.3,4.3215,4.323,-2.150000000000052,-2.3000000000000576
2025-05-19,4.29,4.3215,4.3254,-3.1500000000000306,-3.54000000000001
2025-05-20,4.27,4.32,4.3276,-5.000000000000071,-5.760000000000076
2025-05-21,4.26,4.318,4.3282,-5.799999999999983,-6.820000000000004
2025-05-22,4.26,4.3223,4.3298,-6.230000000000047,-6.979999999999986
2025-05-23,4.26,4.323,4.3261,-6.300000000000061,-6.610000000000049
2025-05-26,,4.325,4.3281,,
2025-05-27,4.31,4.323,4.3289,-1.3000000000000789,-1.890000000000036
2025-05-28,4.33,4.3236,4.3294,0.6400000000000183,0.0600000000000378
2025-05-29,4.33,4.318,4.3202,1.2000000000000457,0.9800000000000252
2025-05-30,4.35,4.3168,4.3181,3.3199999999999896,3.1899999999999373
2025-06-02,4.35,4.3158,4.3178,3.419999999999934,3.219999999999956
2025-06-03,4.32,4.3147,4.3164,0.5300000000000082,0.3600000000000491
2025-06-04,4.28,4.311,4.309,-3.0999999999999694,-2.8999999999999915
2025-06-05,4.29,4.3138,4.3089,-2.37999999999996,-1.890000000000036
2025-06-06,4.29,4.3149,4.3246,-2.48999999999997,-3.4600000000000186
2025-06-09,4.29,4.3138,4.323,-2.37999999999996,-3.300000000000036
2025-06-10,4.28,4.3119,4.322,-3.1899999999999373,-4.1999999999999815
2025-06-11,4.28,4.3094,4.3137,-2.939999999999987,-3.369999999999962
2025-06-12,4.28,4.3133,4.3086,-3.3299999999999663,-2.859999999999996
2025-06-13,4.28,4.3144,4.3127,-3.4399999999999764,-3.2700000000000173
2025-06-16,4.32,4.3215,4.3298,-0.1500000000000056,-0.9799999999999364
2025-06-17,4.31,4.321,4.3243,-1.100000000000012,-1.4300000000000423
2025-06-18,4.28,4.3209,4.3257,-4.089999999999971,-4.570000000000007
2025-06-19,,4.3216,4.3283,,
2025-06-20,4.29,4.3206,4.3175,-3.059999999999974,-2.749999999999986
2025-06-23,4.29,4.3235,4.3053,-3.3500000000000085,-1.529999999999987
2025-06-24,4.3,4.3235,4.3082,-2.35000000000003,-0.8200000000000429
2025-06-25,4.36,4.3295,4.2958,3.049999999999997,6.420000000000048
2025-06-26,4.4,4.326,4.2935,7.400000000000073,10.650000000000048
2025-06-27,4.39,4.3242,4.2972,6.5799999999999415,9.279999999999957
2025-06-30,4.45,4.3325,4.3021,11.75000000000006,14.789999999999992
2025-07-01,4.44,4.33,4.2986,11.000000000000032,14.139999999999995
2025-07-02,4.4,4.324,4.281,7.600000000000051,11.900000000000066
2025-07-03,4.35,4.333,4.33,1.699999999999946,1.9999999999999576
2025-07-04,,4.331,4.331,,
2025-07-07,4.33,4.3365,4.3291,-0.649999999999995,0.0899999999999678
2025-07-08,4.34,4.3435,4.335,-0.3499999999999836,0.4999999999999893
2025-07-09,4.32,4.3395,4.3235,-1.949999999999985,-0.3499999999999836
2025-07-10,4.31,4.339,4.32,-2.9000000000000803,-1.0000000000000675
2025-07-11,4.31,4.335,4.3165,-2.5000000000000355,-0.649999999999995
2025-07-14,4.33,4.341,4.326,-1.100000000000012,0.4000000000000447
2025-07-15,4.37,4.347,4.3355,2.2999999999999687,3.450000000000042
2025-07-16,4.34,4.3445,4.3315,-0.450000000000017,0.849999999999973
2025-07-17,4.34,4.3485,4.334,-0.849999999999973,0.6000000000000227
2025-07-18,4.3,4.341,4.319,-4.100000000000037,-1.9000000000000128
2025-07-21,4.28,4.345,4.3235,-6.49999999999995,-4.349999999999987
2025-07-22,4.28,4.347,4.32,-6.700000000000017,-4.0000000000000036
2025-07-23,4.28,4.349,4.3173,-6.899999999999995,-3.730000000000011
2025-07-24,4.3,4.3548,4.3163,-5.480000000000018,-1.6300000000000203
2025-07-25,4.36,4.357,4.3145,0.3000000000000113,4.550000000000054
2025-07-28,4.36,4.351,4.309,0.9000000000000341,5.100000000000016
2025-07-29,4.36,4.3445,4.3008,1.5500000000000291,5.9200000000000585
2025-07-30,4.32,4.3515,4.322,-3.1499999999999417,-0.1999999999999779
2025-07-31,4.39,4.349,4.323,4.099999999999948,6.699999999999928
2025-08-01,4.34,4.344,4.2465,-0.4000000000000447,9.34999999999997
2025-08-04,4.33,4.345,4.2355,-1.499999999999968,9.450000000000005
2025-08-05,4.34,4.35,4.244,-0.9999999999999788,9.600000000000009
2025-08-06,4.34,4.357,4.231,-1.7000000000000348,10.9
2025-08-07,4.35,4.36,4.225,-1.0000000000000675,12.5
2025-08-08,4.35,4.359,4.235,-0.9000000000000341,11.499999999999932
2025-08-11,4.34,4.364,4.2375,-2.400000000000002,10.250000000000004
2025-08-12,4.36,4.362,4.2165,-0.1999999999999779,14.35000000000004
2025-08-13,4.33,4.3595,4.1853,-2.949999999999964,14.470000000000027
2025-08-14,4.34,4.3605,4.202,-2.0500000000000185,13.79999999999999
2025-08-15,4.36,4.357,4.214,0.3000000000000113,14.59999999999999
2025-08-18,4.34,4.3385,4.2178,0.1500000000000056,12.219999999999942
2025-08-19,4.33,4.3375,4.2068,-0.7500000000000284,12.319999999999975
2025-08-20,4.31,4.339,4.2103,-2.9000000000000803,9.969999999999946
2025-08-21,4.32,4.334,4.227,-1.3999999999999346,9.299999999999995
2025-08-22,4.36,4.329,4.204,3.1000000000000583,15.600000000000058
2025-08-25,4.37,4.3218,4.2093,4.8200000000000465,16.07000000000003
2025-08-26,4.38,4.3127,4.1958,6.729999999999947,18.41999999999997
2025-08-27,4.36,4.2995,4.1837,6.050000000000022,17.630000000000035
2025-08-28,4.34,4.2795,4.171,6.050000000000022,16.89999999999996
2025-08-29,4.34,4.271,4.161,6.899999999999995,17.900000000000027
2025-09-01,,4.271,4.161,,
2025-09-02,4.39,4.2545,4.1528,13.549999999999953,23.719999999999963
2025-09-03,4.39,4.2455,4.1391,14.449999999999983,25.089999999999968
2025-09-04,4.41,4.229,4.1223,18.100000000000005,28.770000000000007
2025-09-05,4.42,4.2031,4.0723,21.689999999999987,34.76999999999997
2025-09-08,4.4,4.1958,4.0595,20.420000000000016,34.05000000000005
2025-09-09,4.4,4.186,4.0725,21.40000000000004,32.75000000000006
2025-09-10,4.39,4.1862,4.0635,20.37999999999993,32.649999999999935
2025-09-11,4.41,4.1645,4.029,24.549999999999983,38.10000000000002
2025-09-12,4.42,4.1695,4.0453,25.049999999999972,37.469999999999985
2025-09-15,4.51,4.1505,4.04,35.949999999999974,46.99999999999997
2025-09-16,4.39,4.139,4.0275,25.099999999999945,36.249999999999986
2025-09-17,4.38,4.1505,4.02,22.94999999999998,36.00000000000003
2025-09-18,4.14,4.1605,4.0113,-2.0500000000000185,12.869999999999935
2025-09-19,4.14,4.1605,4.0077,-2.0500000000000185,13.229999999999986
2025-09-22,4.14,4.1625,4.008,-2.2499999999999964,13.199999999999967
2025-09-23,4.12,4.162,3.998,-4.1999999999999815,12.199999999999989
2025-09-24,4.13,4.1705,4.0048,-4.049999999999976,12.519999999999952
2025-09-25,4.18,4.1685,4.0042,1.1499999999999844,17.579999999999973
2025-09-26,4.16,4.16,3.9905,0.0,16.95000000000002
2025-09-29,4.13,4.1301,3.977,-0.0099999999999766,15.300000000000002
2025-09-30,4.24,4.131,3.967,10.9,27.30000000000001
2025-10-01,4.2,4.13,3.949,7.000000000000028,25.100000000000033
2025-10-02,4.2,4.114,3.9455,8.60000000000003,25.450000000000017
2025-10-03,4.18,4.106,3.9465,7.399999999999984,23.34999999999998
2025-10-06,4.15,4.0861,3.9455,6.390000000000029,20.450000000000035
2025-10-07,4.14,4.0815,3.938,5.849999999999955,20.199999999999953
2025-10-08,4.12,4.076,3.93,4.400000000000048,18.999999999999993
2025-10-09,4.13,4.046,3.9125,8.399999999999963,21.74999999999998
2025-10-10,4.15,4.0355,3.898,11.450000000000047,25.200000000000024
2025-10-13,,4.0365,3.9,,
2025-10-14,4.19,4.0408,3.896,14.920000000000044,29.40000000000005
2025-10-15,4.29,4.054,3.8987,23.599999999999977,39.130000000000024
2025-10-16,4.3,4.0205,3.8595,27.949999999999964,44.04999999999997
2025-10-17,4.18,4.0106,3.864,16.939999999999955,31.599999999999984
2025-10-20,4.16,4.004,3.868,15.600000000000058,29.200000000000024
2025-10-21,4.23,4.0208,3.8803,20.920000000000005,34.970000000000034
2025-10-22,4.21,4.0158,3.875,19.420000000000037,33.5
2025-10-23,4.24,3.9903,3.8603,24.970000000000027,37.97000000000001
2025-10-24,4.24,3.9855,3.845,25.450000000000017,39.5
2025-10-27,4.27,3.9773,3.8465,29.269999999999953,42.34999999999998
2025-10-28,4.31,3.9562,3.8343,35.37999999999997,47.56999999999998
2025-10-29,4.27,4.003,3.9115,26.699999999999942,35.84999999999994
2025-10-30,4.04,3.993,3.891,4.700000000000015,14.900000000000002
2025-10-31,4.22,3.9995,3.898,22.04999999999999,32.19999999999996
2025-11-03,4.13,3.9995,3.8888,13.050000000000006,24.120000000000008
2025-11-04,4.0,3.9875,3.875,1.2500000000000178,12.5
2025-11-05,3.91,3.969,3.876,-5.899999999999972,3.4000000000000252
2025-11-06,3.92,3.966,3.852,-4.600000000000026,6.800000000000006
2025-11-07,3.93,3.9645,3.8535,-3.4499999999999975,7.650000000000024
2025-11-10,3.95,3.9605,3.8663,-1.0499999999999954,8.370000000000033
2025-11-11,,3.9605,3.8655,,
2025-11-12,3.98,3.9655,3.86,1.4499999999999955,12.00000000000001
2025-11-13,4.0,3.9647,3.8808,3.5299999999999887,11.92000000000002
2025-11-14,3.95,3.9598,3.885,-0.9799999999999808,6.500000000000039
2025-11-17,4.0,3.9595,3.8891,4.05000000000002,11.09
2025-11-18,3.94,3.9468,3.8742,-0.6800000000000139,6.579999999999986
2025-11-19,3.91,3.9577,3.8957,-4.769999999999985,1.429999999999998
2025-11-20,3.91,3.9592,3.8841,-4.919999999999991,2.5900000000000034
2025-11-21,3.93,3.9328,3.8401,-0.2799999999999691,8.990000000000009
2025-11-24,3.96,3.9138,3.8097,4.61999999999998,15.03000000000001
2025-11-25,4.01,3.8923,3.7997,11.76999999999997,21.029999999999973
2025-11-26,4.05,3.8746,3.7901,17.539999999999978,25.99
2025-11-27,,3.875,3.782,,
2025-11-28,4.12,3.874,3.779,24.6,34.10000000000002
2025-12-01,4.12,3.857,3.7771,26.29999999999999,34.29000000000002
2025-12-02,4.01,3.8395,3.7613,17.049999999999965,24.86999999999999
2025-12-03,3.95,3.826,3.7505,12.400000000000013,19.950000000000003
2025-12-04,3.92,3.811,3.7428,10.9,17.720000000000002
2025-12-05,3.93,3.8075,3.7445,12.250000000000004,18.550000000000026
2025-12-08,3.95,3.7955,3.7424,15.450000000000008,20.760000000000023
2025-12-09,3.93,3.7823,3.7379,14.769999999999994,19.210000000000036
2025-12-10,3.9,3.7555,3.7145,14.449999999999983,18.549999999999976
2025-12-11,3.66,3.753,3.7092,-9.299999999999995,-4.919999999999991
2025-12-12,3.67,3.7525,3.7085,-8.250000000000002,-3.849999999999998
2025-12-15,3.75,3.7425,3.7044,0.749999999999984,4.559999999999986
2025-12-16,3.69,3.7455,3.705,-5.549999999999988,-1.5000000000000124
2025-12-17,3.69,3.748,3.702,-5.800000000000027,-1.200000000000001
2025-12-18,3.66,3.746,3.6898,-8.599999999999985,-2.9799999999999827
2025-12-19,3.66,3.7465,3.6958,-8.650000000000002,-3.5800000000000054
2025-12-22,3.68,3.7445,3.6979,-6.449999999999978,-1.7900000000000027
2025-12-23,3.66,3.7395,3.699,-7.94999999999999,-3.89999999999997
2025-12-24,3.66,3.7296,3.6865,-6.959999999999988,-2.649999999999997
2025-12-25,,3.7296,3.6865,,
2025-12-26,3.76,3.7221,3.6698,3.78999999999996,9.019999999999984
2025-12-29,3.77,3.7095,3.6656,6.050000000000022,10.440000000000005
2025-12-30,3.71,3.687,3.656,2.300000000000013,5.399999999999983
2025-12-31,3.87,3.676,3.6518,19.399999999999995,21.819999999999993
2026-01-01,,3.676,3.6884,,
2026-01-02,3.75,3.6745,3.6455,7.54999999999999,10.449999999999982
2026-01-05,3.7,3.675,3.6453,2.5000000000000355,5.469999999999997
2026-01-06,3.66,3.675,3.6497,-1.499999999999968,1.0299999999999976
2026-01-07,3.65,3.679,3.6576,-2.8999999999999915,-0.7600000000000051
2026-01-08,3.64,3.6725,3.6526,-3.249999999999975,-1.2599999999999945
2026-01-09,3.64,3.6785,3.6719,-3.849999999999998,-3.1899999999999817
2026-01-12,3.64,3.679,3.6728,-3.89999999999997,-3.279999999999994
2026-01-13,3.65,3.6765,3.6734,-2.649999999999997,-2.3400000000000087
2026-01-14,3.64,3.6715,3.6695,-3.149999999999986,-2.950000000000008
2026-01-15,3.66,3.6712,3.6702,-1.1199999999999657,-1.0199999999999765
2026-01-16,3.65,3.6703,3.6699,-2.0300000000000207,-1.990000000000025
2026-01-19,,3.6695,3.6685,,
2026-01-20,3.64,3.673,3.6715,-3.299999999999992,-3.149999999999986
2026-01-21,3.63,3.6705,3.671,-4.05000000000002,-4.0999999999999925
2026-01-22,3.64,3.672,3.6723,-3.200000000000003,-3.2299999999999773
2026-01-23,3.65,3.679,3.6719,-2.8999999999999915,-2.190000000000003
2026-01-26,3.66,3.6755,3.6727,-1.5499999999999847,-1.2699999999999712
2026-01-27,3.66,3.6715,3.6654,-1.1499999999999844,-0.5399999999999849
2026-01-28,3.64,3.6695,3.6705,-2.950000000000008,-3.049999999999997
2026-01-29,3.65,3.6665,3.6596,-1.650000000000018,-0.9600000000000276
2026-01-30,3.68,3.6715,3.6599,0.8500000000000174,2.010000000000023
2026-02-02,3.69,3.6715,3.663,1.849999999999996,2.7000000000000135
2026-02-03,3.69,3.6675,3.6656,2.2499999999999964,2.4399999999999977
2026-02-04,3.65,3.6692,3.6624,-1.9200000000000104,-1.2399999999999969
2026-02-05,3.65,3.6655,3.6385,-1.5500000000000291,1.1499999999999844
2026-02-06,3.64,3.6635,3.6433,-2.3499999999999854,-0.3299999999999858
2026-02-09,3.63,3.6605,3.6398,-3.049999999999997,-0.9800000000000252
2026-02-10,3.65,3.6605,3.6328,-1.0499999999999954,1.7199999999999882
2026-02-11,3.65,3.6595,3.6575,-0.9500000000000064,-0.7500000000000284
2026-02-12,3.65,3.6645,3.6565,-1.4499999999999955,-0.649999999999995
2026-02-13,3.66,3.664,3.654,-0.4000000000000003,0.6000000000000227
2026-02-16,,3.6645,3.6525,,
2026-02-17,3.71,3.6698,3.6589,4.020000000000001,5.109999999999992
2026-02-18,3.73,3.6755,3.6666,5.449999999999999,6.340000000000012
2026-02-19,3.67,3.6715,3.6666,-0.1500000000000056,0.3400000000000069
2026-02-20,3.66,3.6725,3.6704,-1.2499999999999734,-1.0399999999999745
2026-02-23,3.66,3.6755,3.6712,-1.5499999999999847,-1.1199999999999657
2026-02-24,3.67,3.6718,3.6723,-0.1800000000000245,-0.2299999999999968
2026-02-25,3.67,3.666,3.6694,0.4000000000000003,0.0599999999999933
2026-02-26,3.67,3.6685,3.6635,0.1500000000000056,0.649999999999995
2026-02-27,3.68,3.6645,3.6534,1.5500000000000291,2.660000000000018
2026-03-02,3.71,3.6711,3.667,3.8899999999999935,4.300000000000015
2026-03-03,3.7,3.6761,3.6699,2.3900000000000254,3.0100000000000016
2026-03-04,3.67,3.6715,3.6704,-0.1500000000000056,-0.0399999999999955
2026-03-05,3.66,3.6685,3.6676,-0.849999999999973,-0.7600000000000051
2026-03-06,3.65,3.671,3.6639,-2.0999999999999908,-1.3900000000000023
2026-03-09,3.65,3.674,3.6723,-2.400000000000002,-2.229999999999998
2026-03-10,3.64,3.6733,3.6729,-3.3299999999999663,-3.2899999999999707
2026-03-11,3.64,3.6733,3.6746,-3.3299999999999663,-3.459999999999974
2026-03-12,3.65,3.6805,3.6837,-3.049999999999997,-3.3700000000000063
2026-03-13,3.65,3.6815,3.6885,-3.1500000000000306,-3.849999999999998
2026-03-16,3.7,3.6745,3.6871,2.550000000000008,1.2900000000000134
2026-03-17,3.65,3.676,3.686,-2.6000000000000245,-3.600000000000003
2026-03-18,3.62,3.68,3.6958,-6.000000000000005,-7.580000000000009
2026-03-19,3.62,3.6765,3.7043,-5.649999999999977,-8.429999999999982
2026-03-20,3.62,3.6795,3.7167,-5.949999999999989,-9.66999999999998
2026-03-23,3.62,3.6795,3.7085,-5.949999999999989,-8.84999999999998
2026-03-24,3.63,3.6776,3.7092,-4.760000000000009,-7.920000000000016
2026-03-25,3.64,3.6745,3.7003,-3.4499999999999975,-6.02999999999998
2026-03-26,3.65,3.6685,3.6992,-1.849999999999996,-4.919999999999991
2026-03-27,3.63,3.663,3.6848,-3.299999999999992,-5.480000000000018
2026-03-30,3.63,3.663,3.6828,-3.299999999999992,-5.279999999999996
2026-03-31,3.68,3.662,3.6762,1.8000000000000238,0.3800000000000025
2026-04-01,3.65,3.6596,3.6774,-0.9600000000000276,-2.740000000000009
2026-04-02,3.66,3.66,3.6751,0.0,-1.5099999999999891
2026-04-03,,3.6585,3.676,,
2026-04-06,3.65,3.6604,3.678,-1.040000000000019,-2.8000000000000025
2026-04-07,3.62,3.6578,3.6741,-3.7799999999999834,-5.410000000000004
2026-04-08,3.59,3.6503,3.6708,-6.030000000000024,-8.079999999999998
2026-04-09,3.57,3.65,3.6711,-8.000000000000007,-10.11000000000002
2026-04-10,3.61,3.6559,3.6752,-4.590000000000005,-6.5199999999999925
2026-04-13,3.63,3.6637,3.679,-3.3700000000000063,-4.899999999999993
2026-04-14,3.66,3.6664,3.6777,-0.6399999999999739,-1.770000000000005
2026-04-15,3.72,3.6594,3.6749,6.059999999999999,4.510000000000014
2026-04-16,3.67,3.6552,3.6703,1.4800000000000146,-0.0300000000000189
2026-04-17,3.65,3.6502,3.6638,-0.0199999999999977,-1.3800000000000257
2026-04-20,3.63,3.6495,3.6654,-1.9500000000000297,-3.54000000000001
2026-04-21,3.63,3.6522,3.6677,-2.220000000000022,-3.7700000000000062
2026-04-22,3.64,3.6536,3.667,-1.3599999999999834,-2.699999999999969
2026-04-23,3.65,3.6553,3.6693,-0.5300000000000082,-1.9299999999999873
2026-04-24,3.66,3.6562,3.6663,0.3800000000000025,-0.6299999999999972
2026-04-27,3.66,3.654,3.6649,0.6000000000000227,-0.4899999999999682
2026-04-28,3.64,3.6475,3.6636,-0.749999999999984,-2.3600000000000065
2026-04-29,3.63,3.6494,3.6658,-1.9400000000000084,-3.5800000000000054
2026-04-30,3.66,3.645,3.6562,1.5000000000000124,0.3800000000000025
2026-05-01,3.64,3.6435,3.6554,-0.3499999999999836,-1.540000000000008
2026-05-04,3.63,3.641,3.6549,-1.100000000000012,-2.4900000000000144
2026-05-05,3.62,3.6397,3.6506,-1.9699999999999829,-3.059999999999974
2026-05-06,3.61,3.6361,3.6466,-2.610000000000001,-3.6599999999999966
2026-05-07,3.6,3.6335,3.6468,-3.3500000000000085,-4.679999999999973
2026-05-08,3.6,3.6307,3.6431,-3.069999999999995,-4.309999999999992
2026-05-11,3.6,3.6305,3.6502,-3.049999999999997,-5.01999999999998
2026-05-12,3.6,3.6295,3.6495,-2.950000000000008,-4.95000000000001
2026-05-13,3.59,3.6231,3.6488,-3.310000000000013,-5.8800000000000185
2026-05-14,3.56,3.613,3.641,-5.299999999999994,-8.099999999999996
2026-05-15,3.55,3.6035,3.6417,-5.35000000000001,-9.170000000000034
2026-05-18,3.53,3.598,3.6422,-6.800000000000006,-11.220000000000008
2026-05-19,3.51,3.5724,3.6331,-6.240000000000023,-12.310000000000043
2026-05-20,3.5,3.5739,3.6352,-7.390000000000008,-13.52000000000002
2026-05-21,3.51,3.6067,3.6566,-9.670000000000025,-14.660000000000029
2026-05-22,3.55,3.615,3.6622,-6.500000000000039,-11.220000000000008
2026-05-25,,3.6176,3.6575,,
2026-05-26,3.63,3.6194,3.661,1.059999999999972,-3.100000000000014
2026-05-27,3.63,3.6189,3.6578,1.1099999999999888,-2.7800000000000047
2026-05-28,3.62,3.6183,3.657,0.1700000000000034,-3.699999999999992
2026-05-29,3.63,3.6155,3.6531,1.4499999999999955,-2.30999999999999
2026-06-01,3.65,3.6135,3.6517,3.649999999999975,-0.1700000000000034
2026-06-02,3.63,3.6111,3.6481,1.8899999999999917,-1.8100000000000005
2026-06-03,3.61,3.6103,3.6506,-0.0300000000000189,-4.059999999999997
2026-06-04,3.62,3.6153,3.6494,0.4700000000000148,-2.939999999999987
2026-06-05,3.63,3.6181,3.66,1.18999999999998,-3.000000000000025
2026-06-08,3.63,3.6195,3.664,1.0499999999999954,-3.4000000000000252
2026-06-09,3.6,3.6195,3.6615,-1.949999999999985,-6.150000000000011
2026-06-10,3.59,3.618,3.6624,-2.8000000000000025,-7.240000000000002
2026-06-11,3.6,3.6238,3.6619,-2.3800000000000043,-6.190000000000007
2026-06-12,3.65,3.6288,3.6639,2.119999999999989,-1.3900000000000023
2026-06-15,3.69,3.6256,3.6654,6.440000000000001,2.4599999999999955
2026-06-16,3.63,3.6288,3.6691,0.1199999999999867,-3.9099999999999913
2026-06-17,3.63,3.6445,3.7275,-1.4499999999999955,-9.750000000000014
2026-06-18,3.62,3.643,3.731,-2.2999999999999687,-11.099999999999977
2026-06-19,,3.643,3.731,,
2026-06-22,3.61,3.6464,3.7375,-3.639999999999999,-12.749999999999996
2026-06-23,3.62,3.6496,3.7388,-2.959999999999985,-11.87999999999998
2026-06-24,3.62,3.6505,3.7392,-3.049999999999997,-11.919999999999977
2026-06-25,3.64,3.6445,3.7316,-0.4499999999999726,-9.159999999999968
2026-06-26,3.62,3.6384,3.7211,-1.839999999999975,-10.109999999999976
2026-06-29,3.62,3.6539,3.7335,-3.390000000000004,-11.349999999999971
2026-06-30,3.68,3.6554,3.7413,2.4599999999999955,-6.129999999999969
2026-07-01,3.66,3.6646,3.7435,-0.4599999999999937,-8.34999999999999
2026-07-02,3.64,3.6624,3.7237,-2.2399999999999753,-8.369999999999989
2026-07-03,,3.6655,3.733,,
2026-07-06,3.63,3.6719,3.7369,-4.190000000000005,-10.69
2026-07-07,3.62,3.6717,3.7465,-5.169999999999986,-12.650000000000006
2026-07-08,3.58,3.6641,3.7547,-8.409999999999984,-17.470000000000006
2026-07-09,3.53,3.6592,3.7373,-12.919999999999998,-20.730000000000004
2026-07-10,3.55,3.6801,3.7663,-13.01000000000001,-21.63000000000004
2026-07-13,3.6,3.7094,3.7964,-10.939999999999994,-19.640000000000015
2026-07-14,3.63,3.6783,3.741,-4.830000000000023,-11.10000000000002
2026-07-15,3.64,3.6645,3.7263,-2.4499999999999744,-8.630000000000004
2026-07-16,3.62,3.6655,3.7285,-4.55000000000001,-10.849999999999982
2026-07-17,3.59,3.6714,3.7413,-8.140000000000036,-15.13
2026-07-20,3.57,3.6785,3.7514,-10.850000000000026,-18.14
2026-07-21,3.61,3.6967,3.7779,-8.67,-16.789999999999992
2026-07-22,3.62,3.7193,3.812,-9.929999999999994,-19.199999999999974
2026-07-23,3.64,3.7357,3.8296,-9.56999999999999,-18.96
2026-07-24,3.64,3.7452,3.8404,-10.519999999999996,-20.03999999999997
2026-07-27,3.64,3.7487,3.8431,-10.86999999999998,-20.31000000000001
