Date,RIC,LSEG_Field,US_3M_Treasury_Bill_Yield
2020-01-02 00:00:00+00:00,US3MT=RR,MID_PRICE,1.4975
2020-01-03 00:00:00+00:00,US3MT=RR,MID_PRICE,1.48125
2020-01-06 00:00:00+00:00,US3MT=RR,MID_PRICE,1.4975
2020-01-07 00:00:00+00:00,US3MT=RR,MID_PRICE,1.505
2020-01-08 00:00:00+00:00,US3MT=RR,MID_PRICE,1.5025
2020-01-09 00:00:00+00:00,US3MT=RR,MID_PRICE,1.5
2020-01-10 00:00:00+00:00,US3MT=RR,MID_PRICE,1.5025
2020-01-13 00:00:00+00:00,US3MT=RR,MID_PRICE,1.515
2020-01-14 00:00:00+00:00,US3MT=RR,MID_PRICE,1.5325
2020-01-15 00:00:00+00:00,US3MT=RR,MID_PRICE,1.5225
2020-01-16 00:00:00+00:00,US3MT=RR,MID_PRICE,1.515
2020-01-17 00:00:00+00:00,US3MT=RR,MID_PRICE,1.525
2020-01-21 00:00:00+00:00,US3MT=RR,MID_PRICE,1.505
2020-01-22 00:00:00+00:00,US3MT=RR,MID_PRICE,1.515
2020-01-23 00:00:00+00:00,US3MT=RR,MID_PRICE,1.52
2020-01-24 00:00:00+00:00,US3MT=RR,MID_PRICE,1.495
2020-01-27 00:00:00+00:00,US3MT=RR,MID_PRICE,1.51
2020-01-28 00:00:00+00:00,US3MT=RR,MID_PRICE,1.535
2020-01-29 00:00:00+00:00,US3MT=RR,MID_PRICE,1.52
2020-01-30 00:00:00+00:00,US3MT=RR,MID_PRICE,1.53
2020-01-31 00:00:00+00:00,US3MT=RR,MID_PRICE,1.5175
2020-02-03 00:00:00+00:00,US3MT=RR,MID_PRICE,1.52625
2020-02-04 00:00:00+00:00,US3MT=RR,MID_PRICE,1.54
2020-02-05 00:00:00+00:00,US3MT=RR,MID_PRICE,1.53
2020-02-06 00:00:00+00:00,US3MT=RR,MID_PRICE,1.53
2020-02-07 00:00:00+00:00,US3MT=RR,MID_PRICE,1.525
2020-02-10 00:00:00+00:00,US3MT=RR,MID_PRICE,1.525
2020-02-11 00:00:00+00:00,US3MT=RR,MID_PRICE,1.54
2020-02-12 00:00:00+00:00,US3MT=RR,MID_PRICE,1.54
2020-02-13 00:00:00+00:00,US3MT=RR,MID_PRICE,1.5475
2020-02-14 00:00:00+00:00,US3MT=RR,MID_PRICE,1.5425
2020-02-18 00:00:00+00:00,US3MT=RR,MID_PRICE,1.54
2020-02-19 00:00:00+00:00,US3MT=RR,MID_PRICE,1.55125
2020-02-20 00:00:00+00:00,US3MT=RR,MID_PRICE,1.5425
2020-02-21 00:00:00+00:00,US3MT=RR,MID_PRICE,1.52
2020-02-24 00:00:00+00:00,US3MT=RR,MID_PRICE,1.5075
2020-02-25 00:00:00+00:00,US3MT=RR,MID_PRICE,1.5
2020-02-26 00:00:00+00:00,US3MT=RR,MID_PRICE,1.48
2020-02-27 00:00:00+00:00,US3MT=RR,MID_PRICE,1.4
2020-02-28 00:00:00+00:00,US3MT=RR,MID_PRICE,1.25875
2020-03-02 00:00:00+00:00,US3MT=RR,MID_PRICE,1.1625
2020-03-03 00:00:00+00:00,US3MT=RR,MID_PRICE,0.9175
2020-03-04 00:00:00+00:00,US3MT=RR,MID_PRICE,0.6975
2020-03-05 00:00:00+00:00,US3MT=RR,MID_PRICE,0.6025
2020-03-06 00:00:00+00:00,US3MT=RR,MID_PRICE,0.45125
2020-03-09 00:00:00+00:00,US3MT=RR,MID_PRICE,0.3475
2020-03-10 00:00:00+00:00,US3MT=RR,MID_PRICE,0.4225
2020-03-11 00:00:00+00:00,US3MT=RR,MID_PRICE,0.39
2020-03-12 00:00:00+00:00,US3MT=RR,MID_PRICE,0.3125
2020-03-13 00:00:00+00:00,US3MT=RR,MID_PRICE,0.2625
2020-03-16 00:00:00+00:00,US3MT=RR,MID_PRICE,0.195
2020-03-17 00:00:00+00:00,US3MT=RR,MID_PRICE,0.1675
2020-03-18 00:00:00+00:00,US3MT=RR,MID_PRICE,0.01
2020-03-19 00:00:00+00:00,US3MT=RR,MID_PRICE,0.0175
2020-03-20 00:00:00+00:00,US3MT=RR,MID_PRICE,0.00875
2020-03-23 00:00:00+00:00,US3MT=RR,MID_PRICE,-0.01
2020-03-24 00:00:00+00:00,US3MT=RR,MID_PRICE,-0.0025
2020-03-25 00:00:00+00:00,US3MT=RR,MID_PRICE,-0.055
2020-03-26 00:00:00+00:00,US3MT=RR,MID_PRICE,-0.07
2020-03-27 00:00:00+00:00,US3MT=RR,MID_PRICE,-0.02125
2020-03-30 00:00:00+00:00,US3MT=RR,MID_PRICE,0.0375
2020-03-31 00:00:00+00:00,US3MT=RR,MID_PRICE,0.0875
2020-04-01 00:00:00+00:00,US3MT=RR,MID_PRICE,0.05
2020-04-02 00:00:00+00:00,US3MT=RR,MID_PRICE,0.0675
2020-04-03 00:00:00+00:00,US3MT=RR,MID_PRICE,0.07875
2020-04-06 00:00:00+00:00,US3MT=RR,MID_PRICE,0.0875
2020-04-07 00:00:00+00:00,US3MT=RR,MID_PRICE,0.1475
2020-04-08 00:00:00+00:00,US3MT=RR,MID_PRICE,0.18
2020-04-09 00:00:00+00:00,US3MT=RR,MID_PRICE,0.225
2020-04-13 00:00:00+00:00,US3MT=RR,MID_PRICE,0.2125
2020-04-14 00:00:00+00:00,US3MT=RR,MID_PRICE,0.175
2020-04-15 00:00:00+00:00,US3MT=RR,MID_PRICE,0.14
2020-04-16 00:00:00+00:00,US3MT=RR,MID_PRICE,0.13
2020-04-17 00:00:00+00:00,US3MT=RR,MID_PRICE,0.115
2020-04-20 00:00:00+00:00,US3MT=RR,MID_PRICE,0.085
2020-04-21 00:00:00+00:00,US3MT=RR,MID_PRICE,0.1025
2020-04-22 00:00:00+00:00,US3MT=RR,MID_PRICE,0.1
2020-04-23 00:00:00+00:00,US3MT=RR,MID_PRICE,0.1025
2020-04-24 00:00:00+00:00,US3MT=RR,MID_PRICE,0.11
2020-04-27 00:00:00+00:00,US3MT=RR,MID_PRICE,0.1025
2020-04-28 00:00:00+00:00,US3MT=RR,MID_PRICE,0.095
2020-04-29 00:00:00+00:00,US3MT=RR,MID_PRICE,0.095
2020-04-30 00:00:00+00:00,US3MT=RR,MID_PRICE,0.09625
2020-05-01 00:00:00+00:00,US3MT=RR,MID_PRICE,0.105
2020-05-04 00:00:00+00:00,US3MT=RR,MID_PRICE,0.09875
2020-05-05 00:00:00+00:00,US3MT=RR,MID_PRICE,0.115
2020-05-06 00:00:00+00:00,US3MT=RR,MID_PRICE,0.1125
2020-05-07 00:00:00+00:00,US3MT=RR,MID_PRICE,0.1
2020-05-08 00:00:00+00:00,US3MT=RR,MID_PRICE,0.105
2020-05-11 00:00:00+00:00,US3MT=RR,MID_PRICE,0.11125
2020-05-12 00:00:00+00:00,US3MT=RR,MID_PRICE,0.1275
2020-05-13 00:00:00+00:00,US3MT=RR,MID_PRICE,0.12
2020-05-14 00:00:00+00:00,US3MT=RR,MID_PRICE,0.1125
2020-05-15 00:00:00+00:00,US3MT=RR,MID_PRICE,0.10625
2020-05-18 00:00:00+00:00,US3MT=RR,MID_PRICE,0.10875
2020-05-19 00:00:00+00:00,US3MT=RR,MID_PRICE,0.1225
2020-05-20 00:00:00+00:00,US3MT=RR,MID_PRICE,0.11875
2020-05-21 00:00:00+00:00,US3MT=RR,MID_PRICE,0.11625
2020-05-22 00:00:00+00:00,US3MT=RR,MID_PRICE,0.11625
2020-05-26 00:00:00+00:00,US3MT=RR,MID_PRICE,0.12375
2020-05-27 00:00:00+00:00,US3MT=RR,MID_PRICE,0.14
2020-05-28 00:00:00+00:00,US3MT=RR,MID_PRICE,0.1425
2020-05-29 00:00:00+00:00,US3MT=RR,MID_PRICE,0.13625
2020-06-01 00:00:00+00:00,US3MT=RR,MID_PRICE,0.1325
2020-06-02 00:00:00+00:00,US3MT=RR,MID_PRICE,0.1475
2020-06-03 00:00:00+00:00,US3MT=RR,MID_PRICE,0.1475
2020-06-04 00:00:00+00:00,US3MT=RR,MID_PRICE,0.145
2020-06-05 00:00:00+00:00,US3MT=RR,MID_PRICE,0.1475
2020-06-08 00:00:00+00:00,US3MT=RR,MID_PRICE,0.16
2020-06-09 00:00:00+00:00,US3MT=RR,MID_PRICE,0.1675
2020-06-10 00:00:00+00:00,US3MT=RR,MID_PRICE,0.165
2020-06-11 00:00:00+00:00,US3MT=RR,MID_PRICE,0.16875
2020-06-12 00:00:00+00:00,US3MT=RR,MID_PRICE,0.1625
2020-06-15 00:00:00+00:00,US3MT=RR,MID_PRICE,0.16
2020-06-16 00:00:00+00:00,US3MT=RR,MID_PRICE,0.165
2020-06-17 00:00:00+00:00,US3MT=RR,MID_PRICE,0.17
2020-06-18 00:00:00+00:00,US3MT=RR,MID_PRICE,0.1475
2020-06-19 00:00:00+00:00,US3MT=RR,MID_PRICE,0.1475
2020-06-22 00:00:00+00:00,US3MT=RR,MID_PRICE,0.145
2020-06-23 00:00:00+00:00,US3MT=RR,MID_PRICE,0.145
2020-06-24 00:00:00+00:00,US3MT=RR,MID_PRICE,0.1425
2020-06-25 00:00:00+00:00,US3MT=RR,MID_PRICE,0.1375
2020-06-26 00:00:00+00:00,US3MT=RR,MID_PRICE,0.13625
2020-06-29 00:00:00+00:00,US3MT=RR,MID_PRICE,0.12875
2020-06-30 00:00:00+00:00,US3MT=RR,MID_PRICE,0.14
2020-07-01 00:00:00+00:00,US3MT=RR,MID_PRICE,0.135
2020-07-02 00:00:00+00:00,US3MT=RR,MID_PRICE,0.13875
2020-07-06 00:00:00+00:00,US3MT=RR,MID_PRICE,0.1375
2020-07-07 00:00:00+00:00,US3MT=RR,MID_PRICE,0.145
2020-07-08 00:00:00+00:00,US3MT=RR,MID_PRICE,0.14
2020-07-09 00:00:00+00:00,US3MT=RR,MID_PRICE,0.12625
2020-07-10 00:00:00+00:00,US3MT=RR,MID_PRICE,0.12625
2020-07-13 00:00:00+00:00,US3MT=RR,MID_PRICE,0.13
2020-07-14 00:00:00+00:00,US3MT=RR,MID_PRICE,0.1375
2020-07-15 00:00:00+00:00,US3MT=RR,MID_PRICE,0.13
2020-07-16 00:00:00+00:00,US3MT=RR,MID_PRICE,0.11
2020-07-17 00:00:00+00:00,US3MT=RR,MID_PRICE,0.11
2020-07-20 00:00:00+00:00,US3MT=RR,MID_PRICE,0.11
2020-07-21 00:00:00+00:00,US3MT=RR,MID_PRICE,0.11625
2020-07-22 00:00:00+00:00,US3MT=RR,MID_PRICE,0.11
2020-07-23 00:00:00+00:00,US3MT=RR,MID_PRICE,0.10875
2020-07-24 00:00:00+00:00,US3MT=RR,MID_PRICE,0.10375
2020-07-27 00:00:00+00:00,US3MT=RR,MID_PRICE,0.0975
2020-07-28 00:00:00+00:00,US3MT=RR,MID_PRICE,0.105
2020-07-29 00:00:00+00:00,US3MT=RR,MID_PRICE,0.095
2020-07-30 00:00:00+00:00,US3MT=RR,MID_PRICE,0.09
2020-07-31 00:00:00+00:00,US3MT=RR,MID_PRICE,0.09
2020-08-03 00:00:00+00:00,US3MT=RR,MID_PRICE,0.0825
2020-08-04 00:00:00+00:00,US3MT=RR,MID_PRICE,0.09375
2020-08-05 00:00:00+00:00,US3MT=RR,MID_PRICE,0.095
2020-08-06 00:00:00+00:00,US3MT=RR,MID_PRICE,0.09
2020-08-07 00:00:00+00:00,US3MT=RR,MID_PRICE,0.08875
2020-08-10 00:00:00+00:00,US3MT=RR,MID_PRICE,0.095
2020-08-11 00:00:00+00:00,US3MT=RR,MID_PRICE,0.105
2020-08-12 00:00:00+00:00,US3MT=RR,MID_PRICE,0.1025
2020-08-13 00:00:00+00:00,US3MT=RR,MID_PRICE,0.095
2020-08-14 00:00:00+00:00,US3MT=RR,MID_PRICE,0.09125
2020-08-17 00:00:00+00:00,US3MT=RR,MID_PRICE,0.09
2020-08-18 00:00:00+00:00,US3MT=RR,MID_PRICE,0.1025
2020-08-19 00:00:00+00:00,US3MT=RR,MID_PRICE,0.095
2020-08-20 00:00:00+00:00,US3MT=RR,MID_PRICE,0.09
2020-08-21 00:00:00+00:00,US3MT=RR,MID_PRICE,0.09125
2020-08-24 00:00:00+00:00,US3MT=RR,MID_PRICE,0.08875
2020-08-25 00:00:00+00:00,US3MT=RR,MID_PRICE,0.0975
2020-08-26 00:00:00+00:00,US3MT=RR,MID_PRICE,0.0975
2020-08-27 00:00:00+00:00,US3MT=RR,MID_PRICE,0.1
2020-08-28 00:00:00+00:00,US3MT=RR,MID_PRICE,0.0975
2020-08-31 00:00:00+00:00,US3MT=RR,MID_PRICE,0.10125
2020-09-01 00:00:00+00:00,US3MT=RR,MID_PRICE,0.1025
2020-09-02 00:00:00+00:00,US3MT=RR,MID_PRICE,0.1025
2020-09-03 00:00:00+00:00,US3MT=RR,MID_PRICE,0.1025
2020-09-04 00:00:00+00:00,US3MT=RR,MID_PRICE,0.1075
2020-09-08 00:00:00+00:00,US3MT=RR,MID_PRICE,0.11
2020-09-09 00:00:00+00:00,US3MT=RR,MID_PRICE,0.1075
2020-09-10 00:00:00+00:00,US3MT=RR,MID_PRICE,0.1075
2020-09-11 00:00:00+00:00,US3MT=RR,MID_PRICE,0.1075
2020-09-14 00:00:00+00:00,US3MT=RR,MID_PRICE,0.1025
2020-09-15 00:00:00+00:00,US3MT=RR,MID_PRICE,0.1025
2020-09-16 00:00:00+00:00,US3MT=RR,MID_PRICE,0.105
2020-09-17 00:00:00+00:00,US3MT=RR,MID_PRICE,0.09
2020-09-18 00:00:00+00:00,US3MT=RR,MID_PRICE,0.085
2020-09-21 00:00:00+00:00,US3MT=RR,MID_PRICE,0.0825
2020-09-22 00:00:00+00:00,US3MT=RR,MID_PRICE,0.0925
2020-09-23 00:00:00+00:00,US3MT=RR,MID_PRICE,0.09
2020-09-24 00:00:00+00:00,US3MT=RR,MID_PRICE,0.095
2020-09-25 00:00:00+00:00,US3MT=RR,MID_PRICE,0.095
2020-09-28 00:00:00+00:00,US3MT=RR,MID_PRICE,0.09125
2020-09-29 00:00:00+00:00,US3MT=RR,MID_PRICE,0.0925
2020-09-30 00:00:00+00:00,US3MT=RR,MID_PRICE,0.09
2020-10-01 00:00:00+00:00,US3MT=RR,MID_PRICE,0.0875
2020-10-02 00:00:00+00:00,US3MT=RR,MID_PRICE,0.0875
2020-10-05 00:00:00+00:00,US3MT=RR,MID_PRICE,0.09
2020-10-06 00:00:00+00:00,US3MT=RR,MID_PRICE,0.0925
2020-10-07 00:00:00+00:00,US3MT=RR,MID_PRICE,0.0925
2020-10-08 00:00:00+00:00,US3MT=RR,MID_PRICE,0.0925
2020-10-09 00:00:00+00:00,US3MT=RR,MID_PRICE,0.0975
2020-10-13 00:00:00+00:00,US3MT=RR,MID_PRICE,0.09375
2020-10-14 00:00:00+00:00,US3MT=RR,MID_PRICE,0.1025
2020-10-15 00:00:00+00:00,US3MT=RR,MID_PRICE,0.0975
2020-10-16 00:00:00+00:00,US3MT=RR,MID_PRICE,0.0925
2020-10-19 00:00:00+00:00,US3MT=RR,MID_PRICE,0.09
2020-10-20 00:00:00+00:00,US3MT=RR,MID_PRICE,0.0975
2020-10-21 00:00:00+00:00,US3MT=RR,MID_PRICE,0.0925
2020-10-22 00:00:00+00:00,US3MT=RR,MID_PRICE,0.08625
2020-10-23 00:00:00+00:00,US3MT=RR,MID_PRICE,0.08875
2020-10-26 00:00:00+00:00,US3MT=RR,MID_PRICE,0.0825
2020-10-27 00:00:00+00:00,US3MT=RR,MID_PRICE,0.0925
2020-10-28 00:00:00+00:00,US3MT=RR,MID_PRICE,0.0925
2020-10-29 00:00:00+00:00,US3MT=RR,MID_PRICE,0.0875
2020-10-30 00:00:00+00:00,US3MT=RR,MID_PRICE,0.08875
2020-11-02 00:00:00+00:00,US3MT=RR,MID_PRICE,0.085
2020-11-03 00:00:00+00:00,US3MT=RR,MID_PRICE,0.0925
2020-11-04 00:00:00+00:00,US3MT=RR,MID_PRICE,0.0875
2020-11-05 00:00:00+00:00,US3MT=RR,MID_PRICE,0.09125
2020-11-06 00:00:00+00:00,US3MT=RR,MID_PRICE,0.0875
2020-11-09 00:00:00+00:00,US3MT=RR,MID_PRICE,0.09125
2020-11-10 00:00:00+00:00,US3MT=RR,MID_PRICE,0.0925
2020-11-12 00:00:00+00:00,US3MT=RR,MID_PRICE,0.0875
2020-11-13 00:00:00+00:00,US3MT=RR,MID_PRICE,0.08625
2020-11-16 00:00:00+00:00,US3MT=RR,MID_PRICE,0.08
2020-11-17 00:00:00+00:00,US3MT=RR,MID_PRICE,0.0825
2020-11-18 00:00:00+00:00,US3MT=RR,MID_PRICE,0.075
2020-11-19 00:00:00+00:00,US3MT=RR,MID_PRICE,0.0625
2020-11-20 00:00:00+00:00,US3MT=RR,MID_PRICE,0.065
2020-11-23 00:00:00+00:00,US3MT=RR,MID_PRICE,0.07
2020-11-24 00:00:00+00:00,US3MT=RR,MID_PRICE,0.0825
2020-11-25 00:00:00+00:00,US3MT=RR,MID_PRICE,0.085
2020-11-27 00:00:00+00:00,US3MT=RR,MID_PRICE,0.0775
2020-11-30 00:00:00+00:00,US3MT=RR,MID_PRICE,0.0725
2020-12-01 00:00:00+00:00,US3MT=RR,MID_PRICE,0.0825
2020-12-02 00:00:00+00:00,US3MT=RR,MID_PRICE,0.0775
2020-12-03 00:00:00+00:00,US3MT=RR,MID_PRICE,0.0775
2020-12-04 00:00:00+00:00,US3MT=RR,MID_PRICE,0.0775
2020-12-07 00:00:00+00:00,US3MT=RR,MID_PRICE,0.07375
2020-12-08 00:00:00+00:00,US3MT=RR,MID_PRICE,0.0725
2020-12-09 00:00:00+00:00,US3MT=RR,MID_PRICE,0.0725
2020-12-10 00:00:00+00:00,US3MT=RR,MID_PRICE,0.07125
2020-12-11 00:00:00+00:00,US3MT=RR,MID_PRICE,0.07
2020-12-14 00:00:00+00:00,US3MT=RR,MID_PRICE,0.065
2020-12-15 00:00:00+00:00,US3MT=RR,MID_PRICE,0.0725
2020-12-16 00:00:00+00:00,US3MT=RR,MID_PRICE,0.075
2020-12-17 00:00:00+00:00,US3MT=RR,MID_PRICE,0.0825
2020-12-18 00:00:00+00:00,US3MT=RR,MID_PRICE,0.0825
2020-12-21 00:00:00+00:00,US3MT=RR,MID_PRICE,0.0825
2020-12-22 00:00:00+00:00,US3MT=RR,MID_PRICE,0.0825
2020-12-23 00:00:00+00:00,US3MT=RR,MID_PRICE,0.085
2020-12-24 00:00:00+00:00,US3MT=RR,MID_PRICE,0.0825
2020-12-28 00:00:00+00:00,US3MT=RR,MID_PRICE,0.085
2020-12-29 00:00:00+00:00,US3MT=RR,MID_PRICE,0.0925
2020-12-30 00:00:00+00:00,US3MT=RR,MID_PRICE,0.0775
2020-12-31 00:00:00+00:00,US3MT=RR,MID_PRICE,0.07125
2021-01-04 00:00:00+00:00,US3MT=RR,MID_PRICE,0.0675
2021-01-05 00:00:00+00:00,US3MT=RR,MID_PRICE,0.08
2021-01-06 00:00:00+00:00,US3MT=RR,MID_PRICE,0.0825
2021-01-07 00:00:00+00:00,US3MT=RR,MID_PRICE,0.0825
2021-01-08 00:00:00+00:00,US3MT=RR,MID_PRICE,0.08
2021-01-11 00:00:00+00:00,US3MT=RR,MID_PRICE,0.08
2021-01-12 00:00:00+00:00,US3MT=RR,MID_PRICE,0.0825
2021-01-13 00:00:00+00:00,US3MT=RR,MID_PRICE,0.0825
2021-01-14 00:00:00+00:00,US3MT=RR,MID_PRICE,0.0775
2021-01-15 00:00:00+00:00,US3MT=RR,MID_PRICE,0.07875
2021-01-19 00:00:00+00:00,US3MT=RR,MID_PRICE,0.075
2021-01-20 00:00:00+00:00,US3MT=RR,MID_PRICE,0.0775
2021-01-21 00:00:00+00:00,US3MT=RR,MID_PRICE,0.07375
2021-01-22 00:00:00+00:00,US3MT=RR,MID_PRICE,0.0725
2021-01-25 00:00:00+00:00,US3MT=RR,MID_PRICE,0.07
2021-01-26 00:00:00+00:00,US3MT=RR,MID_PRICE,0.0725
2021-01-27 00:00:00+00:00,US3MT=RR,MID_PRICE,0.065
2021-01-28 00:00:00+00:00,US3MT=RR,MID_PRICE,0.0575
2021-01-29 00:00:00+00:00,US3MT=RR,MID_PRICE,0.0525
2021-02-01 00:00:00+00:00,US3MT=RR,MID_PRICE,0.05
2021-02-02 00:00:00+00:00,US3MT=RR,MID_PRICE,0.0525
2021-02-03 00:00:00+00:00,US3MT=RR,MID_PRICE,0.0425
2021-02-04 00:00:00+00:00,US3MT=RR,MID_PRICE,0.0325
2021-02-05 00:00:00+00:00,US3MT=RR,MID_PRICE,0.02625
2021-02-08 00:00:00+00:00,US3MT=RR,MID_PRICE,0.02875
2021-02-09 00:00:00+00:00,US3MT=RR,MID_PRICE,0.03625
2021-02-10 00:00:00+00:00,US3MT=RR,MID_PRICE,0.0375
2021-02-11 00:00:00+00:00,US3MT=RR,MID_PRICE,0.03875
2021-02-12 00:00:00+00:00,US3MT=RR,MID_PRICE,0.0375
2021-02-16 00:00:00+00:00,US3MT=RR,MID_PRICE,0.04
2021-02-17 00:00:00+00:00,US3MT=RR,MID_PRICE,0.0375
2021-02-18 00:00:00+00:00,US3MT=RR,MID_PRICE,0.03125
2021-02-19 00:00:00+00:00,US3MT=RR,MID_PRICE,0.0275
2021-02-22 00:00:00+00:00,US3MT=RR,MID_PRICE,0.0275
2021-02-23 00:00:00+00:00,US3MT=RR,MID_PRICE,0.03
2021-02-24 00:00:00+00:00,US3MT=RR,MID_PRICE,0.0325
2021-02-25 00:00:00+00:00,US3MT=RR,MID_PRICE,0.03875
2021-02-26 00:00:00+00:00,US3MT=RR,MID_PRICE,0.0375
2021-03-01 00:00:00+00:00,US3MT=RR,MID_PRICE,0.0325
2021-03-02 00:00:00+00:00,US3MT=RR,MID_PRICE,0.0375
2021-03-03 00:00:00+00:00,US3MT=RR,MID_PRICE,0.0375
2021-03-04 00:00:00+00:00,US3MT=RR,MID_PRICE,0.03375
2021-03-05 00:00:00+00:00,US3MT=RR,MID_PRICE,0.03375
2021-03-08 00:00:00+00:00,US3MT=RR,MID_PRICE,0.0375
2021-03-09 00:00:00+00:00,US3MT=RR,MID_PRICE,0.0375
2021-03-10 00:00:00+00:00,US3MT=RR,MID_PRICE,0.035
2021-03-11 00:00:00+00:00,US3MT=RR,MID_PRICE,0.0325
2021-03-12 00:00:00+00:00,US3MT=RR,MID_PRICE,0.0275
2021-03-15 00:00:00+00:00,US3MT=RR,MID_PRICE,0.0175
2021-03-16 00:00:00+00:00,US3MT=RR,MID_PRICE,0.015
2021-03-17 00:00:00+00:00,US3MT=RR,MID_PRICE,0.0125
2021-03-18 00:00:00+00:00,US3MT=RR,MID_PRICE,0.0075
2021-03-19 00:00:00+00:00,US3MT=RR,MID_PRICE,0.005
2021-03-22 00:00:00+00:00,US3MT=RR,MID_PRICE,0.005
2021-03-23 00:00:00+00:00,US3MT=RR,MID_PRICE,0.0175
2021-03-24 00:00:00+00:00,US3MT=RR,MID_PRICE,0.0175
2021-03-25 00:00:00+00:00,US3MT=RR,MID_PRICE,0.0175
2021-03-26 00:00:00+00:00,US3MT=RR,MID_PRICE,0.0175
2021-03-29 00:00:00+00:00,US3MT=RR,MID_PRICE,0.0125
2021-03-30 00:00:00+00:00,US3MT=RR,MID_PRICE,0.0175
2021-03-31 00:00:00+00:00,US3MT=RR,MID_PRICE,0.0175
2021-04-01 00:00:00+00:00,US3MT=RR,MID_PRICE,0.015
2021-04-02 00:00:00+00:00,US3MT=RR,MID_PRICE,0.015
2021-04-05 00:00:00+00:00,US3MT=RR,MID_PRICE,0.0175
2021-04-06 00:00:00+00:00,US3MT=RR,MID_PRICE,0.0175
2021-04-07 00:00:00+00:00,US3MT=RR,MID_PRICE,0.0125
2021-04-08 00:00:00+00:00,US3MT=RR,MID_PRICE,0.01
2021-04-09 00:00:00+00:00,US3MT=RR,MID_PRICE,0.01
2021-04-12 00:00:00+00:00,US3MT=RR,MID_PRICE,0.0125
2021-04-13 00:00:00+00:00,US3MT=RR,MID_PRICE,0.0175
2021-04-14 00:00:00+00:00,US3MT=RR,MID_PRICE,0.0175
2021-04-15 00:00:00+00:00,US3MT=RR,MID_PRICE,0.0125
2021-04-16 00:00:00+00:00,US3MT=RR,MID_PRICE,0.0125
2021-04-19 00:00:00+00:00,US3MT=RR,MID_PRICE,0.0175
2021-04-20 00:00:00+00:00,US3MT=RR,MID_PRICE,0.0175
2021-04-21 00:00:00+00:00,US3MT=RR,MID_PRICE,0.02
2021-04-22 00:00:00+00:00,US3MT=RR,MID_PRICE,0.0175
2021-04-23 00:00:00+00:00,US3MT=RR,MID_PRICE,0.01625
2021-04-26 00:00:00+00:00,US3MT=RR,MID_PRICE,0.01
2021-04-27 00:00:00+00:00,US3MT=RR,MID_PRICE,0.0125
2021-04-28 00:00:00+00:00,US3MT=RR,MID_PRICE,0.01375
2021-04-29 00:00:00+00:00,US3MT=RR,MID_PRICE,0.0075
2021-04-30 00:00:00+00:00,US3MT=RR,MID_PRICE,0.0075
2021-05-03 00:00:00+00:00,US3MT=RR,MID_PRICE,0.01
2021-05-04 00:00:00+00:00,US3MT=RR,MID_PRICE,0.0125
2021-05-05 00:00:00+00:00,US3MT=RR,MID_PRICE,0.0125
2021-05-06 00:00:00+00:00,US3MT=RR,MID_PRICE,0.01125
2021-05-07 00:00:00+00:00,US3MT=RR,MID_PRICE,0.01125
2021-05-10 00:00:00+00:00,US3MT=RR,MID_PRICE,0.00875
2021-05-11 00:00:00+00:00,US3MT=RR,MID_PRICE,0.0125
2021-05-12 00:00:00+00:00,US3MT=RR,MID_PRICE,0.0125
2021-05-13 00:00:00+00:00,US3MT=RR,MID_PRICE,0.01
2021-05-14 00:00:00+00:00,US3MT=RR,MID_PRICE,0.00875
2021-05-17 00:00:00+00:00,US3MT=RR,MID_PRICE,0.0075
2021-05-18 00:00:00+00:00,US3MT=RR,MID_PRICE,0.0125
2021-05-19 00:00:00+00:00,US3MT=RR,MID_PRICE,0.01
2021-05-20 00:00:00+00:00,US3MT=RR,MID_PRICE,0.00375
2021-05-21 00:00:00+00:00,US3MT=RR,MID_PRICE,0.0025
2021-05-24 00:00:00+00:00,US3MT=RR,MID_PRICE,0.005
2021-05-25 00:00:00+00:00,US3MT=RR,MID_PRICE,0.0125
2021-05-26 00:00:00+00:00,US3MT=RR,MID_PRICE,0.005
2021-05-27 00:00:00+00:00,US3MT=RR,MID_PRICE,0.0075
2021-05-28 00:00:00+00:00,US3MT=RR,MID_PRICE,0.01
2021-06-01 00:00:00+00:00,US3MT=RR,MID_PRICE,0.0125
2021-06-02 00:00:00+00:00,US3MT=RR,MID_PRICE,0.0175
2021-06-03 00:00:00+00:00,US3MT=RR,MID_PRICE,0.0175
2021-06-04 00:00:00+00:00,US3MT=RR,MID_PRICE,0.01875
2021-06-07 00:00:00+00:00,US3MT=RR,MID_PRICE,0.02
2021-06-08 00:00:00+00:00,US3MT=RR,MID_PRICE,0.0225
2021-06-09 00:00:00+00:00,US3MT=RR,MID_PRICE,0.0225
2021-06-10 00:00:00+00:00,US3MT=RR,MID_PRICE,0.0225
2021-06-11 00:00:00+00:00,US3MT=RR,MID_PRICE,0.0225
2021-06-14 00:00:00+00:00,US3MT=RR,MID_PRICE,0.015
2021-06-15 00:00:00+00:00,US3MT=RR,MID_PRICE,0.0225
2021-06-16 00:00:00+00:00,US3MT=RR,MID_PRICE,0.03125
2021-06-17 00:00:00+00:00,US3MT=RR,MID_PRICE,0.0325
2021-06-18 00:00:00+00:00,US3MT=RR,MID_PRICE,0.035
2021-06-21 00:00:00+00:00,US3MT=RR,MID_PRICE,0.035
2021-06-22 00:00:00+00:00,US3MT=RR,MID_PRICE,0.04
2021-06-23 00:00:00+00:00,US3MT=RR,MID_PRICE,0.0375
2021-06-24 00:00:00+00:00,US3MT=RR,MID_PRICE,0.0475
2021-06-25 00:00:00+00:00,US3MT=RR,MID_PRICE,0.045
2021-06-28 00:00:00+00:00,US3MT=RR,MID_PRICE,0.045
2021-06-29 00:00:00+00:00,US3MT=RR,MID_PRICE,0.045
2021-06-30 00:00:00+00:00,US3MT=RR,MID_PRICE,0.0425
2021-07-01 00:00:00+00:00,US3MT=RR,MID_PRICE,0.045
2021-07-02 00:00:00+00:00,US3MT=RR,MID_PRICE,0.0425
2021-07-06 00:00:00+00:00,US3MT=RR,MID_PRICE,0.045
2021-07-07 00:00:00+00:00,US3MT=RR,MID_PRICE,0.045
2021-07-08 00:00:00+00:00,US3MT=RR,MID_PRICE,0.0475
2021-07-09 00:00:00+00:00,US3MT=RR,MID_PRICE,0.04625
2021-07-12 00:00:00+00:00,US3MT=RR,MID_PRICE,0.0475
2021-07-13 00:00:00+00:00,US3MT=RR,MID_PRICE,0.0475
2021-07-14 00:00:00+00:00,US3MT=RR,MID_PRICE,0.0475
2021-07-15 00:00:00+00:00,US3MT=RR,MID_PRICE,0.0425
2021-07-16 00:00:00+00:00,US3MT=RR,MID_PRICE,0.045
2021-07-19 00:00:00+00:00,US3MT=RR,MID_PRICE,0.04
2021-07-20 00:00:00+00:00,US3MT=RR,MID_PRICE,0.0475
2021-07-21 00:00:00+00:00,US3MT=RR,MID_PRICE,0.045
2021-07-22 00:00:00+00:00,US3MT=RR,MID_PRICE,0.04625
2021-07-23 00:00:00+00:00,US3MT=RR,MID_PRICE,0.045
2021-07-26 00:00:00+00:00,US3MT=RR,MID_PRICE,0.0425
2021-07-27 00:00:00+00:00,US3MT=RR,MID_PRICE,0.0475
2021-07-28 00:00:00+00:00,US3MT=RR,MID_PRICE,0.045
2021-07-29 00:00:00+00:00,US3MT=RR,MID_PRICE,0.0425
2021-07-30 00:00:00+00:00,US3MT=RR,MID_PRICE,0.04375
2021-08-02 00:00:00+00:00,US3MT=RR,MID_PRICE,0.04125
2021-08-03 00:00:00+00:00,US3MT=RR,MID_PRICE,0.0475
2021-08-04 00:00:00+00:00,US3MT=RR,MID_PRICE,0.045
2021-08-05 00:00:00+00:00,US3MT=RR,MID_PRICE,0.0475
2021-08-06 00:00:00+00:00,US3MT=RR,MID_PRICE,0.0475
2021-08-09 00:00:00+00:00,US3MT=RR,MID_PRICE,0.0475
2021-08-10 00:00:00+00:00,US3MT=RR,MID_PRICE,0.0525
2021-08-11 00:00:00+00:00,US3MT=RR,MID_PRICE,0.0475
2021-08-12 00:00:00+00:00,US3MT=RR,MID_PRICE,0.0475
2021-08-13 00:00:00+00:00,US3MT=RR,MID_PRICE,0.05125
2021-08-16 00:00:00+00:00,US3MT=RR,MID_PRICE,0.0625
2021-08-17 00:00:00+00:00,US3MT=RR,MID_PRICE,0.0675
2021-08-18 00:00:00+00:00,US3MT=RR,MID_PRICE,0.0575
2021-08-19 00:00:00+00:00,US3MT=RR,MID_PRICE,0.0475
2021-08-20 00:00:00+00:00,US3MT=RR,MID_PRICE,0.045
2021-08-23 00:00:00+00:00,US3MT=RR,MID_PRICE,0.045
2021-08-24 00:00:00+00:00,US3MT=RR,MID_PRICE,0.0525
2021-08-25 00:00:00+00:00,US3MT=RR,MID_PRICE,0.045
2021-08-26 00:00:00+00:00,US3MT=RR,MID_PRICE,0.0475
2021-08-27 00:00:00+00:00,US3MT=RR,MID_PRICE,0.0475
2021-08-30 00:00:00+00:00,US3MT=RR,MID_PRICE,0.04125
2021-08-31 00:00:00+00:00,US3MT=RR,MID_PRICE,0.0425
2021-09-01 00:00:00+00:00,US3MT=RR,MID_PRICE,0.0375
2021-09-02 00:00:00+00:00,US3MT=RR,MID_PRICE,0.04125
2021-09-03 00:00:00+00:00,US3MT=RR,MID_PRICE,0.04125
2021-09-07 00:00:00+00:00,US3MT=RR,MID_PRICE,0.0375
2021-09-08 00:00:00+00:00,US3MT=RR,MID_PRICE,0.0425
2021-09-09 00:00:00+00:00,US3MT=RR,MID_PRICE,0.04
2021-09-10 00:00:00+00:00,US3MT=RR,MID_PRICE,0.04125
2021-09-13 00:00:00+00:00,US3MT=RR,MID_PRICE,0.04125
2021-09-14 00:00:00+00:00,US3MT=RR,MID_PRICE,0.0375
2021-09-15 00:00:00+00:00,US3MT=RR,MID_PRICE,0.0375
2021-09-16 00:00:00+00:00,US3MT=RR,MID_PRICE,0.03375
2021-09-17 00:00:00+00:00,US3MT=RR,MID_PRICE,0.035
2021-09-20 00:00:00+00:00,US3MT=RR,MID_PRICE,0.02625
2021-09-21 00:00:00+00:00,US3MT=RR,MID_PRICE,0.025
2021-09-22 00:00:00+00:00,US3MT=RR,MID_PRICE,0.0275
2021-09-23 00:00:00+00:00,US3MT=RR,MID_PRICE,0.03
2021-09-24 00:00:00+00:00,US3MT=RR,MID_PRICE,0.03
2021-09-27 00:00:00+00:00,US3MT=RR,MID_PRICE,0.02625
2021-09-28 00:00:00+00:00,US3MT=RR,MID_PRICE,0.035
2021-09-29 00:00:00+00:00,US3MT=RR,MID_PRICE,0.0325
2021-09-30 00:00:00+00:00,US3MT=RR,MID_PRICE,0.0375
2021-10-01 00:00:00+00:00,US3MT=RR,MID_PRICE,0.035
2021-10-04 00:00:00+00:00,US3MT=RR,MID_PRICE,0.03
2021-10-05 00:00:00+00:00,US3MT=RR,MID_PRICE,0.0375
2021-10-06 00:00:00+00:00,US3MT=RR,MID_PRICE,0.04
2021-10-07 00:00:00+00:00,US3MT=RR,MID_PRICE,0.0475
2021-10-08 00:00:00+00:00,US3MT=RR,MID_PRICE,0.045
2021-10-12 00:00:00+00:00,US3MT=RR,MID_PRICE,0.045
2021-10-13 00:00:00+00:00,US3MT=RR,MID_PRICE,0.0475
2021-10-14 00:00:00+00:00,US3MT=RR,MID_PRICE,0.0425
2021-10-15 00:00:00+00:00,US3MT=RR,MID_PRICE,0.0475
2021-10-18 00:00:00+00:00,US3MT=RR,MID_PRICE,0.04625
2021-10-19 00:00:00+00:00,US3MT=RR,MID_PRICE,0.0525
2021-10-20 00:00:00+00:00,US3MT=RR,MID_PRICE,0.0475
2021-10-21 00:00:00+00:00,US3MT=RR,MID_PRICE,0.0525
2021-10-22 00:00:00+00:00,US3MT=RR,MID_PRICE,0.055
2021-10-25 00:00:00+00:00,US3MT=RR,MID_PRICE,0.05375
2021-10-26 00:00:00+00:00,US3MT=RR,MID_PRICE,0.0525
2021-10-27 00:00:00+00:00,US3MT=RR,MID_PRICE,0.0525
2021-10-28 00:00:00+00:00,US3MT=RR,MID_PRICE,0.05
2021-10-29 00:00:00+00:00,US3MT=RR,MID_PRICE,0.05375
2021-11-01 00:00:00+00:00,US3MT=RR,MID_PRICE,0.045
2021-11-02 00:00:00+00:00,US3MT=RR,MID_PRICE,0.0475
2021-11-03 00:00:00+00:00,US3MT=RR,MID_PRICE,0.045
2021-11-04 00:00:00+00:00,US3MT=RR,MID_PRICE,0.04
2021-11-05 00:00:00+00:00,US3MT=RR,MID_PRICE,0.0425
2021-11-08 00:00:00+00:00,US3MT=RR,MID_PRICE,0.04
2021-11-09 00:00:00+00:00,US3MT=RR,MID_PRICE,0.0425
2021-11-10 00:00:00+00:00,US3MT=RR,MID_PRICE,0.045
2021-11-12 00:00:00+00:00,US3MT=RR,MID_PRICE,0.0475
2021-11-15 00:00:00+00:00,US3MT=RR,MID_PRICE,0.045
2021-11-16 00:00:00+00:00,US3MT=RR,MID_PRICE,0.0425
2021-11-17 00:00:00+00:00,US3MT=RR,MID_PRICE,0.0475
2021-11-18 00:00:00+00:00,US3MT=RR,MID_PRICE,0.0475
2021-11-19 00:00:00+00:00,US3MT=RR,MID_PRICE,0.0475
2021-11-22 00:00:00+00:00,US3MT=RR,MID_PRICE,0.04625
2021-11-23 00:00:00+00:00,US3MT=RR,MID_PRICE,0.0475
2021-11-24 00:00:00+00:00,US3MT=RR,MID_PRICE,0.05375
2021-11-26 00:00:00+00:00,US3MT=RR,MID_PRICE,0.0475
2021-11-29 00:00:00+00:00,US3MT=RR,MID_PRICE,0.04
2021-11-30 00:00:00+00:00,US3MT=RR,MID_PRICE,0.0525
2021-12-01 00:00:00+00:00,US3MT=RR,MID_PRICE,0.0475
2021-12-02 00:00:00+00:00,US3MT=RR,MID_PRICE,0.04
2021-12-03 00:00:00+00:00,US3MT=RR,MID_PRICE,0.0475
2021-12-06 00:00:00+00:00,US3MT=RR,MID_PRICE,0.045
2021-12-07 00:00:00+00:00,US3MT=RR,MID_PRICE,0.0625
2021-12-08 00:00:00+00:00,US3MT=RR,MID_PRICE,0.0575
2021-12-09 00:00:00+00:00,US3MT=RR,MID_PRICE,0.055
2021-12-10 00:00:00+00:00,US3MT=RR,MID_PRICE,0.05375
2021-12-13 00:00:00+00:00,US3MT=RR,MID_PRICE,0.05
2021-12-14 00:00:00+00:00,US3MT=RR,MID_PRICE,0.0525
2021-12-15 00:00:00+00:00,US3MT=RR,MID_PRICE,0.0425
2021-12-16 00:00:00+00:00,US3MT=RR,MID_PRICE,0.04
2021-12-17 00:00:00+00:00,US3MT=RR,MID_PRICE,0.04
2021-12-20 00:00:00+00:00,US3MT=RR,MID_PRICE,0.0425
2021-12-21 00:00:00+00:00,US3MT=RR,MID_PRICE,0.0675
2021-12-22 00:00:00+00:00,US3MT=RR,MID_PRICE,0.065
2021-12-23 00:00:00+00:00,US3MT=RR,MID_PRICE,0.0625
2021-12-27 00:00:00+00:00,US3MT=RR,MID_PRICE,0.05
2021-12-28 00:00:00+00:00,US3MT=RR,MID_PRICE,0.055
2021-12-29 00:00:00+00:00,US3MT=RR,MID_PRICE,0.045
2021-12-30 00:00:00+00:00,US3MT=RR,MID_PRICE,0.0425
2021-12-31 00:00:00+00:00,US3MT=RR,MID_PRICE,0.0425
2022-01-03 00:00:00+00:00,US3MT=RR,MID_PRICE,0.06
2022-01-04 00:00:00+00:00,US3MT=RR,MID_PRICE,0.0825
2022-01-05 00:00:00+00:00,US3MT=RR,MID_PRICE,0.0875
2022-01-06 00:00:00+00:00,US3MT=RR,MID_PRICE,0.0925
2022-01-07 00:00:00+00:00,US3MT=RR,MID_PRICE,0.09
2022-01-10 00:00:00+00:00,US3MT=RR,MID_PRICE,0.09375
2022-01-11 00:00:00+00:00,US3MT=RR,MID_PRICE,0.12
2022-01-12 00:00:00+00:00,US3MT=RR,MID_PRICE,0.115
2022-01-13 00:00:00+00:00,US3MT=RR,MID_PRICE,0.11625
2022-01-14 00:00:00+00:00,US3MT=RR,MID_PRICE,0.12
2022-01-18 00:00:00+00:00,US3MT=RR,MID_PRICE,0.13
2022-01-19 00:00:00+00:00,US3MT=RR,MID_PRICE,0.1725
2022-01-20 00:00:00+00:00,US3MT=RR,MID_PRICE,0.17
2022-01-21 00:00:00+00:00,US3MT=RR,MID_PRICE,0.165
2022-01-24 00:00:00+00:00,US3MT=RR,MID_PRICE,0.16
2022-01-25 00:00:00+00:00,US3MT=RR,MID_PRICE,0.1875
2022-01-26 00:00:00+00:00,US3MT=RR,MID_PRICE,0.195
2022-01-27 00:00:00+00:00,US3MT=RR,MID_PRICE,0.195
2022-01-28 00:00:00+00:00,US3MT=RR,MID_PRICE,0.1825
2022-01-31 00:00:00+00:00,US3MT=RR,MID_PRICE,0.18
2022-02-01 00:00:00+00:00,US3MT=RR,MID_PRICE,0.2025
2022-02-02 00:00:00+00:00,US3MT=RR,MID_PRICE,0.1925
2022-02-03 00:00:00+00:00,US3MT=RR,MID_PRICE,0.195
2022-02-04 00:00:00+00:00,US3MT=RR,MID_PRICE,0.22625
2022-02-07 00:00:00+00:00,US3MT=RR,MID_PRICE,0.21
2022-02-08 00:00:00+00:00,US3MT=RR,MID_PRICE,0.275
2022-02-09 00:00:00+00:00,US3MT=RR,MID_PRICE,0.27
2022-02-10 00:00:00+00:00,US3MT=RR,MID_PRICE,0.39375
2022-02-11 00:00:00+00:00,US3MT=RR,MID_PRICE,0.35
2022-02-14 00:00:00+00:00,US3MT=RR,MID_PRICE,0.37
2022-02-15 00:00:00+00:00,US3MT=RR,MID_PRICE,0.41
2022-02-16 00:00:00+00:00,US3MT=RR,MID_PRICE,0.375
2022-02-17 00:00:00+00:00,US3MT=RR,MID_PRICE,0.345
2022-02-18 00:00:00+00:00,US3MT=RR,MID_PRICE,0.335
2022-02-22 00:00:00+00:00,US3MT=RR,MID_PRICE,0.3375
2022-02-23 00:00:00+00:00,US3MT=RR,MID_PRICE,0.35
2022-02-24 00:00:00+00:00,US3MT=RR,MID_PRICE,0.3025
2022-02-25 00:00:00+00:00,US3MT=RR,MID_PRICE,0.315
2022-02-28 00:00:00+00:00,US3MT=RR,MID_PRICE,0.3
2022-03-01 00:00:00+00:00,US3MT=RR,MID_PRICE,0.3225
2022-03-02 00:00:00+00:00,US3MT=RR,MID_PRICE,0.325
2022-03-03 00:00:00+00:00,US3MT=RR,MID_PRICE,0.34
2022-03-04 00:00:00+00:00,US3MT=RR,MID_PRICE,0.32
2022-03-07 00:00:00+00:00,US3MT=RR,MID_PRICE,0.32
2022-03-08 00:00:00+00:00,US3MT=RR,MID_PRICE,0.36
2022-03-09 00:00:00+00:00,US3MT=RR,MID_PRICE,0.37
2022-03-10 00:00:00+00:00,US3MT=RR,MID_PRICE,0.37
2022-03-11 00:00:00+00:00,US3MT=RR,MID_PRICE,0.375
2022-03-14 00:00:00+00:00,US3MT=RR,MID_PRICE,0.395
2022-03-15 00:00:00+00:00,US3MT=RR,MID_PRICE,0.4625
2022-03-16 00:00:00+00:00,US3MT=RR,MID_PRICE,0.4275
2022-03-17 00:00:00+00:00,US3MT=RR,MID_PRICE,0.38
2022-03-18 00:00:00+00:00,US3MT=RR,MID_PRICE,0.3875
2022-03-21 00:00:00+00:00,US3MT=RR,MID_PRICE,0.445
2022-03-22 00:00:00+00:00,US3MT=RR,MID_PRICE,0.525
2022-03-23 00:00:00+00:00,US3MT=RR,MID_PRICE,0.48
2022-03-24 00:00:00+00:00,US3MT=RR,MID_PRICE,0.5
2022-03-25 00:00:00+00:00,US3MT=RR,MID_PRICE,0.5175
2022-03-28 00:00:00+00:00,US3MT=RR,MID_PRICE,0.53
2022-03-29 00:00:00+00:00,US3MT=RR,MID_PRICE,0.5575
2022-03-30 00:00:00+00:00,US3MT=RR,MID_PRICE,0.5175
2022-03-31 00:00:00+00:00,US3MT=RR,MID_PRICE,0.5
2022-04-01 00:00:00+00:00,US3MT=RR,MID_PRICE,0.51
2022-04-04 00:00:00+00:00,US3MT=RR,MID_PRICE,0.54375
2022-04-05 00:00:00+00:00,US3MT=RR,MID_PRICE,0.665
2022-04-06 00:00:00+00:00,US3MT=RR,MID_PRICE,0.6675
2022-04-07 00:00:00+00:00,US3MT=RR,MID_PRICE,0.6675
2022-04-08 00:00:00+00:00,US3MT=RR,MID_PRICE,0.68
2022-04-11 00:00:00+00:00,US3MT=RR,MID_PRICE,0.69
2022-04-12 00:00:00+00:00,US3MT=RR,MID_PRICE,0.7375
2022-04-13 00:00:00+00:00,US3MT=RR,MID_PRICE,0.7375
2022-04-14 00:00:00+00:00,US3MT=RR,MID_PRICE,0.76
2022-04-18 00:00:00+00:00,US3MT=RR,MID_PRICE,0.75625
2022-04-19 00:00:00+00:00,US3MT=RR,MID_PRICE,0.84
2022-04-20 00:00:00+00:00,US3MT=RR,MID_PRICE,0.8025
2022-04-21 00:00:00+00:00,US3MT=RR,MID_PRICE,0.795
2022-04-22 00:00:00+00:00,US3MT=RR,MID_PRICE,0.7975
2022-04-25 00:00:00+00:00,US3MT=RR,MID_PRICE,0.8075
2022-04-26 00:00:00+00:00,US3MT=RR,MID_PRICE,0.83
2022-04-27 00:00:00+00:00,US3MT=RR,MID_PRICE,0.81625
2022-04-28 00:00:00+00:00,US3MT=RR,MID_PRICE,0.8
2022-04-29 00:00:00+00:00,US3MT=RR,MID_PRICE,0.8175
2022-05-02 00:00:00+00:00,US3MT=RR,MID_PRICE,0.775
2022-05-03 00:00:00+00:00,US3MT=RR,MID_PRICE,0.905
2022-05-04 00:00:00+00:00,US3MT=RR,MID_PRICE,0.86
2022-05-05 00:00:00+00:00,US3MT=RR,MID_PRICE,0.8075
2022-05-06 00:00:00+00:00,US3MT=RR,MID_PRICE,0.82
2022-05-09 00:00:00+00:00,US3MT=RR,MID_PRICE,0.8075
2022-05-10 00:00:00+00:00,US3MT=RR,MID_PRICE,0.8875
2022-05-11 00:00:00+00:00,US3MT=RR,MID_PRICE,0.89
2022-05-12 00:00:00+00:00,US3MT=RR,MID_PRICE,0.9225
2022-05-13 00:00:00+00:00,US3MT=RR,MID_PRICE,0.96125
2022-05-16 00:00:00+00:00,US3MT=RR,MID_PRICE,0.9875
2022-05-17 00:00:00+00:00,US3MT=RR,MID_PRICE,1.045
2022-05-18 00:00:00+00:00,US3MT=RR,MID_PRICE,1.0125
2022-05-19 00:00:00+00:00,US3MT=RR,MID_PRICE,1.015
2022-05-20 00:00:00+00:00,US3MT=RR,MID_PRICE,1.0
2022-05-23 00:00:00+00:00,US3MT=RR,MID_PRICE,1.005
2022-05-24 00:00:00+00:00,US3MT=RR,MID_PRICE,1.045
2022-05-25 00:00:00+00:00,US3MT=RR,MID_PRICE,1.0475
2022-05-26 00:00:00+00:00,US3MT=RR,MID_PRICE,1.0325
2022-05-27 00:00:00+00:00,US3MT=RR,MID_PRICE,1.045
2022-05-31 00:00:00+00:00,US3MT=RR,MID_PRICE,1.04
2022-06-01 00:00:00+00:00,US3MT=RR,MID_PRICE,1.11
2022-06-02 00:00:00+00:00,US3MT=RR,MID_PRICE,1.1125
2022-06-03 00:00:00+00:00,US3MT=RR,MID_PRICE,1.14875
2022-06-06 00:00:00+00:00,US3MT=RR,MID_PRICE,1.18
2022-06-07 00:00:00+00:00,US3MT=RR,MID_PRICE,1.2275
2022-06-08 00:00:00+00:00,US3MT=RR,MID_PRICE,1.2325
2022-06-09 00:00:00+00:00,US3MT=RR,MID_PRICE,1.2425
2022-06-10 00:00:00+00:00,US3MT=RR,MID_PRICE,1.3125
2022-06-13 00:00:00+00:00,US3MT=RR,MID_PRICE,1.58
2022-06-14 00:00:00+00:00,US3MT=RR,MID_PRICE,1.7575
2022-06-15 00:00:00+00:00,US3MT=RR,MID_PRICE,1.5875
2022-06-16 00:00:00+00:00,US3MT=RR,MID_PRICE,1.505
2022-06-17 00:00:00+00:00,US3MT=RR,MID_PRICE,1.565
2022-06-21 00:00:00+00:00,US3MT=RR,MID_PRICE,1.5175
2022-06-22 00:00:00+00:00,US3MT=RR,MID_PRICE,1.5375
2022-06-23 00:00:00+00:00,US3MT=RR,MID_PRICE,1.57
2022-06-24 00:00:00+00:00,US3MT=RR,MID_PRICE,1.6325
2022-06-27 00:00:00+00:00,US3MT=RR,MID_PRICE,1.6425
2022-06-28 00:00:00+00:00,US3MT=RR,MID_PRICE,1.75
2022-06-29 00:00:00+00:00,US3MT=RR,MID_PRICE,1.67
2022-06-30 00:00:00+00:00,US3MT=RR,MID_PRICE,1.64
2022-07-01 00:00:00+00:00,US3MT=RR,MID_PRICE,1.6375
2022-07-05 00:00:00+00:00,US3MT=RR,MID_PRICE,1.6525
2022-07-06 00:00:00+00:00,US3MT=RR,MID_PRICE,1.8425
2022-07-07 00:00:00+00:00,US3MT=RR,MID_PRICE,1.875
2022-07-08 00:00:00+00:00,US3MT=RR,MID_PRICE,1.885
2022-07-11 00:00:00+00:00,US3MT=RR,MID_PRICE,1.99
2022-07-12 00:00:00+00:00,US3MT=RR,MID_PRICE,2.1275
2022-07-13 00:00:00+00:00,US3MT=RR,MID_PRICE,2.2925
2022-07-14 00:00:00+00:00,US3MT=RR,MID_PRICE,2.3075
2022-07-15 00:00:00+00:00,US3MT=RR,MID_PRICE,2.29
2022-07-18 00:00:00+00:00,US3MT=RR,MID_PRICE,2.285
2022-07-19 00:00:00+00:00,US3MT=RR,MID_PRICE,2.4425
2022-07-20 00:00:00+00:00,US3MT=RR,MID_PRICE,2.41
2022-07-21 00:00:00+00:00,US3MT=RR,MID_PRICE,2.385
2022-07-22 00:00:00+00:00,US3MT=RR,MID_PRICE,2.3725
2022-07-25 00:00:00+00:00,US3MT=RR,MID_PRICE,2.41375
2022-07-26 00:00:00+00:00,US3MT=RR,MID_PRICE,2.4725
2022-07-27 00:00:00+00:00,US3MT=RR,MID_PRICE,2.3625
2022-07-28 00:00:00+00:00,US3MT=RR,MID_PRICE,2.3175
2022-07-29 00:00:00+00:00,US3MT=RR,MID_PRICE,2.3125
2022-08-01 00:00:00+00:00,US3MT=RR,MID_PRICE,2.2875
2022-08-02 00:00:00+00:00,US3MT=RR,MID_PRICE,2.4575
2022-08-03 00:00:00+00:00,US3MT=RR,MID_PRICE,2.4275
2022-08-04 00:00:00+00:00,US3MT=RR,MID_PRICE,2.3825
2022-08-05 00:00:00+00:00,US3MT=RR,MID_PRICE,2.4525
2022-08-08 00:00:00+00:00,US3MT=RR,MID_PRICE,2.465
2022-08-09 00:00:00+00:00,US3MT=RR,MID_PRICE,2.5775
2022-08-10 00:00:00+00:00,US3MT=RR,MID_PRICE,2.53
2022-08-11 00:00:00+00:00,US3MT=RR,MID_PRICE,2.495
2022-08-12 00:00:00+00:00,US3MT=RR,MID_PRICE,2.4975
2022-08-15 00:00:00+00:00,US3MT=RR,MID_PRICE,2.5325
2022-08-16 00:00:00+00:00,US3MT=RR,MID_PRICE,2.605
2022-08-17 00:00:00+00:00,US3MT=RR,MID_PRICE,2.55
2022-08-18 00:00:00+00:00,US3MT=RR,MID_PRICE,2.59
2022-08-19 00:00:00+00:00,US3MT=RR,MID_PRICE,2.61
2022-08-22 00:00:00+00:00,US3MT=RR,MID_PRICE,2.665
2022-08-23 00:00:00+00:00,US3MT=RR,MID_PRICE,2.705
2022-08-24 00:00:00+00:00,US3MT=RR,MID_PRICE,2.72
2022-08-25 00:00:00+00:00,US3MT=RR,MID_PRICE,2.7425
2022-08-26 00:00:00+00:00,US3MT=RR,MID_PRICE,2.7725
2022-08-29 00:00:00+00:00,US3MT=RR,MID_PRICE,2.8225
2022-08-30 00:00:00+00:00,US3MT=RR,MID_PRICE,2.87
2022-08-31 00:00:00+00:00,US3MT=RR,MID_PRICE,2.865
2022-09-01 00:00:00+00:00,US3MT=RR,MID_PRICE,2.8625
2022-09-02 00:00:00+00:00,US3MT=RR,MID_PRICE,2.835
2022-09-06 00:00:00+00:00,US3MT=RR,MID_PRICE,2.8675
2022-09-07 00:00:00+00:00,US3MT=RR,MID_PRICE,2.9475
2022-09-08 00:00:00+00:00,US3MT=RR,MID_PRICE,2.95625
2022-09-09 00:00:00+00:00,US3MT=RR,MID_PRICE,2.975
2022-09-12 00:00:00+00:00,US3MT=RR,MID_PRICE,3.0075
2022-09-13 00:00:00+00:00,US3MT=RR,MID_PRICE,3.165
2022-09-14 00:00:00+00:00,US3MT=RR,MID_PRICE,3.1325
2022-09-15 00:00:00+00:00,US3MT=RR,MID_PRICE,3.095
2022-09-16 00:00:00+00:00,US3MT=RR,MID_PRICE,3.075
2022-09-19 00:00:00+00:00,US3MT=RR,MID_PRICE,3.08375
2022-09-20 00:00:00+00:00,US3MT=RR,MID_PRICE,3.2475
2022-09-21 00:00:00+00:00,US3MT=RR,MID_PRICE,3.2075
2022-09-22 00:00:00+00:00,US3MT=RR,MID_PRICE,3.1525
2022-09-23 00:00:00+00:00,US3MT=RR,MID_PRICE,3.12125
2022-09-26 00:00:00+00:00,US3MT=RR,MID_PRICE,3.17375
2022-09-27 00:00:00+00:00,US3MT=RR,MID_PRICE,3.2475
2022-09-28 00:00:00+00:00,US3MT=RR,MID_PRICE,3.2475
2022-09-29 00:00:00+00:00,US3MT=RR,MID_PRICE,3.2275
2022-09-30 00:00:00+00:00,US3MT=RR,MID_PRICE,3.18875
2022-10-03 00:00:00+00:00,US3MT=RR,MID_PRICE,3.16375
2022-10-04 00:00:00+00:00,US3MT=RR,MID_PRICE,3.3125
2022-10-05 00:00:00+00:00,US3MT=RR,MID_PRICE,3.3025
2022-10-06 00:00:00+00:00,US3MT=RR,MID_PRICE,3.3
2022-10-07 00:00:00+00:00,US3MT=RR,MID_PRICE,3.295
2022-10-11 00:00:00+00:00,US3MT=RR,MID_PRICE,3.3625
2022-10-12 00:00:00+00:00,US3MT=RR,MID_PRICE,3.5375
2022-10-13 00:00:00+00:00,US3MT=RR,MID_PRICE,3.6175
2022-10-14 00:00:00+00:00,US3MT=RR,MID_PRICE,3.63375
2022-10-17 00:00:00+00:00,US3MT=RR,MID_PRICE,3.68875
2022-10-18 00:00:00+00:00,US3MT=RR,MID_PRICE,3.835
2022-10-19 00:00:00+00:00,US3MT=RR,MID_PRICE,3.8925
2022-10-20 00:00:00+00:00,US3MT=RR,MID_PRICE,3.895
2022-10-21 00:00:00+00:00,US3MT=RR,MID_PRICE,3.89875
2022-10-24 00:00:00+00:00,US3MT=RR,MID_PRICE,3.9175
2022-10-25 00:00:00+00:00,US3MT=RR,MID_PRICE,3.9675
2022-10-26 00:00:00+00:00,US3MT=RR,MID_PRICE,3.925
2022-10-27 00:00:00+00:00,US3MT=RR,MID_PRICE,3.935
2022-10-28 00:00:00+00:00,US3MT=RR,MID_PRICE,3.97875
2022-10-31 00:00:00+00:00,US3MT=RR,MID_PRICE,3.9825
2022-11-01 00:00:00+00:00,US3MT=RR,MID_PRICE,4.05
2022-11-02 00:00:00+00:00,US3MT=RR,MID_PRICE,4.0275
2022-11-03 00:00:00+00:00,US3MT=RR,MID_PRICE,4.0325
2022-11-04 00:00:00+00:00,US3MT=RR,MID_PRICE,4.0125
2022-11-07 00:00:00+00:00,US3MT=RR,MID_PRICE,3.9875
2022-11-08 00:00:00+00:00,US3MT=RR,MID_PRICE,4.0925
2022-11-09 00:00:00+00:00,US3MT=RR,MID_PRICE,4.09
2022-11-10 00:00:00+00:00,US3MT=RR,MID_PRICE,4.0725
2022-11-14 00:00:00+00:00,US3MT=RR,MID_PRICE,4.07375
2022-11-15 00:00:00+00:00,US3MT=RR,MID_PRICE,4.12
2022-11-16 00:00:00+00:00,US3MT=RR,MID_PRICE,4.12
2022-11-17 00:00:00+00:00,US3MT=RR,MID_PRICE,4.1225
2022-11-18 00:00:00+00:00,US3MT=RR,MID_PRICE,4.1425
2022-11-21 00:00:00+00:00,US3MT=RR,MID_PRICE,4.105
2022-11-22 00:00:00+00:00,US3MT=RR,MID_PRICE,4.2075
2022-11-23 00:00:00+00:00,US3MT=RR,MID_PRICE,4.205
2022-11-25 00:00:00+00:00,US3MT=RR,MID_PRICE,4.1825
2022-11-28 00:00:00+00:00,US3MT=RR,MID_PRICE,4.1925
2022-11-29 00:00:00+00:00,US3MT=RR,MID_PRICE,4.265
2022-11-30 00:00:00+00:00,US3MT=RR,MID_PRICE,4.2475
2022-12-01 00:00:00+00:00,US3MT=RR,MID_PRICE,4.2
2022-12-02 00:00:00+00:00,US3MT=RR,MID_PRICE,4.19875
2022-12-05 00:00:00+00:00,US3MT=RR,MID_PRICE,4.1775
2022-12-06 00:00:00+00:00,US3MT=RR,MID_PRICE,4.2425
2022-12-07 00:00:00+00:00,US3MT=RR,MID_PRICE,4.18625
2022-12-08 00:00:00+00:00,US3MT=RR,MID_PRICE,4.16
2022-12-09 00:00:00+00:00,US3MT=RR,MID_PRICE,4.18875
2022-12-12 00:00:00+00:00,US3MT=RR,MID_PRICE,4.18
2022-12-13 00:00:00+00:00,US3MT=RR,MID_PRICE,4.2525
2022-12-14 00:00:00+00:00,US3MT=RR,MID_PRICE,4.22
2022-12-15 00:00:00+00:00,US3MT=RR,MID_PRICE,4.21
2022-12-16 00:00:00+00:00,US3MT=RR,MID_PRICE,4.19
2022-12-19 00:00:00+00:00,US3MT=RR,MID_PRICE,4.155
2022-12-20 00:00:00+00:00,US3MT=RR,MID_PRICE,4.235
2022-12-21 00:00:00+00:00,US3MT=RR,MID_PRICE,4.215
2022-12-22 00:00:00+00:00,US3MT=RR,MID_PRICE,4.215
2022-12-23 00:00:00+00:00,US3MT=RR,MID_PRICE,4.2125
2022-12-27 00:00:00+00:00,US3MT=RR,MID_PRICE,4.195
2022-12-28 00:00:00+00:00,US3MT=RR,MID_PRICE,4.3325
2022-12-29 00:00:00+00:00,US3MT=RR,MID_PRICE,4.2925
2022-12-30 00:00:00+00:00,US3MT=RR,MID_PRICE,4.265
2023-01-03 00:00:00+00:00,US3MT=RR,MID_PRICE,4.2625
2023-01-04 00:00:00+00:00,US3MT=RR,MID_PRICE,4.4
2023-01-05 00:00:00+00:00,US3MT=RR,MID_PRICE,4.5025
2023-01-06 00:00:00+00:00,US3MT=RR,MID_PRICE,4.4975
2023-01-09 00:00:00+00:00,US3MT=RR,MID_PRICE,4.4975
2023-01-10 00:00:00+00:00,US3MT=RR,MID_PRICE,4.555
2023-01-11 00:00:00+00:00,US3MT=RR,MID_PRICE,4.55
2023-01-12 00:00:00+00:00,US3MT=RR,MID_PRICE,4.48
2023-01-13 00:00:00+00:00,US3MT=RR,MID_PRICE,4.4975
2023-01-17 00:00:00+00:00,US3MT=RR,MID_PRICE,4.4975
2023-01-18 00:00:00+00:00,US3MT=RR,MID_PRICE,4.5375
2023-01-19 00:00:00+00:00,US3MT=RR,MID_PRICE,4.54
2023-01-20 00:00:00+00:00,US3MT=RR,MID_PRICE,4.5375
2023-01-23 00:00:00+00:00,US3MT=RR,MID_PRICE,4.5475
2023-01-24 00:00:00+00:00,US3MT=RR,MID_PRICE,4.5725
2023-01-25 00:00:00+00:00,US3MT=RR,MID_PRICE,4.555
2023-01-26 00:00:00+00:00,US3MT=RR,MID_PRICE,4.55
2023-01-27 00:00:00+00:00,US3MT=RR,MID_PRICE,4.555
2023-01-30 00:00:00+00:00,US3MT=RR,MID_PRICE,4.545
2023-01-31 00:00:00+00:00,US3MT=RR,MID_PRICE,4.5725
2023-02-01 00:00:00+00:00,US3MT=RR,MID_PRICE,4.53
2023-02-02 00:00:00+00:00,US3MT=RR,MID_PRICE,4.515
2023-02-03 00:00:00+00:00,US3MT=RR,MID_PRICE,4.535
2023-02-06 00:00:00+00:00,US3MT=RR,MID_PRICE,4.54
2023-02-07 00:00:00+00:00,US3MT=RR,MID_PRICE,4.5775
2023-02-08 00:00:00+00:00,US3MT=RR,MID_PRICE,4.585
2023-02-09 00:00:00+00:00,US3MT=RR,MID_PRICE,4.635
2023-02-10 00:00:00+00:00,US3MT=RR,MID_PRICE,4.6425
2023-02-13 00:00:00+00:00,US3MT=RR,MID_PRICE,4.65
2023-02-14 00:00:00+00:00,US3MT=RR,MID_PRICE,4.6575
2023-02-15 00:00:00+00:00,US3MT=RR,MID_PRICE,4.65
2023-02-16 00:00:00+00:00,US3MT=RR,MID_PRICE,4.68
2023-02-17 00:00:00+00:00,US3MT=RR,MID_PRICE,4.68625
2023-02-21 00:00:00+00:00,US3MT=RR,MID_PRICE,4.6925
2023-02-22 00:00:00+00:00,US3MT=RR,MID_PRICE,4.7025
2023-02-23 00:00:00+00:00,US3MT=RR,MID_PRICE,4.6975
2023-02-24 00:00:00+00:00,US3MT=RR,MID_PRICE,4.7025
2023-02-27 00:00:00+00:00,US3MT=RR,MID_PRICE,4.66
2023-02-28 00:00:00+00:00,US3MT=RR,MID_PRICE,4.725
2023-03-01 00:00:00+00:00,US3MT=RR,MID_PRICE,4.7225
2023-03-02 00:00:00+00:00,US3MT=RR,MID_PRICE,4.725
2023-03-03 00:00:00+00:00,US3MT=RR,MID_PRICE,4.7275
2023-03-06 00:00:00+00:00,US3MT=RR,MID_PRICE,4.7325
2023-03-07 00:00:00+00:00,US3MT=RR,MID_PRICE,4.85
2023-03-08 00:00:00+00:00,US3MT=RR,MID_PRICE,4.865
2023-03-09 00:00:00+00:00,US3MT=RR,MID_PRICE,4.8525
2023-03-10 00:00:00+00:00,US3MT=RR,MID_PRICE,4.8
2023-03-13 00:00:00+00:00,US3MT=RR,MID_PRICE,4.6725
2023-03-14 00:00:00+00:00,US3MT=RR,MID_PRICE,4.7075
2023-03-15 00:00:00+00:00,US3MT=RR,MID_PRICE,4.5475
2023-03-16 00:00:00+00:00,US3MT=RR,MID_PRICE,4.5275
2023-03-17 00:00:00+00:00,US3MT=RR,MID_PRICE,4.2975
2023-03-20 00:00:00+00:00,US3MT=RR,MID_PRICE,4.495
2023-03-21 00:00:00+00:00,US3MT=RR,MID_PRICE,4.6075
2023-03-22 00:00:00+00:00,US3MT=RR,MID_PRICE,4.585
2023-03-23 00:00:00+00:00,US3MT=RR,MID_PRICE,4.5275
2023-03-24 00:00:00+00:00,US3MT=RR,MID_PRICE,4.535
2023-03-27 00:00:00+00:00,US3MT=RR,MID_PRICE,4.575
2023-03-28 00:00:00+00:00,US3MT=RR,MID_PRICE,4.63
2023-03-29 00:00:00+00:00,US3MT=RR,MID_PRICE,4.63
2023-03-30 00:00:00+00:00,US3MT=RR,MID_PRICE,4.6925
2023-03-31 00:00:00+00:00,US3MT=RR,MID_PRICE,4.625
2023-04-03 00:00:00+00:00,US3MT=RR,MID_PRICE,4.625
2023-04-04 00:00:00+00:00,US3MT=RR,MID_PRICE,4.7325
2023-04-05 00:00:00+00:00,US3MT=RR,MID_PRICE,4.7075
2023-04-06 00:00:00+00:00,US3MT=RR,MID_PRICE,4.73
2023-04-07 00:00:00+00:00,US3MT=RR,MID_PRICE,4.7725
2023-04-10 00:00:00+00:00,US3MT=RR,MID_PRICE,4.865
2023-04-11 00:00:00+00:00,US3MT=RR,MID_PRICE,4.8875
2023-04-12 00:00:00+00:00,US3MT=RR,MID_PRICE,4.86
2023-04-13 00:00:00+00:00,US3MT=RR,MID_PRICE,4.865
2023-04-14 00:00:00+00:00,US3MT=RR,MID_PRICE,4.9275
2023-04-17 00:00:00+00:00,US3MT=RR,MID_PRICE,4.945
2023-04-18 00:00:00+00:00,US3MT=RR,MID_PRICE,5.0225
2023-04-19 00:00:00+00:00,US3MT=RR,MID_PRICE,4.99
2023-04-20 00:00:00+00:00,US3MT=RR,MID_PRICE,4.9475
2023-04-21 00:00:00+00:00,US3MT=RR,MID_PRICE,4.95875
2023-04-24 00:00:00+00:00,US3MT=RR,MID_PRICE,4.89
2023-04-25 00:00:00+00:00,US3MT=RR,MID_PRICE,4.965
2023-04-26 00:00:00+00:00,US3MT=RR,MID_PRICE,4.9925
2023-04-27 00:00:00+00:00,US3MT=RR,MID_PRICE,5.0175
2023-04-28 00:00:00+00:00,US3MT=RR,MID_PRICE,4.935
2023-05-01 00:00:00+00:00,US3MT=RR,MID_PRICE,4.89
2023-05-02 00:00:00+00:00,US3MT=RR,MID_PRICE,5.075
2023-05-03 00:00:00+00:00,US3MT=RR,MID_PRICE,5.005
2023-05-04 00:00:00+00:00,US3MT=RR,MID_PRICE,5.0875
2023-05-05 00:00:00+00:00,US3MT=RR,MID_PRICE,5.0925
2023-05-08 00:00:00+00:00,US3MT=RR,MID_PRICE,5.09
2023-05-09 00:00:00+00:00,US3MT=RR,MID_PRICE,5.1125
2023-05-10 00:00:00+00:00,US3MT=RR,MID_PRICE,5.0725
2023-05-11 00:00:00+00:00,US3MT=RR,MID_PRICE,5.025
2023-05-12 00:00:00+00:00,US3MT=RR,MID_PRICE,5.0475
2023-05-15 00:00:00+00:00,US3MT=RR,MID_PRICE,5.0075
2023-05-16 00:00:00+00:00,US3MT=RR,MID_PRICE,5.06
2023-05-17 00:00:00+00:00,US3MT=RR,MID_PRICE,5.0925
2023-05-18 00:00:00+00:00,US3MT=RR,MID_PRICE,5.105
2023-05-19 00:00:00+00:00,US3MT=RR,MID_PRICE,5.1125
2023-05-22 00:00:00+00:00,US3MT=RR,MID_PRICE,5.1175
2023-05-23 00:00:00+00:00,US3MT=RR,MID_PRICE,5.16
2023-05-24 00:00:00+00:00,US3MT=RR,MID_PRICE,5.1975
2023-05-25 00:00:00+00:00,US3MT=RR,MID_PRICE,5.1675
2023-05-26 00:00:00+00:00,US3MT=RR,MID_PRICE,5.14
2023-05-30 00:00:00+00:00,US3MT=RR,MID_PRICE,5.135
2023-05-31 00:00:00+00:00,US3MT=RR,MID_PRICE,5.24
2023-06-01 00:00:00+00:00,US3MT=RR,MID_PRICE,5.215
2023-06-02 00:00:00+00:00,US3MT=RR,MID_PRICE,5.22
2023-06-05 00:00:00+00:00,US3MT=RR,MID_PRICE,5.145
2023-06-06 00:00:00+00:00,US3MT=RR,MID_PRICE,5.165
2023-06-07 00:00:00+00:00,US3MT=RR,MID_PRICE,5.1475
2023-06-08 00:00:00+00:00,US3MT=RR,MID_PRICE,5.10125
2023-06-09 00:00:00+00:00,US3MT=RR,MID_PRICE,5.1075
2023-06-12 00:00:00+00:00,US3MT=RR,MID_PRICE,5.0975
2023-06-13 00:00:00+00:00,US3MT=RR,MID_PRICE,5.1025
2023-06-14 00:00:00+00:00,US3MT=RR,MID_PRICE,5.09
2023-06-15 00:00:00+00:00,US3MT=RR,MID_PRICE,5.06
2023-06-16 00:00:00+00:00,US3MT=RR,MID_PRICE,5.075
2023-06-20 00:00:00+00:00,US3MT=RR,MID_PRICE,5.08
2023-06-21 00:00:00+00:00,US3MT=RR,MID_PRICE,5.1325
2023-06-22 00:00:00+00:00,US3MT=RR,MID_PRICE,5.1425
2023-06-23 00:00:00+00:00,US3MT=RR,MID_PRICE,5.145
2023-06-26 00:00:00+00:00,US3MT=RR,MID_PRICE,5.1625
2023-06-27 00:00:00+00:00,US3MT=RR,MID_PRICE,5.1825
2023-06-28 00:00:00+00:00,US3MT=RR,MID_PRICE,5.1775
2023-06-29 00:00:00+00:00,US3MT=RR,MID_PRICE,5.18
2023-06-30 00:00:00+00:00,US3MT=RR,MID_PRICE,5.1475
2023-07-03 00:00:00+00:00,US3MT=RR,MID_PRICE,5.155
2023-07-05 00:00:00+00:00,US3MT=RR,MID_PRICE,5.1975
2023-07-06 00:00:00+00:00,US3MT=RR,MID_PRICE,5.2175
2023-07-07 00:00:00+00:00,US3MT=RR,MID_PRICE,5.2225
2023-07-10 00:00:00+00:00,US3MT=RR,MID_PRICE,5.23
2023-07-11 00:00:00+00:00,US3MT=RR,MID_PRICE,5.245
2023-07-12 00:00:00+00:00,US3MT=RR,MID_PRICE,5.23
2023-07-13 00:00:00+00:00,US3MT=RR,MID_PRICE,5.2325
2023-07-14 00:00:00+00:00,US3MT=RR,MID_PRICE,5.235
2023-07-17 00:00:00+00:00,US3MT=RR,MID_PRICE,5.2425
2023-07-18 00:00:00+00:00,US3MT=RR,MID_PRICE,5.2475
2023-07-19 00:00:00+00:00,US3MT=RR,MID_PRICE,5.18
2023-07-20 00:00:00+00:00,US3MT=RR,MID_PRICE,5.2475
2023-07-21 00:00:00+00:00,US3MT=RR,MID_PRICE,5.255
2023-07-24 00:00:00+00:00,US3MT=RR,MID_PRICE,5.2625
2023-07-25 00:00:00+00:00,US3MT=RR,MID_PRICE,5.2675
2023-07-26 00:00:00+00:00,US3MT=RR,MID_PRICE,5.27
2023-07-27 00:00:00+00:00,US3MT=RR,MID_PRICE,5.2675
2023-07-28 00:00:00+00:00,US3MT=RR,MID_PRICE,5.265
2023-07-31 00:00:00+00:00,US3MT=RR,MID_PRICE,5.2575
2023-08-01 00:00:00+00:00,US3MT=RR,MID_PRICE,5.265
2023-08-02 00:00:00+00:00,US3MT=RR,MID_PRICE,5.26
2023-08-03 00:00:00+00:00,US3MT=RR,MID_PRICE,5.265
2023-08-04 00:00:00+00:00,US3MT=RR,MID_PRICE,5.26
2023-08-07 00:00:00+00:00,US3MT=RR,MID_PRICE,5.2725
2023-08-08 00:00:00+00:00,US3MT=RR,MID_PRICE,5.285
2023-08-09 00:00:00+00:00,US3MT=RR,MID_PRICE,5.28
2023-08-10 00:00:00+00:00,US3MT=RR,MID_PRICE,5.275
2023-08-11 00:00:00+00:00,US3MT=RR,MID_PRICE,5.2675
2023-08-14 00:00:00+00:00,US3MT=RR,MID_PRICE,5.2775
2023-08-15 00:00:00+00:00,US3MT=RR,MID_PRICE,5.285
2023-08-16 00:00:00+00:00,US3MT=RR,MID_PRICE,5.285
2023-08-17 00:00:00+00:00,US3MT=RR,MID_PRICE,5.2825
2023-08-18 00:00:00+00:00,US3MT=RR,MID_PRICE,5.28
2023-08-21 00:00:00+00:00,US3MT=RR,MID_PRICE,5.2825
2023-08-22 00:00:00+00:00,US3MT=RR,MID_PRICE,5.2975
2023-08-23 00:00:00+00:00,US3MT=RR,MID_PRICE,5.3025
2023-08-24 00:00:00+00:00,US3MT=RR,MID_PRICE,5.3075
2023-08-25 00:00:00+00:00,US3MT=RR,MID_PRICE,5.325
2023-08-28 00:00:00+00:00,US3MT=RR,MID_PRICE,5.3325
2023-08-29 00:00:00+00:00,US3MT=RR,MID_PRICE,5.3225
2023-08-30 00:00:00+00:00,US3MT=RR,MID_PRICE,5.3175
2023-08-31 00:00:00+00:00,US3MT=RR,MID_PRICE,5.305
2023-09-01 00:00:00+00:00,US3MT=RR,MID_PRICE,5.28
2023-09-05 00:00:00+00:00,US3MT=RR,MID_PRICE,5.285
2023-09-06 00:00:00+00:00,US3MT=RR,MID_PRICE,5.3025
2023-09-07 00:00:00+00:00,US3MT=RR,MID_PRICE,5.2925
2023-09-08 00:00:00+00:00,US3MT=RR,MID_PRICE,5.3025
2023-09-11 00:00:00+00:00,US3MT=RR,MID_PRICE,5.2975
2023-09-12 00:00:00+00:00,US3MT=RR,MID_PRICE,5.31
2023-09-13 00:00:00+00:00,US3MT=RR,MID_PRICE,5.305
2023-09-14 00:00:00+00:00,US3MT=RR,MID_PRICE,5.305
2023-09-15 00:00:00+00:00,US3MT=RR,MID_PRICE,5.3025
2023-09-18 00:00:00+00:00,US3MT=RR,MID_PRICE,5.3025
2023-09-19 00:00:00+00:00,US3MT=RR,MID_PRICE,5.3125
2023-09-20 00:00:00+00:00,US3MT=RR,MID_PRICE,5.315
2023-09-21 00:00:00+00:00,US3MT=RR,MID_PRICE,5.32
2023-09-22 00:00:00+00:00,US3MT=RR,MID_PRICE,5.3175
2023-09-25 00:00:00+00:00,US3MT=RR,MID_PRICE,5.3175
2023-09-26 00:00:00+00:00,US3MT=RR,MID_PRICE,5.33
2023-09-27 00:00:00+00:00,US3MT=RR,MID_PRICE,5.3325
2023-09-28 00:00:00+00:00,US3MT=RR,MID_PRICE,5.31375
2023-09-29 00:00:00+00:00,US3MT=RR,MID_PRICE,5.3075
2023-10-02 00:00:00+00:00,US3MT=RR,MID_PRICE,5.32
2023-10-03 00:00:00+00:00,US3MT=RR,MID_PRICE,5.3375
2023-10-04 00:00:00+00:00,US3MT=RR,MID_PRICE,5.335
2023-10-05 00:00:00+00:00,US3MT=RR,MID_PRICE,5.34
2023-10-06 00:00:00+00:00,US3MT=RR,MID_PRICE,5.35125
2023-10-10 00:00:00+00:00,US3MT=RR,MID_PRICE,5.33
2023-10-11 00:00:00+00:00,US3MT=RR,MID_PRICE,5.335
2023-10-12 00:00:00+00:00,US3MT=RR,MID_PRICE,5.34125
2023-10-13 00:00:00+00:00,US3MT=RR,MID_PRICE,5.3325
2023-10-16 00:00:00+00:00,US3MT=RR,MID_PRICE,5.33375
2023-10-17 00:00:00+00:00,US3MT=RR,MID_PRICE,5.34
2023-10-18 00:00:00+00:00,US3MT=RR,MID_PRICE,5.33
2023-10-19 00:00:00+00:00,US3MT=RR,MID_PRICE,5.3125
2023-10-20 00:00:00+00:00,US3MT=RR,MID_PRICE,5.3075
2023-10-23 00:00:00+00:00,US3MT=RR,MID_PRICE,5.3025
2023-10-24 00:00:00+00:00,US3MT=RR,MID_PRICE,5.31125
2023-10-25 00:00:00+00:00,US3MT=RR,MID_PRICE,5.315
2023-10-26 00:00:00+00:00,US3MT=RR,MID_PRICE,5.31
2023-10-27 00:00:00+00:00,US3MT=RR,MID_PRICE,5.31
2023-10-30 00:00:00+00:00,US3MT=RR,MID_PRICE,5.3175
2023-10-31 00:00:00+00:00,US3MT=RR,MID_PRICE,5.3225
2023-11-01 00:00:00+00:00,US3MT=RR,MID_PRICE,5.2975
2023-11-02 00:00:00+00:00,US3MT=RR,MID_PRICE,5.275
2023-11-03 00:00:00+00:00,US3MT=RR,MID_PRICE,5.2625
2023-11-06 00:00:00+00:00,US3MT=RR,MID_PRICE,5.26625
2023-11-07 00:00:00+00:00,US3MT=RR,MID_PRICE,5.275
2023-11-08 00:00:00+00:00,US3MT=RR,MID_PRICE,5.27125
2023-11-09 00:00:00+00:00,US3MT=RR,MID_PRICE,5.26875
2023-11-10 00:00:00+00:00,US3MT=RR,MID_PRICE,5.255
2023-11-13 00:00:00+00:00,US3MT=RR,MID_PRICE,5.26625
2023-11-14 00:00:00+00:00,US3MT=RR,MID_PRICE,5.255
2023-11-15 00:00:00+00:00,US3MT=RR,MID_PRICE,5.26
2023-11-16 00:00:00+00:00,US3MT=RR,MID_PRICE,5.2425
2023-11-17 00:00:00+00:00,US3MT=RR,MID_PRICE,5.2375
2023-11-20 00:00:00+00:00,US3MT=RR,MID_PRICE,5.245
2023-11-21 00:00:00+00:00,US3MT=RR,MID_PRICE,5.2575
2023-11-22 00:00:00+00:00,US3MT=RR,MID_PRICE,5.265
2023-11-24 00:00:00+00:00,US3MT=RR,MID_PRICE,5.2625
2023-11-27 00:00:00+00:00,US3MT=RR,MID_PRICE,5.2625
2023-11-28 00:00:00+00:00,US3MT=RR,MID_PRICE,5.2625
2023-11-29 00:00:00+00:00,US3MT=RR,MID_PRICE,5.2425
2023-11-30 00:00:00+00:00,US3MT=RR,MID_PRICE,5.2375
2023-12-01 00:00:00+00:00,US3MT=RR,MID_PRICE,5.2175
2023-12-04 00:00:00+00:00,US3MT=RR,MID_PRICE,5.2275
2023-12-05 00:00:00+00:00,US3MT=RR,MID_PRICE,5.2425
2023-12-06 00:00:00+00:00,US3MT=RR,MID_PRICE,5.24
2023-12-07 00:00:00+00:00,US3MT=RR,MID_PRICE,5.235
2023-12-08 00:00:00+00:00,US3MT=RR,MID_PRICE,5.2325
2023-12-11 00:00:00+00:00,US3MT=RR,MID_PRICE,5.235
2023-12-12 00:00:00+00:00,US3MT=RR,MID_PRICE,5.25
2023-12-13 00:00:00+00:00,US3MT=RR,MID_PRICE,5.225
2023-12-14 00:00:00+00:00,US3MT=RR,MID_PRICE,5.225
2023-12-15 00:00:00+00:00,US3MT=RR,MID_PRICE,5.23
2023-12-18 00:00:00+00:00,US3MT=RR,MID_PRICE,5.2325
2023-12-19 00:00:00+00:00,US3MT=RR,MID_PRICE,5.24
2023-12-20 00:00:00+00:00,US3MT=RR,MID_PRICE,5.2275
2023-12-21 00:00:00+00:00,US3MT=RR,MID_PRICE,5.2175
2023-12-22 00:00:00+00:00,US3MT=RR,MID_PRICE,5.2175
2023-12-26 00:00:00+00:00,US3MT=RR,MID_PRICE,5.2125
2023-12-27 00:00:00+00:00,US3MT=RR,MID_PRICE,5.235
2023-12-28 00:00:00+00:00,US3MT=RR,MID_PRICE,5.2225
2023-12-29 00:00:00+00:00,US3MT=RR,MID_PRICE,5.19
2024-01-02 00:00:00+00:00,US3MT=RR,MID_PRICE,5.2175
2024-01-03 00:00:00+00:00,US3MT=RR,MID_PRICE,5.2325
2024-01-04 00:00:00+00:00,US3MT=RR,MID_PRICE,5.2325
2024-01-05 00:00:00+00:00,US3MT=RR,MID_PRICE,5.225
2024-01-08 00:00:00+00:00,US3MT=RR,MID_PRICE,5.23
2024-01-09 00:00:00+00:00,US3MT=RR,MID_PRICE,5.2325
2024-01-10 00:00:00+00:00,US3MT=RR,MID_PRICE,5.225
2024-01-11 00:00:00+00:00,US3MT=RR,MID_PRICE,5.21875
2024-01-12 00:00:00+00:00,US3MT=RR,MID_PRICE,5.20875
2024-01-16 00:00:00+00:00,US3MT=RR,MID_PRICE,5.2125
2024-01-17 00:00:00+00:00,US3MT=RR,MID_PRICE,5.215
2024-01-18 00:00:00+00:00,US3MT=RR,MID_PRICE,5.205
2024-01-19 00:00:00+00:00,US3MT=RR,MID_PRICE,5.2025
2024-01-22 00:00:00+00:00,US3MT=RR,MID_PRICE,5.205
2024-01-23 00:00:00+00:00,US3MT=RR,MID_PRICE,5.21
2024-01-24 00:00:00+00:00,US3MT=RR,MID_PRICE,5.2125
2024-01-25 00:00:00+00:00,US3MT=RR,MID_PRICE,5.2025
2024-01-26 00:00:00+00:00,US3MT=RR,MID_PRICE,5.20625
2024-01-29 00:00:00+00:00,US3MT=RR,MID_PRICE,5.2075
2024-01-30 00:00:00+00:00,US3MT=RR,MID_PRICE,5.2075
2024-01-31 00:00:00+00:00,US3MT=RR,MID_PRICE,5.205
2024-02-01 00:00:00+00:00,US3MT=RR,MID_PRICE,5.2075
2024-02-02 00:00:00+00:00,US3MT=RR,MID_PRICE,5.215
2024-02-05 00:00:00+00:00,US3MT=RR,MID_PRICE,5.23
2024-02-06 00:00:00+00:00,US3MT=RR,MID_PRICE,5.225
2024-02-07 00:00:00+00:00,US3MT=RR,MID_PRICE,5.2225
2024-02-08 00:00:00+00:00,US3MT=RR,MID_PRICE,5.23
2024-02-09 00:00:00+00:00,US3MT=RR,MID_PRICE,5.2275
2024-02-12 00:00:00+00:00,US3MT=RR,MID_PRICE,5.23625
2024-02-13 00:00:00+00:00,US3MT=RR,MID_PRICE,5.235
2024-02-14 00:00:00+00:00,US3MT=RR,MID_PRICE,5.2225
2024-02-15 00:00:00+00:00,US3MT=RR,MID_PRICE,5.2225
2024-02-16 00:00:00+00:00,US3MT=RR,MID_PRICE,5.22375
2024-02-20 00:00:00+00:00,US3MT=RR,MID_PRICE,5.2175
2024-02-21 00:00:00+00:00,US3MT=RR,MID_PRICE,5.2375
2024-02-22 00:00:00+00:00,US3MT=RR,MID_PRICE,5.245
2024-02-23 00:00:00+00:00,US3MT=RR,MID_PRICE,5.25
2024-02-26 00:00:00+00:00,US3MT=RR,MID_PRICE,5.25625
2024-02-27 00:00:00+00:00,US3MT=RR,MID_PRICE,5.2475
2024-02-28 00:00:00+00:00,US3MT=RR,MID_PRICE,5.235
2024-02-29 00:00:00+00:00,US3MT=RR,MID_PRICE,5.22625
2024-03-01 00:00:00+00:00,US3MT=RR,MID_PRICE,5.2225
2024-03-04 00:00:00+00:00,US3MT=RR,MID_PRICE,5.22625
2024-03-05 00:00:00+00:00,US3MT=RR,MID_PRICE,5.225
2024-03-06 00:00:00+00:00,US3MT=RR,MID_PRICE,5.23
2024-03-07 00:00:00+00:00,US3MT=RR,MID_PRICE,5.2325
2024-03-08 00:00:00+00:00,US3MT=RR,MID_PRICE,5.235
2024-03-11 00:00:00+00:00,US3MT=RR,MID_PRICE,5.2475
2024-03-12 00:00:00+00:00,US3MT=RR,MID_PRICE,5.2425
2024-03-13 00:00:00+00:00,US3MT=RR,MID_PRICE,5.2425
2024-03-14 00:00:00+00:00,US3MT=RR,MID_PRICE,5.2425
2024-03-15 00:00:00+00:00,US3MT=RR,MID_PRICE,5.2425
2024-03-18 00:00:00+00:00,US3MT=RR,MID_PRICE,5.2425
2024-03-19 00:00:00+00:00,US3MT=RR,MID_PRICE,5.23875
2024-03-20 00:00:00+00:00,US3MT=RR,MID_PRICE,5.2325
2024-03-21 00:00:00+00:00,US3MT=RR,MID_PRICE,5.2325
2024-03-22 00:00:00+00:00,US3MT=RR,MID_PRICE,5.2225
2024-03-25 00:00:00+00:00,US3MT=RR,MID_PRICE,5.22625
2024-03-26 00:00:00+00:00,US3MT=RR,MID_PRICE,5.215
2024-03-27 00:00:00+00:00,US3MT=RR,MID_PRICE,5.215
2024-03-28 00:00:00+00:00,US3MT=RR,MID_PRICE,5.215
2024-04-01 00:00:00+00:00,US3MT=RR,MID_PRICE,5.22
2024-04-02 00:00:00+00:00,US3MT=RR,MID_PRICE,5.2125
2024-04-03 00:00:00+00:00,US3MT=RR,MID_PRICE,5.21
2024-04-04 00:00:00+00:00,US3MT=RR,MID_PRICE,5.2025
2024-04-05 00:00:00+00:00,US3MT=RR,MID_PRICE,5.22
2024-04-08 00:00:00+00:00,US3MT=RR,MID_PRICE,5.2225
2024-04-09 00:00:00+00:00,US3MT=RR,MID_PRICE,5.22
2024-04-10 00:00:00+00:00,US3MT=RR,MID_PRICE,5.245
2024-04-11 00:00:00+00:00,US3MT=RR,MID_PRICE,5.2425
2024-04-12 00:00:00+00:00,US3MT=RR,MID_PRICE,5.23375
2024-04-15 00:00:00+00:00,US3MT=RR,MID_PRICE,5.235
2024-04-16 00:00:00+00:00,US3MT=RR,MID_PRICE,5.2375
2024-04-17 00:00:00+00:00,US3MT=RR,MID_PRICE,5.2475
2024-04-18 00:00:00+00:00,US3MT=RR,MID_PRICE,5.2475
2024-04-19 00:00:00+00:00,US3MT=RR,MID_PRICE,5.25
2024-04-22 00:00:00+00:00,US3MT=RR,MID_PRICE,5.25125
2024-04-23 00:00:00+00:00,US3MT=RR,MID_PRICE,5.2475
2024-04-24 00:00:00+00:00,US3MT=RR,MID_PRICE,5.25625
2024-04-25 00:00:00+00:00,US3MT=RR,MID_PRICE,5.25125
2024-04-26 00:00:00+00:00,US3MT=RR,MID_PRICE,5.24875
2024-04-29 00:00:00+00:00,US3MT=RR,MID_PRICE,5.24625
2024-04-30 00:00:00+00:00,US3MT=RR,MID_PRICE,5.24875
2024-05-01 00:00:00+00:00,US3MT=RR,MID_PRICE,5.2525
2024-05-02 00:00:00+00:00,US3MT=RR,MID_PRICE,5.2425
2024-05-03 00:00:00+00:00,US3MT=RR,MID_PRICE,5.23875
2024-05-06 00:00:00+00:00,US3MT=RR,MID_PRICE,5.2425
2024-05-07 00:00:00+00:00,US3MT=RR,MID_PRICE,5.245
2024-05-08 00:00:00+00:00,US3MT=RR,MID_PRICE,5.245
2024-05-09 00:00:00+00:00,US3MT=RR,MID_PRICE,5.2425
2024-05-10 00:00:00+00:00,US3MT=RR,MID_PRICE,5.245
2024-05-13 00:00:00+00:00,US3MT=RR,MID_PRICE,5.24
2024-05-14 00:00:00+00:00,US3MT=RR,MID_PRICE,5.23875
2024-05-15 00:00:00+00:00,US3MT=RR,MID_PRICE,5.24
2024-05-16 00:00:00+00:00,US3MT=RR,MID_PRICE,5.24
2024-05-17 00:00:00+00:00,US3MT=RR,MID_PRICE,5.2425
2024-05-20 00:00:00+00:00,US3MT=RR,MID_PRICE,5.2425
2024-05-21 00:00:00+00:00,US3MT=RR,MID_PRICE,5.24
2024-05-22 00:00:00+00:00,US3MT=RR,MID_PRICE,5.245
2024-05-23 00:00:00+00:00,US3MT=RR,MID_PRICE,5.24875
2024-05-24 00:00:00+00:00,US3MT=RR,MID_PRICE,5.25
2024-05-28 00:00:00+00:00,US3MT=RR,MID_PRICE,5.2525
2024-05-29 00:00:00+00:00,US3MT=RR,MID_PRICE,5.25
2024-05-30 00:00:00+00:00,US3MT=RR,MID_PRICE,5.25125
2024-05-31 00:00:00+00:00,US3MT=RR,MID_PRICE,5.2475
2024-06-03 00:00:00+00:00,US3MT=RR,MID_PRICE,5.2475
2024-06-04 00:00:00+00:00,US3MT=RR,MID_PRICE,5.245
2024-06-05 00:00:00+00:00,US3MT=RR,MID_PRICE,5.2425
2024-06-06 00:00:00+00:00,US3MT=RR,MID_PRICE,5.2375
2024-06-07 00:00:00+00:00,US3MT=RR,MID_PRICE,5.24125
2024-06-10 00:00:00+00:00,US3MT=RR,MID_PRICE,5.23375
2024-06-11 00:00:00+00:00,US3MT=RR,MID_PRICE,5.2475
2024-06-12 00:00:00+00:00,US3MT=RR,MID_PRICE,5.245
2024-06-13 00:00:00+00:00,US3MT=RR,MID_PRICE,5.2425
2024-06-14 00:00:00+00:00,US3MT=RR,MID_PRICE,5.2425
2024-06-17 00:00:00+00:00,US3MT=RR,MID_PRICE,5.24625
2024-06-18 00:00:00+00:00,US3MT=RR,MID_PRICE,5.235
2024-06-20 00:00:00+00:00,US3MT=RR,MID_PRICE,5.23
2024-06-21 00:00:00+00:00,US3MT=RR,MID_PRICE,5.22
2024-06-24 00:00:00+00:00,US3MT=RR,MID_PRICE,5.2125
2024-06-25 00:00:00+00:00,US3MT=RR,MID_PRICE,5.22625
2024-06-26 00:00:00+00:00,US3MT=RR,MID_PRICE,5.23
2024-06-27 00:00:00+00:00,US3MT=RR,MID_PRICE,5.2275
2024-06-28 00:00:00+00:00,US3MT=RR,MID_PRICE,5.2175
2024-07-01 00:00:00+00:00,US3MT=RR,MID_PRICE,5.22125
2024-07-02 00:00:00+00:00,US3MT=RR,MID_PRICE,5.23
2024-07-03 00:00:00+00:00,US3MT=RR,MID_PRICE,5.2325
2024-07-05 00:00:00+00:00,US3MT=RR,MID_PRICE,5.225
2024-07-08 00:00:00+00:00,US3MT=RR,MID_PRICE,5.22
2024-07-09 00:00:00+00:00,US3MT=RR,MID_PRICE,5.22625
2024-07-10 00:00:00+00:00,US3MT=RR,MID_PRICE,5.225
2024-07-11 00:00:00+00:00,US3MT=RR,MID_PRICE,5.20125
2024-07-12 00:00:00+00:00,US3MT=RR,MID_PRICE,5.19875
2024-07-15 00:00:00+00:00,US3MT=RR,MID_PRICE,5.1925
2024-07-16 00:00:00+00:00,US3MT=RR,MID_PRICE,5.1925
2024-07-17 00:00:00+00:00,US3MT=RR,MID_PRICE,5.195
2024-07-18 00:00:00+00:00,US3MT=RR,MID_PRICE,5.1975
2024-07-19 00:00:00+00:00,US3MT=RR,MID_PRICE,5.1975
2024-07-22 00:00:00+00:00,US3MT=RR,MID_PRICE,5.18875
2024-07-23 00:00:00+00:00,US3MT=RR,MID_PRICE,5.1775
2024-07-24 00:00:00+00:00,US3MT=RR,MID_PRICE,5.17
2024-07-25 00:00:00+00:00,US3MT=RR,MID_PRICE,5.16875
2024-07-26 00:00:00+00:00,US3MT=RR,MID_PRICE,5.1575
2024-07-29 00:00:00+00:00,US3MT=RR,MID_PRICE,5.15
2024-07-30 00:00:00+00:00,US3MT=RR,MID_PRICE,5.135
2024-07-31 00:00:00+00:00,US3MT=RR,MID_PRICE,5.13
2024-08-01 00:00:00+00:00,US3MT=RR,MID_PRICE,5.11
2024-08-02 00:00:00+00:00,US3MT=RR,MID_PRICE,5.035
2024-08-05 00:00:00+00:00,US3MT=RR,MID_PRICE,5.0675
2024-08-06 00:00:00+00:00,US3MT=RR,MID_PRICE,5.0825
2024-08-07 00:00:00+00:00,US3MT=RR,MID_PRICE,5.085
2024-08-08 00:00:00+00:00,US3MT=RR,MID_PRICE,5.08625
2024-08-09 00:00:00+00:00,US3MT=RR,MID_PRICE,5.0825
2024-08-12 00:00:00+00:00,US3MT=RR,MID_PRICE,5.0775
2024-08-13 00:00:00+00:00,US3MT=RR,MID_PRICE,5.06
2024-08-14 00:00:00+00:00,US3MT=RR,MID_PRICE,5.07
2024-08-15 00:00:00+00:00,US3MT=RR,MID_PRICE,5.08625
2024-08-16 00:00:00+00:00,US3MT=RR,MID_PRICE,5.08
2024-08-19 00:00:00+00:00,US3MT=RR,MID_PRICE,5.065
2024-08-20 00:00:00+00:00,US3MT=RR,MID_PRICE,5.04
2024-08-21 00:00:00+00:00,US3MT=RR,MID_PRICE,5.0125
2024-08-22 00:00:00+00:00,US3MT=RR,MID_PRICE,5.03125
2024-08-23 00:00:00+00:00,US3MT=RR,MID_PRICE,5.0025
2024-08-26 00:00:00+00:00,US3MT=RR,MID_PRICE,5.0025
2024-08-27 00:00:00+00:00,US3MT=RR,MID_PRICE,4.97125
2024-08-28 00:00:00+00:00,US3MT=RR,MID_PRICE,4.96
2024-08-29 00:00:00+00:00,US3MT=RR,MID_PRICE,4.9775
2024-08-30 00:00:00+00:00,US3MT=RR,MID_PRICE,4.97125
2024-09-03 00:00:00+00:00,US3MT=RR,MID_PRICE,4.9725
2024-09-04 00:00:00+00:00,US3MT=RR,MID_PRICE,4.9475
2024-09-05 00:00:00+00:00,US3MT=RR,MID_PRICE,4.93625
2024-09-06 00:00:00+00:00,US3MT=RR,MID_PRICE,4.9225
2024-09-09 00:00:00+00:00,US3MT=RR,MID_PRICE,4.9
2024-09-10 00:00:00+00:00,US3MT=RR,MID_PRICE,4.84125
2024-09-11 00:00:00+00:00,US3MT=RR,MID_PRICE,4.8775
2024-09-12 00:00:00+00:00,US3MT=RR,MID_PRICE,4.8425
2024-09-13 00:00:00+00:00,US3MT=RR,MID_PRICE,4.7625
2024-09-16 00:00:00+00:00,US3MT=RR,MID_PRICE,4.7475
2024-09-17 00:00:00+00:00,US3MT=RR,MID_PRICE,4.7425
2024-09-18 00:00:00+00:00,US3MT=RR,MID_PRICE,4.63875
2024-09-19 00:00:00+00:00,US3MT=RR,MID_PRICE,4.59625
2024-09-20 00:00:00+00:00,US3MT=RR,MID_PRICE,4.5475
2024-09-23 00:00:00+00:00,US3MT=RR,MID_PRICE,4.51
2024-09-24 00:00:00+00:00,US3MT=RR,MID_PRICE,4.4975
2024-09-25 00:00:00+00:00,US3MT=RR,MID_PRICE,4.4925
2024-09-26 00:00:00+00:00,US3MT=RR,MID_PRICE,4.49
2024-09-27 00:00:00+00:00,US3MT=RR,MID_PRICE,4.4875
2024-09-30 00:00:00+00:00,US3MT=RR,MID_PRICE,4.49875
2024-10-01 00:00:00+00:00,US3MT=RR,MID_PRICE,4.49
2024-10-02 00:00:00+00:00,US3MT=RR,MID_PRICE,4.48
2024-10-03 00:00:00+00:00,US3MT=RR,MID_PRICE,4.47625
2024-10-04 00:00:00+00:00,US3MT=RR,MID_PRICE,4.5125
2024-10-07 00:00:00+00:00,US3MT=RR,MID_PRICE,4.5375
2024-10-08 00:00:00+00:00,US3MT=RR,MID_PRICE,4.53
2024-10-09 00:00:00+00:00,US3MT=RR,MID_PRICE,4.5375
2024-10-10 00:00:00+00:00,US3MT=RR,MID_PRICE,4.535
2024-10-11 00:00:00+00:00,US3MT=RR,MID_PRICE,4.5225
2024-10-15 00:00:00+00:00,US3MT=RR,MID_PRICE,4.5175
2024-10-16 00:00:00+00:00,US3MT=RR,MID_PRICE,4.505
2024-10-17 00:00:00+00:00,US3MT=RR,MID_PRICE,4.5275
2024-10-18 00:00:00+00:00,US3MT=RR,MID_PRICE,4.51875
2024-10-21 00:00:00+00:00,US3MT=RR,MID_PRICE,4.52
2024-10-22 00:00:00+00:00,US3MT=RR,MID_PRICE,4.505
2024-10-23 00:00:00+00:00,US3MT=RR,MID_PRICE,4.5075
2024-10-24 00:00:00+00:00,US3MT=RR,MID_PRICE,4.4925
2024-10-25 00:00:00+00:00,US3MT=RR,MID_PRICE,4.5175
2024-10-28 00:00:00+00:00,US3MT=RR,MID_PRICE,4.4875
2024-10-29 00:00:00+00:00,US3MT=RR,MID_PRICE,4.4825
2024-10-30 00:00:00+00:00,US3MT=RR,MID_PRICE,4.465
2024-10-31 00:00:00+00:00,US3MT=RR,MID_PRICE,4.435
2024-11-01 00:00:00+00:00,US3MT=RR,MID_PRICE,4.405
2024-11-04 00:00:00+00:00,US3MT=RR,MID_PRICE,4.4175
2024-11-05 00:00:00+00:00,US3MT=RR,MID_PRICE,4.425
2024-11-06 00:00:00+00:00,US3MT=RR,MID_PRICE,4.4275
2024-11-07 00:00:00+00:00,US3MT=RR,MID_PRICE,4.4225
2024-11-08 00:00:00+00:00,US3MT=RR,MID_PRICE,4.4275
2024-11-12 00:00:00+00:00,US3MT=RR,MID_PRICE,4.425
2024-11-13 00:00:00+00:00,US3MT=RR,MID_PRICE,4.3925
2024-11-14 00:00:00+00:00,US3MT=RR,MID_PRICE,4.4125
2024-11-15 00:00:00+00:00,US3MT=RR,MID_PRICE,4.3975
2024-11-18 00:00:00+00:00,US3MT=RR,MID_PRICE,4.4075
2024-11-19 00:00:00+00:00,US3MT=RR,MID_PRICE,4.40875
2024-11-20 00:00:00+00:00,US3MT=RR,MID_PRICE,4.415
2024-11-21 00:00:00+00:00,US3MT=RR,MID_PRICE,4.42
2024-11-22 00:00:00+00:00,US3MT=RR,MID_PRICE,4.4225
2024-11-25 00:00:00+00:00,US3MT=RR,MID_PRICE,4.40625
2024-11-26 00:00:00+00:00,US3MT=RR,MID_PRICE,4.395
2024-11-27 00:00:00+00:00,US3MT=RR,MID_PRICE,4.39
2024-11-29 00:00:00+00:00,US3MT=RR,MID_PRICE,4.38
2024-12-02 00:00:00+00:00,US3MT=RR,MID_PRICE,4.35875
2024-12-03 00:00:00+00:00,US3MT=RR,MID_PRICE,4.355
2024-12-04 00:00:00+00:00,US3MT=RR,MID_PRICE,4.3475
2024-12-05 00:00:00+00:00,US3MT=RR,MID_PRICE,4.3375
2024-12-06 00:00:00+00:00,US3MT=RR,MID_PRICE,4.2925
2024-12-09 00:00:00+00:00,US3MT=RR,MID_PRICE,4.2925
2024-12-10 00:00:00+00:00,US3MT=RR,MID_PRICE,4.2875
2024-12-11 00:00:00+00:00,US3MT=RR,MID_PRICE,4.2575
2024-12-12 00:00:00+00:00,US3MT=RR,MID_PRICE,4.2275
2024-12-13 00:00:00+00:00,US3MT=RR,MID_PRICE,4.2225
2024-12-16 00:00:00+00:00,US3MT=RR,MID_PRICE,4.2125
2024-12-17 00:00:00+00:00,US3MT=RR,MID_PRICE,4.2475
2024-12-18 00:00:00+00:00,US3MT=RR,MID_PRICE,4.235
2024-12-19 00:00:00+00:00,US3MT=RR,MID_PRICE,4.2275
2024-12-20 00:00:00+00:00,US3MT=RR,MID_PRICE,4.22125
2024-12-23 00:00:00+00:00,US3MT=RR,MID_PRICE,4.2225
2024-12-24 00:00:00+00:00,US3MT=RR,MID_PRICE,4.22125
2024-12-26 00:00:00+00:00,US3MT=RR,MID_PRICE,4.225
2024-12-27 00:00:00+00:00,US3MT=RR,MID_PRICE,4.1825
2024-12-30 00:00:00+00:00,US3MT=RR,MID_PRICE,4.1825
2024-12-31 00:00:00+00:00,US3MT=RR,MID_PRICE,4.2175
2025-01-02 00:00:00+00:00,US3MT=RR,MID_PRICE,4.20875
2025-01-03 00:00:00+00:00,US3MT=RR,MID_PRICE,4.1975
2025-01-06 00:00:00+00:00,US3MT=RR,MID_PRICE,4.1975
2025-01-07 00:00:00+00:00,US3MT=RR,MID_PRICE,4.20625
2025-01-08 00:00:00+00:00,US3MT=RR,MID_PRICE,4.2075
2025-01-09 00:00:00+00:00,US3MT=RR,MID_PRICE,4.20375
2025-01-10 00:00:00+00:00,US3MT=RR,MID_PRICE,4.2225
2025-01-13 00:00:00+00:00,US3MT=RR,MID_PRICE,4.2225
2025-01-14 00:00:00+00:00,US3MT=RR,MID_PRICE,4.21625
2025-01-15 00:00:00+00:00,US3MT=RR,MID_PRICE,4.2025
2025-01-16 00:00:00+00:00,US3MT=RR,MID_PRICE,4.1975
2025-01-17 00:00:00+00:00,US3MT=RR,MID_PRICE,4.19625
2025-01-21 00:00:00+00:00,US3MT=RR,MID_PRICE,4.2025
2025-01-22 00:00:00+00:00,US3MT=RR,MID_PRICE,4.2175
2025-01-23 00:00:00+00:00,US3MT=RR,MID_PRICE,4.2125
2025-01-24 00:00:00+00:00,US3MT=RR,MID_PRICE,4.2075
2025-01-27 00:00:00+00:00,US3MT=RR,MID_PRICE,4.1925
2025-01-28 00:00:00+00:00,US3MT=RR,MID_PRICE,4.19
2025-01-29 00:00:00+00:00,US3MT=RR,MID_PRICE,4.19
2025-01-30 00:00:00+00:00,US3MT=RR,MID_PRICE,4.1875
2025-01-31 00:00:00+00:00,US3MT=RR,MID_PRICE,4.1875
2025-02-03 00:00:00+00:00,US3MT=RR,MID_PRICE,4.195
2025-02-04 00:00:00+00:00,US3MT=RR,MID_PRICE,4.215
2025-02-05 00:00:00+00:00,US3MT=RR,MID_PRICE,4.2125
2025-02-06 00:00:00+00:00,US3MT=RR,MID_PRICE,4.2175
2025-02-07 00:00:00+00:00,US3MT=RR,MID_PRICE,4.2325
2025-02-10 00:00:00+00:00,US3MT=RR,MID_PRICE,4.2325
2025-02-11 00:00:00+00:00,US3MT=RR,MID_PRICE,4.225
2025-02-12 00:00:00+00:00,US3MT=RR,MID_PRICE,4.2275
2025-02-13 00:00:00+00:00,US3MT=RR,MID_PRICE,4.22
2025-02-14 00:00:00+00:00,US3MT=RR,MID_PRICE,4.2175
2025-02-18 00:00:00+00:00,US3MT=RR,MID_PRICE,4.2175
2025-02-19 00:00:00+00:00,US3MT=RR,MID_PRICE,4.2175
2025-02-20 00:00:00+00:00,US3MT=RR,MID_PRICE,4.21
2025-02-21 00:00:00+00:00,US3MT=RR,MID_PRICE,4.2025
2025-02-24 00:00:00+00:00,US3MT=RR,MID_PRICE,4.19
2025-02-25 00:00:00+00:00,US3MT=RR,MID_PRICE,4.1875
2025-02-26 00:00:00+00:00,US3MT=RR,MID_PRICE,4.19625
2025-02-27 00:00:00+00:00,US3MT=RR,MID_PRICE,4.1975
2025-02-28 00:00:00+00:00,US3MT=RR,MID_PRICE,4.1975
2025-03-03 00:00:00+00:00,US3MT=RR,MID_PRICE,4.1975
2025-03-04 00:00:00+00:00,US3MT=RR,MID_PRICE,4.21125
2025-03-05 00:00:00+00:00,US3MT=RR,MID_PRICE,4.2075
2025-03-06 00:00:00+00:00,US3MT=RR,MID_PRICE,4.1975
2025-03-07 00:00:00+00:00,US3MT=RR,MID_PRICE,4.20125
2025-03-10 00:00:00+00:00,US3MT=RR,MID_PRICE,4.1825
2025-03-11 00:00:00+00:00,US3MT=RR,MID_PRICE,4.195
2025-03-12 00:00:00+00:00,US3MT=RR,MID_PRICE,4.2
2025-03-13 00:00:00+00:00,US3MT=RR,MID_PRICE,4.1975
2025-03-14 00:00:00+00:00,US3MT=RR,MID_PRICE,4.19375
2025-03-17 00:00:00+00:00,US3MT=RR,MID_PRICE,4.19
2025-03-18 00:00:00+00:00,US3MT=RR,MID_PRICE,4.1975
2025-03-19 00:00:00+00:00,US3MT=RR,MID_PRICE,4.1925
2025-03-20 00:00:00+00:00,US3MT=RR,MID_PRICE,4.1875
2025-03-21 00:00:00+00:00,US3MT=RR,MID_PRICE,4.1875
2025-03-24 00:00:00+00:00,US3MT=RR,MID_PRICE,4.1875
2025-03-25 00:00:00+00:00,US3MT=RR,MID_PRICE,4.1875
2025-03-26 00:00:00+00:00,US3MT=RR,MID_PRICE,4.1925
2025-03-27 00:00:00+00:00,US3MT=RR,MID_PRICE,4.1925
2025-03-28 00:00:00+00:00,US3MT=RR,MID_PRICE,4.1925
2025-03-31 00:00:00+00:00,US3MT=RR,MID_PRICE,4.1975
2025-04-01 00:00:00+00:00,US3MT=RR,MID_PRICE,4.2
2025-04-02 00:00:00+00:00,US3MT=RR,MID_PRICE,4.2
2025-04-03 00:00:00+00:00,US3MT=RR,MID_PRICE,4.19
2025-04-04 00:00:00+00:00,US3MT=RR,MID_PRICE,4.1525
2025-04-07 00:00:00+00:00,US3MT=RR,MID_PRICE,4.17
2025-04-08 00:00:00+00:00,US3MT=RR,MID_PRICE,4.19625
2025-04-09 00:00:00+00:00,US3MT=RR,MID_PRICE,4.22875
2025-04-10 00:00:00+00:00,US3MT=RR,MID_PRICE,4.215
2025-04-11 00:00:00+00:00,US3MT=RR,MID_PRICE,4.2225
2025-04-14 00:00:00+00:00,US3MT=RR,MID_PRICE,4.20625
2025-04-15 00:00:00+00:00,US3MT=RR,MID_PRICE,4.21
2025-04-16 00:00:00+00:00,US3MT=RR,MID_PRICE,4.20875
2025-04-17 00:00:00+00:00,US3MT=RR,MID_PRICE,4.215
2025-04-21 00:00:00+00:00,US3MT=RR,MID_PRICE,4.22
2025-04-22 00:00:00+00:00,US3MT=RR,MID_PRICE,4.21375
2025-04-23 00:00:00+00:00,US3MT=RR,MID_PRICE,4.20875
2025-04-24 00:00:00+00:00,US3MT=RR,MID_PRICE,4.2025
2025-04-25 00:00:00+00:00,US3MT=RR,MID_PRICE,4.1975
2025-04-28 00:00:00+00:00,US3MT=RR,MID_PRICE,4.1925
2025-04-29 00:00:00+00:00,US3MT=RR,MID_PRICE,4.19
2025-04-30 00:00:00+00:00,US3MT=RR,MID_PRICE,4.185
2025-05-01 00:00:00+00:00,US3MT=RR,MID_PRICE,4.19
2025-05-02 00:00:00+00:00,US3MT=RR,MID_PRICE,4.2125
2025-05-05 00:00:00+00:00,US3MT=RR,MID_PRICE,4.2125
2025-05-06 00:00:00+00:00,US3MT=RR,MID_PRICE,4.2125
2025-05-07 00:00:00+00:00,US3MT=RR,MID_PRICE,4.2175
2025-05-08 00:00:00+00:00,US3MT=RR,MID_PRICE,4.2225
2025-05-09 00:00:00+00:00,US3MT=RR,MID_PRICE,4.2175
2025-05-12 00:00:00+00:00,US3MT=RR,MID_PRICE,4.28625
2025-05-13 00:00:00+00:00,US3MT=RR,MID_PRICE,4.2875
2025-05-14 00:00:00+00:00,US3MT=RR,MID_PRICE,4.2825
2025-05-15 00:00:00+00:00,US3MT=RR,MID_PRICE,4.25875
2025-05-16 00:00:00+00:00,US3MT=RR,MID_PRICE,4.24375
2025-05-19 00:00:00+00:00,US3MT=RR,MID_PRICE,4.24125
2025-05-20 00:00:00+00:00,US3MT=RR,MID_PRICE,4.2525
2025-05-21 00:00:00+00:00,US3MT=RR,MID_PRICE,4.2325
2025-05-22 00:00:00+00:00,US3MT=RR,MID_PRICE,4.24125
2025-05-23 00:00:00+00:00,US3MT=RR,MID_PRICE,4.23625
2025-05-27 00:00:00+00:00,US3MT=RR,MID_PRICE,4.21
2025-05-28 00:00:00+00:00,US3MT=RR,MID_PRICE,4.225
2025-05-29 00:00:00+00:00,US3MT=RR,MID_PRICE,4.23875
2025-05-30 00:00:00+00:00,US3MT=RR,MID_PRICE,4.235
2025-06-02 00:00:00+00:00,US3MT=RR,MID_PRICE,4.2375
2025-06-03 00:00:00+00:00,US3MT=RR,MID_PRICE,4.23875
2025-06-04 00:00:00+00:00,US3MT=RR,MID_PRICE,4.2375
2025-06-05 00:00:00+00:00,US3MT=RR,MID_PRICE,4.2325
2025-06-06 00:00:00+00:00,US3MT=RR,MID_PRICE,4.2375
2025-06-09 00:00:00+00:00,US3MT=RR,MID_PRICE,4.2475
2025-06-10 00:00:00+00:00,US3MT=RR,MID_PRICE,4.25
2025-06-11 00:00:00+00:00,US3MT=RR,MID_PRICE,4.2525
2025-06-12 00:00:00+00:00,US3MT=RR,MID_PRICE,4.2675
2025-06-13 00:00:00+00:00,US3MT=RR,MID_PRICE,4.2525
2025-06-16 00:00:00+00:00,US3MT=RR,MID_PRICE,4.2525
2025-06-17 00:00:00+00:00,US3MT=RR,MID_PRICE,4.2225
2025-06-18 00:00:00+00:00,US3MT=RR,MID_PRICE,4.225
2025-06-20 00:00:00+00:00,US3MT=RR,MID_PRICE,4.2025
2025-06-23 00:00:00+00:00,US3MT=RR,MID_PRICE,4.1675
2025-06-24 00:00:00+00:00,US3MT=RR,MID_PRICE,4.1875
2025-06-25 00:00:00+00:00,US3MT=RR,MID_PRICE,4.1875
2025-06-26 00:00:00+00:00,US3MT=RR,MID_PRICE,4.2175
2025-06-27 00:00:00+00:00,US3MT=RR,MID_PRICE,4.19625
2025-06-30 00:00:00+00:00,US3MT=RR,MID_PRICE,4.1975
2025-07-01 00:00:00+00:00,US3MT=RR,MID_PRICE,4.23
2025-07-02 00:00:00+00:00,US3MT=RR,MID_PRICE,4.22375
2025-07-03 00:00:00+00:00,US3MT=RR,MID_PRICE,4.25
2025-07-07 00:00:00+00:00,US3MT=RR,MID_PRICE,4.245
2025-07-08 00:00:00+00:00,US3MT=RR,MID_PRICE,4.25
2025-07-09 00:00:00+00:00,US3MT=RR,MID_PRICE,4.2475
2025-07-10 00:00:00+00:00,US3MT=RR,MID_PRICE,4.2475
2025-07-11 00:00:00+00:00,US3MT=RR,MID_PRICE,4.2375
2025-07-14 00:00:00+00:00,US3MT=RR,MID_PRICE,4.2325
2025-07-15 00:00:00+00:00,US3MT=RR,MID_PRICE,4.24
2025-07-16 00:00:00+00:00,US3MT=RR,MID_PRICE,4.23
2025-07-17 00:00:00+00:00,US3MT=RR,MID_PRICE,4.2375
2025-07-18 00:00:00+00:00,US3MT=RR,MID_PRICE,4.2325
2025-07-21 00:00:00+00:00,US3MT=RR,MID_PRICE,4.225
2025-07-22 00:00:00+00:00,US3MT=RR,MID_PRICE,4.2325
2025-07-23 00:00:00+00:00,US3MT=RR,MID_PRICE,4.2375
2025-07-24 00:00:00+00:00,US3MT=RR,MID_PRICE,4.2475
2025-07-25 00:00:00+00:00,US3MT=RR,MID_PRICE,4.2475
2025-07-28 00:00:00+00:00,US3MT=RR,MID_PRICE,4.2375
2025-07-29 00:00:00+00:00,US3MT=RR,MID_PRICE,4.23125
2025-07-30 00:00:00+00:00,US3MT=RR,MID_PRICE,4.2375
2025-07-31 00:00:00+00:00,US3MT=RR,MID_PRICE,4.2375
2025-08-01 00:00:00+00:00,US3MT=RR,MID_PRICE,4.1775
2025-08-04 00:00:00+00:00,US3MT=RR,MID_PRICE,4.1525
2025-08-05 00:00:00+00:00,US3MT=RR,MID_PRICE,4.15
2025-08-06 00:00:00+00:00,US3MT=RR,MID_PRICE,4.135
2025-08-07 00:00:00+00:00,US3MT=RR,MID_PRICE,4.1375
2025-08-08 00:00:00+00:00,US3MT=RR,MID_PRICE,4.1425
2025-08-11 00:00:00+00:00,US3MT=RR,MID_PRICE,4.15
2025-08-12 00:00:00+00:00,US3MT=RR,MID_PRICE,4.13625
2025-08-13 00:00:00+00:00,US3MT=RR,MID_PRICE,4.10125
2025-08-14 00:00:00+00:00,US3MT=RR,MID_PRICE,4.11625
2025-08-15 00:00:00+00:00,US3MT=RR,MID_PRICE,4.11625
2025-08-18 00:00:00+00:00,US3MT=RR,MID_PRICE,4.1275
2025-08-19 00:00:00+00:00,US3MT=RR,MID_PRICE,4.115
2025-08-20 00:00:00+00:00,US3MT=RR,MID_PRICE,4.11
2025-08-21 00:00:00+00:00,US3MT=RR,MID_PRICE,4.13375
2025-08-22 00:00:00+00:00,US3MT=RR,MID_PRICE,4.09
2025-08-25 00:00:00+00:00,US3MT=RR,MID_PRICE,4.0975
2025-08-26 00:00:00+00:00,US3MT=RR,MID_PRICE,4.09
2025-08-27 00:00:00+00:00,US3MT=RR,MID_PRICE,4.0725
2025-08-28 00:00:00+00:00,US3MT=RR,MID_PRICE,4.0775
2025-08-29 00:00:00+00:00,US3MT=RR,MID_PRICE,4.0475
2025-09-02 00:00:00+00:00,US3MT=RR,MID_PRICE,4.0325
2025-09-03 00:00:00+00:00,US3MT=RR,MID_PRICE,4.02
2025-09-04 00:00:00+00:00,US3MT=RR,MID_PRICE,3.9825
2025-09-05 00:00:00+00:00,US3MT=RR,MID_PRICE,3.9175
2025-09-08 00:00:00+00:00,US3MT=RR,MID_PRICE,3.9325
2025-09-09 00:00:00+00:00,US3MT=RR,MID_PRICE,3.945
2025-09-10 00:00:00+00:00,US3MT=RR,MID_PRICE,3.9375
2025-09-11 00:00:00+00:00,US3MT=RR,MID_PRICE,3.93375
2025-09-12 00:00:00+00:00,US3MT=RR,MID_PRICE,3.93375
2025-09-15 00:00:00+00:00,US3MT=RR,MID_PRICE,3.9025
2025-09-16 00:00:00+00:00,US3MT=RR,MID_PRICE,3.88625
2025-09-17 00:00:00+00:00,US3MT=RR,MID_PRICE,3.87375
2025-09-18 00:00:00+00:00,US3MT=RR,MID_PRICE,3.8825
2025-09-19 00:00:00+00:00,US3MT=RR,MID_PRICE,3.87625
2025-09-22 00:00:00+00:00,US3MT=RR,MID_PRICE,3.85
2025-09-23 00:00:00+00:00,US3MT=RR,MID_PRICE,3.85
2025-09-24 00:00:00+00:00,US3MT=RR,MID_PRICE,3.865
2025-09-25 00:00:00+00:00,US3MT=RR,MID_PRICE,3.8875
2025-09-26 00:00:00+00:00,US3MT=RR,MID_PRICE,3.865
2025-09-29 00:00:00+00:00,US3MT=RR,MID_PRICE,3.8675
2025-09-30 00:00:00+00:00,US3MT=RR,MID_PRICE,3.85125
2025-10-01 00:00:00+00:00,US3MT=RR,MID_PRICE,3.8425
2025-10-02 00:00:00+00:00,US3MT=RR,MID_PRICE,3.8575
2025-10-03 00:00:00+00:00,US3MT=RR,MID_PRICE,3.8625
2025-10-06 00:00:00+00:00,US3MT=RR,MID_PRICE,3.8575
2025-10-07 00:00:00+00:00,US3MT=RR,MID_PRICE,3.845
2025-10-08 00:00:00+00:00,US3MT=RR,MID_PRICE,3.84625
2025-10-09 00:00:00+00:00,US3MT=RR,MID_PRICE,3.865
2025-10-10 00:00:00+00:00,US3MT=RR,MID_PRICE,3.8575
2025-10-14 00:00:00+00:00,US3MT=RR,MID_PRICE,3.855
2025-10-15 00:00:00+00:00,US3MT=RR,MID_PRICE,3.8625
2025-10-16 00:00:00+00:00,US3MT=RR,MID_PRICE,3.8475
2025-10-17 00:00:00+00:00,US3MT=RR,MID_PRICE,3.83
2025-10-20 00:00:00+00:00,US3MT=RR,MID_PRICE,3.79
2025-10-21 00:00:00+00:00,US3MT=RR,MID_PRICE,3.79125
2025-10-22 00:00:00+00:00,US3MT=RR,MID_PRICE,3.79
2025-10-23 00:00:00+00:00,US3MT=RR,MID_PRICE,3.7925
2025-10-24 00:00:00+00:00,US3MT=RR,MID_PRICE,3.76375
2025-10-27 00:00:00+00:00,US3MT=RR,MID_PRICE,3.7275
2025-10-28 00:00:00+00:00,US3MT=RR,MID_PRICE,3.72
2025-10-29 00:00:00+00:00,US3MT=RR,MID_PRICE,3.78625
2025-10-30 00:00:00+00:00,US3MT=RR,MID_PRICE,3.75625
2025-10-31 00:00:00+00:00,US3MT=RR,MID_PRICE,3.7325
2025-11-03 00:00:00+00:00,US3MT=RR,MID_PRICE,3.785
2025-11-04 00:00:00+00:00,US3MT=RR,MID_PRICE,3.79125
2025-11-05 00:00:00+00:00,US3MT=RR,MID_PRICE,3.79
2025-11-06 00:00:00+00:00,US3MT=RR,MID_PRICE,3.765
2025-11-07 00:00:00+00:00,US3MT=RR,MID_PRICE,3.76375
2025-11-10 00:00:00+00:00,US3MT=RR,MID_PRICE,3.78625
2025-11-12 00:00:00+00:00,US3MT=RR,MID_PRICE,3.7825
2025-11-13 00:00:00+00:00,US3MT=RR,MID_PRICE,3.7975
2025-11-14 00:00:00+00:00,US3MT=RR,MID_PRICE,3.7925
2025-11-17 00:00:00+00:00,US3MT=RR,MID_PRICE,3.7775
2025-11-18 00:00:00+00:00,US3MT=RR,MID_PRICE,3.775
2025-11-19 00:00:00+00:00,US3MT=RR,MID_PRICE,3.7775
2025-11-20 00:00:00+00:00,US3MT=RR,MID_PRICE,3.7775
2025-11-21 00:00:00+00:00,US3MT=RR,MID_PRICE,3.74
2025-11-24 00:00:00+00:00,US3MT=RR,MID_PRICE,3.7325
2025-11-25 00:00:00+00:00,US3MT=RR,MID_PRICE,3.735
2025-11-26 00:00:00+00:00,US3MT=RR,MID_PRICE,3.755
2025-11-28 00:00:00+00:00,US3MT=RR,MID_PRICE,3.71
2025-12-01 00:00:00+00:00,US3MT=RR,MID_PRICE,3.685
2025-12-02 00:00:00+00:00,US3MT=RR,MID_PRICE,3.675
2025-12-03 00:00:00+00:00,US3MT=RR,MID_PRICE,3.63
2025-12-04 00:00:00+00:00,US3MT=RR,MID_PRICE,3.62125
2025-12-05 00:00:00+00:00,US3MT=RR,MID_PRICE,3.6175
2025-12-08 00:00:00+00:00,US3MT=RR,MID_PRICE,3.61625
2025-12-09 00:00:00+00:00,US3MT=RR,MID_PRICE,3.6375
2025-12-10 00:00:00+00:00,US3MT=RR,MID_PRICE,3.58625
2025-12-11 00:00:00+00:00,US3MT=RR,MID_PRICE,3.57
2025-12-12 00:00:00+00:00,US3MT=RR,MID_PRICE,3.535
2025-12-15 00:00:00+00:00,US3MT=RR,MID_PRICE,3.54125
2025-12-16 00:00:00+00:00,US3MT=RR,MID_PRICE,3.545
2025-12-17 00:00:00+00:00,US3MT=RR,MID_PRICE,3.5425
2025-12-18 00:00:00+00:00,US3MT=RR,MID_PRICE,3.5275
2025-12-19 00:00:00+00:00,US3MT=RR,MID_PRICE,3.52625
2025-12-22 00:00:00+00:00,US3MT=RR,MID_PRICE,3.535
2025-12-23 00:00:00+00:00,US3MT=RR,MID_PRICE,3.5575
2025-12-24 00:00:00+00:00,US3MT=RR,MID_PRICE,3.56
2025-12-26 00:00:00+00:00,US3MT=RR,MID_PRICE,3.5475
2025-12-29 00:00:00+00:00,US3MT=RR,MID_PRICE,3.545
2025-12-30 00:00:00+00:00,US3MT=RR,MID_PRICE,3.5425
2025-12-31 00:00:00+00:00,US3MT=RR,MID_PRICE,3.5525
2026-01-02 00:00:00+00:00,US3MT=RR,MID_PRICE,3.5375
2026-01-05 00:00:00+00:00,US3MT=RR,MID_PRICE,3.51625
2026-01-06 00:00:00+00:00,US3MT=RR,MID_PRICE,3.52
2026-01-07 00:00:00+00:00,US3MT=RR,MID_PRICE,3.5125
2026-01-08 00:00:00+00:00,US3MT=RR,MID_PRICE,3.5125
2026-01-09 00:00:00+00:00,US3MT=RR,MID_PRICE,3.51875
2026-01-12 00:00:00+00:00,US3MT=RR,MID_PRICE,3.535
2026-01-13 00:00:00+00:00,US3MT=RR,MID_PRICE,3.56
2026-01-14 00:00:00+00:00,US3MT=RR,MID_PRICE,3.56
2026-01-15 00:00:00+00:00,US3MT=RR,MID_PRICE,3.565
2026-01-16 00:00:00+00:00,US3MT=RR,MID_PRICE,3.555
2026-01-20 00:00:00+00:00,US3MT=RR,MID_PRICE,3.5725
2026-01-21 00:00:00+00:00,US3MT=RR,MID_PRICE,3.59
2026-01-22 00:00:00+00:00,US3MT=RR,MID_PRICE,3.5875
2026-01-23 00:00:00+00:00,US3MT=RR,MID_PRICE,3.5875
2026-01-26 00:00:00+00:00,US3MT=RR,MID_PRICE,3.5775
2026-01-27 00:00:00+00:00,US3MT=RR,MID_PRICE,3.575
2026-01-28 00:00:00+00:00,US3MT=RR,MID_PRICE,3.5875
2026-01-29 00:00:00+00:00,US3MT=RR,MID_PRICE,3.5825
2026-01-30 00:00:00+00:00,US3MT=RR,MID_PRICE,3.57875
2026-02-02 00:00:00+00:00,US3MT=RR,MID_PRICE,3.585
2026-02-03 00:00:00+00:00,US3MT=RR,MID_PRICE,3.595
2026-02-04 00:00:00+00:00,US3MT=RR,MID_PRICE,3.5975
2026-02-05 00:00:00+00:00,US3MT=RR,MID_PRICE,3.58125
2026-02-06 00:00:00+00:00,US3MT=RR,MID_PRICE,3.5925
2026-02-09 00:00:00+00:00,US3MT=RR,MID_PRICE,3.6
2026-02-10 00:00:00+00:00,US3MT=RR,MID_PRICE,3.595
2026-02-11 00:00:00+00:00,US3MT=RR,MID_PRICE,3.6025
2026-02-12 00:00:00+00:00,US3MT=RR,MID_PRICE,3.6025
2026-02-13 00:00:00+00:00,US3MT=RR,MID_PRICE,3.5925
2026-02-17 00:00:00+00:00,US3MT=RR,MID_PRICE,3.59625
2026-02-18 00:00:00+00:00,US3MT=RR,MID_PRICE,3.605
2026-02-19 00:00:00+00:00,US3MT=RR,MID_PRICE,3.6
2026-02-20 00:00:00+00:00,US3MT=RR,MID_PRICE,3.59875
2026-02-23 00:00:00+00:00,US3MT=RR,MID_PRICE,3.59125
2026-02-24 00:00:00+00:00,US3MT=RR,MID_PRICE,3.59
2026-02-25 00:00:00+00:00,US3MT=RR,MID_PRICE,3.5925
2026-02-26 00:00:00+00:00,US3MT=RR,MID_PRICE,3.59125
2026-02-27 00:00:00+00:00,US3MT=RR,MID_PRICE,3.57875
2026-03-02 00:00:00+00:00,US3MT=RR,MID_PRICE,3.59
2026-03-03 00:00:00+00:00,US3MT=RR,MID_PRICE,3.595
2026-03-04 00:00:00+00:00,US3MT=RR,MID_PRICE,3.595
2026-03-05 00:00:00+00:00,US3MT=RR,MID_PRICE,3.5875
2026-03-06 00:00:00+00:00,US3MT=RR,MID_PRICE,3.58
2026-03-09 00:00:00+00:00,US3MT=RR,MID_PRICE,3.5925
2026-03-10 00:00:00+00:00,US3MT=RR,MID_PRICE,3.5975
2026-03-11 00:00:00+00:00,US3MT=RR,MID_PRICE,3.6025
2026-03-12 00:00:00+00:00,US3MT=RR,MID_PRICE,3.6075
2026-03-13 00:00:00+00:00,US3MT=RR,MID_PRICE,3.60625
2026-03-16 00:00:00+00:00,US3MT=RR,MID_PRICE,3.6075
2026-03-17 00:00:00+00:00,US3MT=RR,MID_PRICE,3.6075
2026-03-18 00:00:00+00:00,US3MT=RR,MID_PRICE,3.6175
2026-03-19 00:00:00+00:00,US3MT=RR,MID_PRICE,3.6125
2026-03-20 00:00:00+00:00,US3MT=RR,MID_PRICE,3.6225
2026-03-23 00:00:00+00:00,US3MT=RR,MID_PRICE,3.6175
2026-03-24 00:00:00+00:00,US3MT=RR,MID_PRICE,3.62125
2026-03-25 00:00:00+00:00,US3MT=RR,MID_PRICE,3.62
2026-03-26 00:00:00+00:00,US3MT=RR,MID_PRICE,3.6275
2026-03-27 00:00:00+00:00,US3MT=RR,MID_PRICE,3.605
2026-03-30 00:00:00+00:00,US3MT=RR,MID_PRICE,3.60625
2026-03-31 00:00:00+00:00,US3MT=RR,MID_PRICE,3.60625
2026-04-01 00:00:00+00:00,US3MT=RR,MID_PRICE,3.60875
2026-04-02 00:00:00+00:00,US3MT=RR,MID_PRICE,3.61125
2026-04-03 00:00:00+00:00,US3MT=RR,MID_PRICE,3.615
2026-04-06 00:00:00+00:00,US3MT=RR,MID_PRICE,3.62875
2026-04-07 00:00:00+00:00,US3MT=RR,MID_PRICE,3.6175
2026-04-08 00:00:00+00:00,US3MT=RR,MID_PRICE,3.6025
2026-04-09 00:00:00+00:00,US3MT=RR,MID_PRICE,3.5925
2026-04-10 00:00:00+00:00,US3MT=RR,MID_PRICE,3.5975
2026-04-13 00:00:00+00:00,US3MT=RR,MID_PRICE,3.60625
2026-04-14 00:00:00+00:00,US3MT=RR,MID_PRICE,3.6175
2026-04-15 00:00:00+00:00,US3MT=RR,MID_PRICE,3.6175
2026-04-16 00:00:00+00:00,US3MT=RR,MID_PRICE,3.61125
2026-04-17 00:00:00+00:00,US3MT=RR,MID_PRICE,3.6025
2026-04-20 00:00:00+00:00,US3MT=RR,MID_PRICE,3.5975
2026-04-21 00:00:00+00:00,US3MT=RR,MID_PRICE,3.60125
2026-04-22 00:00:00+00:00,US3MT=RR,MID_PRICE,3.595
2026-04-23 00:00:00+00:00,US3MT=RR,MID_PRICE,3.59625
2026-04-24 00:00:00+00:00,US3MT=RR,MID_PRICE,3.59625
2026-04-27 00:00:00+00:00,US3MT=RR,MID_PRICE,3.59625
2026-04-28 00:00:00+00:00,US3MT=RR,MID_PRICE,3.5925
2026-04-29 00:00:00+00:00,US3MT=RR,MID_PRICE,3.5925
2026-04-30 00:00:00+00:00,US3MT=RR,MID_PRICE,3.58375
2026-05-01 00:00:00+00:00,US3MT=RR,MID_PRICE,3.5775
2026-05-04 00:00:00+00:00,US3MT=RR,MID_PRICE,3.5925
2026-05-05 00:00:00+00:00,US3MT=RR,MID_PRICE,3.6025
2026-05-06 00:00:00+00:00,US3MT=RR,MID_PRICE,3.59875
2026-05-07 00:00:00+00:00,US3MT=RR,MID_PRICE,3.6025
2026-05-08 00:00:00+00:00,US3MT=RR,MID_PRICE,3.59875
2026-05-11 00:00:00+00:00,US3MT=RR,MID_PRICE,3.6025
2026-05-12 00:00:00+00:00,US3MT=RR,MID_PRICE,3.60625
2026-05-13 00:00:00+00:00,US3MT=RR,MID_PRICE,3.60125
2026-05-14 00:00:00+00:00,US3MT=RR,MID_PRICE,3.59625
2026-05-15 00:00:00+00:00,US3MT=RR,MID_PRICE,3.5925
2026-05-18 00:00:00+00:00,US3MT=RR,MID_PRICE,3.5675
2026-05-19 00:00:00+00:00,US3MT=RR,MID_PRICE,3.5775
2026-05-20 00:00:00+00:00,US3MT=RR,MID_PRICE,3.5625
2026-05-21 00:00:00+00:00,US3MT=RR,MID_PRICE,3.5825
2026-05-22 00:00:00+00:00,US3MT=RR,MID_PRICE,3.58875
2026-05-26 00:00:00+00:00,US3MT=RR,MID_PRICE,3.58625
2026-05-27 00:00:00+00:00,US3MT=RR,MID_PRICE,3.5875
2026-05-28 00:00:00+00:00,US3MT=RR,MID_PRICE,3.59375
2026-05-29 00:00:00+00:00,US3MT=RR,MID_PRICE,3.59125
2026-06-01 00:00:00+00:00,US3MT=RR,MID_PRICE,3.6175
2026-06-02 00:00:00+00:00,US3MT=RR,MID_PRICE,3.6225
2026-06-03 00:00:00+00:00,US3MT=RR,MID_PRICE,3.625
2026-06-04 00:00:00+00:00,US3MT=RR,MID_PRICE,3.62125
2026-06-05 00:00:00+00:00,US3MT=RR,MID_PRICE,3.6275
2026-06-08 00:00:00+00:00,US3MT=RR,MID_PRICE,3.63
2026-06-09 00:00:00+00:00,US3MT=RR,MID_PRICE,3.6375
2026-06-10 00:00:00+00:00,US3MT=RR,MID_PRICE,3.6325
2026-06-11 00:00:00+00:00,US3MT=RR,MID_PRICE,3.625
2026-06-12 00:00:00+00:00,US3MT=RR,MID_PRICE,3.62125
2026-06-15 00:00:00+00:00,US3MT=RR,MID_PRICE,3.62125
2026-06-16 00:00:00+00:00,US3MT=RR,MID_PRICE,3.6325
2026-06-17 00:00:00+00:00,US3MT=RR,MID_PRICE,3.67
2026-06-18 00:00:00+00:00,US3MT=RR,MID_PRICE,3.665
2026-06-22 00:00:00+00:00,US3MT=RR,MID_PRICE,3.6825
2026-06-23 00:00:00+00:00,US3MT=RR,MID_PRICE,3.69375
2026-06-24 00:00:00+00:00,US3MT=RR,MID_PRICE,3.6925
2026-06-25 00:00:00+00:00,US3MT=RR,MID_PRICE,3.6825
2026-06-26 00:00:00+00:00,US3MT=RR,MID_PRICE,3.66375
2026-06-29 00:00:00+00:00,US3MT=RR,MID_PRICE,3.685
2026-06-30 00:00:00+00:00,US3MT=RR,MID_PRICE,3.73625
2026-07-01 00:00:00+00:00,US3MT=RR,MID_PRICE,3.69
2026-07-02 00:00:00+00:00,US3MT=RR,MID_PRICE,3.67375
2026-07-06 00:00:00+00:00,US3MT=RR,MID_PRICE,3.68375
2026-07-07 00:00:00+00:00,US3MT=RR,MID_PRICE,3.70125
2026-07-08 00:00:00+00:00,US3MT=RR,MID_PRICE,3.725
2026-07-09 00:00:00+00:00,US3MT=RR,MID_PRICE,3.68875
2026-07-10 00:00:00+00:00,US3MT=RR,MID_PRICE,3.7
2026-07-13 00:00:00+00:00,US3MT=RR,MID_PRICE,3.7325
2026-07-14 00:00:00+00:00,US3MT=RR,MID_PRICE,3.7
2026-07-15 00:00:00+00:00,US3MT=RR,MID_PRICE,3.6975
2026-07-16 00:00:00+00:00,US3MT=RR,MID_PRICE,3.7
2026-07-17 00:00:00+00:00,US3MT=RR,MID_PRICE,3.71125
2026-07-20 00:00:00+00:00,US3MT=RR,MID_PRICE,3.705
2026-07-21 00:00:00+00:00,US3MT=RR,MID_PRICE,3.7325
2026-07-22 00:00:00+00:00,US3MT=RR,MID_PRICE,3.7525
2026-07-23 00:00:00+00:00,US3MT=RR,MID_PRICE,3.80375
2026-07-24 00:00:00+00:00,US3MT=RR,MID_PRICE,3.81625
2026-07-27 00:00:00+00:00,US3MT=RR,MID_PRICE,3.8075
