Date,RIC,LSEG_Field,USD_3M_SOFR_OIS
2020-01-02 00:00:00+00:00,USDSROIS3M=,MID_PRICE,1.565
2020-01-03 00:00:00+00:00,USDSROIS3M=,MID_PRICE,1.577
2020-01-06 00:00:00+00:00,USDSROIS3M=,MID_PRICE,1.583
2020-01-07 00:00:00+00:00,USDSROIS3M=,MID_PRICE,1.586
2020-01-08 00:00:00+00:00,USDSROIS3M=,MID_PRICE,1.587
2020-01-09 00:00:00+00:00,USDSROIS3M=,MID_PRICE,1.585
2020-01-10 00:00:00+00:00,USDSROIS3M=,MID_PRICE,1.586
2020-01-13 00:00:00+00:00,USDSROIS3M=,MID_PRICE,1.592
2020-01-14 00:00:00+00:00,USDSROIS3M=,MID_PRICE,1.594
2020-01-15 00:00:00+00:00,USDSROIS3M=,MID_PRICE,1.591
2020-01-16 00:00:00+00:00,USDSROIS3M=,MID_PRICE,1.586
2020-01-17 00:00:00+00:00,USDSROIS3M=,MID_PRICE,1.588
2020-01-20 00:00:00+00:00,USDSROIS3M=,MID_PRICE,1.588
2020-01-21 00:00:00+00:00,USDSROIS3M=,MID_PRICE,1.582
2020-01-22 00:00:00+00:00,USDSROIS3M=,MID_PRICE,1.587
2020-01-23 00:00:00+00:00,USDSROIS3M=,MID_PRICE,1.584
2020-01-24 00:00:00+00:00,USDSROIS3M=,MID_PRICE,1.579
2020-01-27 00:00:00+00:00,USDSROIS3M=,MID_PRICE,1.576
2020-01-28 00:00:00+00:00,USDSROIS3M=,MID_PRICE,1.582
2020-01-29 00:00:00+00:00,USDSROIS3M=,MID_PRICE,1.587
2020-01-30 00:00:00+00:00,USDSROIS3M=,MID_PRICE,1.574
2020-01-31 00:00:00+00:00,USDSROIS3M=,MID_PRICE,1.556
2020-02-03 00:00:00+00:00,USDSROIS3M=,MID_PRICE,1.565
2020-02-04 00:00:00+00:00,USDSROIS3M=,MID_PRICE,1.579
2020-02-05 00:00:00+00:00,USDSROIS3M=,MID_PRICE,1.582
2020-02-06 00:00:00+00:00,USDSROIS3M=,MID_PRICE,1.579
2020-02-07 00:00:00+00:00,USDSROIS3M=,MID_PRICE,1.575
2020-02-10 00:00:00+00:00,USDSROIS3M=,MID_PRICE,1.561
2020-02-11 00:00:00+00:00,USDSROIS3M=,MID_PRICE,1.565
2020-02-12 00:00:00+00:00,USDSROIS3M=,MID_PRICE,1.561
2020-02-13 00:00:00+00:00,USDSROIS3M=,MID_PRICE,1.559
2020-02-14 00:00:00+00:00,USDSROIS3M=,MID_PRICE,1.554
2020-02-17 00:00:00+00:00,USDSROIS3M=,MID_PRICE,1.554
2020-02-18 00:00:00+00:00,USDSROIS3M=,MID_PRICE,1.554
2020-02-19 00:00:00+00:00,USDSROIS3M=,MID_PRICE,1.566
2020-02-20 00:00:00+00:00,USDSROIS3M=,MID_PRICE,1.56
2020-02-21 00:00:00+00:00,USDSROIS3M=,MID_PRICE,1.553
2020-02-24 00:00:00+00:00,USDSROIS3M=,MID_PRICE,1.526
2020-02-25 00:00:00+00:00,USDSROIS3M=,MID_PRICE,1.491
2020-02-26 00:00:00+00:00,USDSROIS3M=,MID_PRICE,1.48
2020-02-27 00:00:00+00:00,USDSROIS3M=,MID_PRICE,1.42
2020-02-28 00:00:00+00:00,USDSROIS3M=,MID_PRICE,1.236
2020-03-02 00:00:00+00:00,USDSROIS3M=,MID_PRICE,1.089
2020-03-03 00:00:00+00:00,USDSROIS3M=,MID_PRICE,0.826
2020-03-04 00:00:00+00:00,USDSROIS3M=,MID_PRICE,0.798
2020-03-05 00:00:00+00:00,USDSROIS3M=,MID_PRICE,0.692
2020-03-06 00:00:00+00:00,USDSROIS3M=,MID_PRICE,0.54
2020-03-09 00:00:00+00:00,USDSROIS3M=,MID_PRICE,0.347
2020-03-10 00:00:00+00:00,USDSROIS3M=,MID_PRICE,0.429
2020-03-11 00:00:00+00:00,USDSROIS3M=,MID_PRICE,0.319
2020-03-12 00:00:00+00:00,USDSROIS3M=,MID_PRICE,0.183
2020-03-13 00:00:00+00:00,USDSROIS3M=,MID_PRICE,0.186
2020-03-16 00:00:00+00:00,USDSROIS3M=,MID_PRICE,0.128
2020-03-17 00:00:00+00:00,USDSROIS3M=,MID_PRICE,0.14
2020-03-18 00:00:00+00:00,USDSROIS3M=,MID_PRICE,0.14
2020-03-19 00:00:00+00:00,USDSROIS3M=,MID_PRICE,0.12
2020-03-20 00:00:00+00:00,USDSROIS3M=,MID_PRICE,0.094
2020-03-23 00:00:00+00:00,USDSROIS3M=,MID_PRICE,0.087
2020-03-24 00:00:00+00:00,USDSROIS3M=,MID_PRICE,0.082
2020-03-25 00:00:00+00:00,USDSROIS3M=,MID_PRICE,0.077
2020-03-26 00:00:00+00:00,USDSROIS3M=,MID_PRICE,0.07
2020-03-27 00:00:00+00:00,USDSROIS3M=,MID_PRICE,0.07
2020-03-30 00:00:00+00:00,USDSROIS3M=,MID_PRICE,0.057
2020-03-31 00:00:00+00:00,USDSROIS3M=,MID_PRICE,0.052
2020-04-01 00:00:00+00:00,USDSROIS3M=,MID_PRICE,0.062
2020-04-02 00:00:00+00:00,USDSROIS3M=,MID_PRICE,0.065
2020-04-03 00:00:00+00:00,USDSROIS3M=,MID_PRICE,0.055
2020-04-06 00:00:00+00:00,USDSROIS3M=,MID_PRICE,0.067
2020-04-07 00:00:00+00:00,USDSROIS3M=,MID_PRICE,0.063
2020-04-08 00:00:00+00:00,USDSROIS3M=,MID_PRICE,0.068
2020-04-09 00:00:00+00:00,USDSROIS3M=,MID_PRICE,0.069
2020-04-10 00:00:00+00:00,USDSROIS3M=,MID_PRICE,0.069
2020-04-13 00:00:00+00:00,USDSROIS3M=,MID_PRICE,0.076
2020-04-14 00:00:00+00:00,USDSROIS3M=,MID_PRICE,0.077
2020-04-15 00:00:00+00:00,USDSROIS3M=,MID_PRICE,0.072
2020-04-16 00:00:00+00:00,USDSROIS3M=,MID_PRICE,0.072
2020-04-17 00:00:00+00:00,USDSROIS3M=,MID_PRICE,0.061
2020-04-20 00:00:00+00:00,USDSROIS3M=,MID_PRICE,0.057
2020-04-21 00:00:00+00:00,USDSROIS3M=,MID_PRICE,0.049
2020-04-22 00:00:00+00:00,USDSROIS3M=,MID_PRICE,0.05
2020-04-23 00:00:00+00:00,USDSROIS3M=,MID_PRICE,0.056
2020-04-24 00:00:00+00:00,USDSROIS3M=,MID_PRICE,0.053
2020-04-27 00:00:00+00:00,USDSROIS3M=,MID_PRICE,0.047
2020-04-28 00:00:00+00:00,USDSROIS3M=,MID_PRICE,0.048
2020-04-29 00:00:00+00:00,USDSROIS3M=,MID_PRICE,0.028
2020-04-30 00:00:00+00:00,USDSROIS3M=,MID_PRICE,0.029
2020-05-01 00:00:00+00:00,USDSROIS3M=,MID_PRICE,0.032
2020-05-04 00:00:00+00:00,USDSROIS3M=,MID_PRICE,0.033
2020-05-05 00:00:00+00:00,USDSROIS3M=,MID_PRICE,0.048
2020-05-06 00:00:00+00:00,USDSROIS3M=,MID_PRICE,0.051
2020-05-07 00:00:00+00:00,USDSROIS3M=,MID_PRICE,0.059
2020-05-08 00:00:00+00:00,USDSROIS3M=,MID_PRICE,0.056
2020-05-11 00:00:00+00:00,USDSROIS3M=,MID_PRICE,0.061
2020-05-12 00:00:00+00:00,USDSROIS3M=,MID_PRICE,0.07
2020-05-13 00:00:00+00:00,USDSROIS3M=,MID_PRICE,0.061
2020-05-14 00:00:00+00:00,USDSROIS3M=,MID_PRICE,0.062
2020-05-15 00:00:00+00:00,USDSROIS3M=,MID_PRICE,0.066
2020-05-18 00:00:00+00:00,USDSROIS3M=,MID_PRICE,0.072
2020-05-19 00:00:00+00:00,USDSROIS3M=,MID_PRICE,0.066
2020-05-20 00:00:00+00:00,USDSROIS3M=,MID_PRICE,0.055
2020-05-21 00:00:00+00:00,USDSROIS3M=,MID_PRICE,0.053
2020-05-22 00:00:00+00:00,USDSROIS3M=,MID_PRICE,0.057
2020-05-25 00:00:00+00:00,USDSROIS3M=,MID_PRICE,0.057
2020-05-26 00:00:00+00:00,USDSROIS3M=,MID_PRICE,0.068
2020-05-27 00:00:00+00:00,USDSROIS3M=,MID_PRICE,0.073
2020-05-28 00:00:00+00:00,USDSROIS3M=,MID_PRICE,0.075
2020-05-29 00:00:00+00:00,USDSROIS3M=,MID_PRICE,0.071
2020-06-01 00:00:00+00:00,USDSROIS3M=,MID_PRICE,0.073
2020-06-02 00:00:00+00:00,USDSROIS3M=,MID_PRICE,0.074
2020-06-03 00:00:00+00:00,USDSROIS3M=,MID_PRICE,0.077
2020-06-04 00:00:00+00:00,USDSROIS3M=,MID_PRICE,0.081
2020-06-05 00:00:00+00:00,USDSROIS3M=,MID_PRICE,0.073
2020-06-08 00:00:00+00:00,USDSROIS3M=,MID_PRICE,0.083
2020-06-09 00:00:00+00:00,USDSROIS3M=,MID_PRICE,0.083
2020-06-10 00:00:00+00:00,USDSROIS3M=,MID_PRICE,0.079
2020-06-11 00:00:00+00:00,USDSROIS3M=,MID_PRICE,0.079
2020-06-12 00:00:00+00:00,USDSROIS3M=,MID_PRICE,0.094
2020-06-15 00:00:00+00:00,USDSROIS3M=,MID_PRICE,0.101
2020-06-16 00:00:00+00:00,USDSROIS3M=,MID_PRICE,0.101
2020-06-17 00:00:00+00:00,USDSROIS3M=,MID_PRICE,0.091
2020-06-18 00:00:00+00:00,USDSROIS3M=,MID_PRICE,0.087
2020-06-19 00:00:00+00:00,USDSROIS3M=,MID_PRICE,0.083
2020-06-22 00:00:00+00:00,USDSROIS3M=,MID_PRICE,0.085
2020-06-23 00:00:00+00:00,USDSROIS3M=,MID_PRICE,0.081
2020-06-24 00:00:00+00:00,USDSROIS3M=,MID_PRICE,0.075
2020-06-25 00:00:00+00:00,USDSROIS3M=,MID_PRICE,0.073
2020-06-26 00:00:00+00:00,USDSROIS3M=,MID_PRICE,0.068
2020-06-29 00:00:00+00:00,USDSROIS3M=,MID_PRICE,0.067
2020-06-30 00:00:00+00:00,USDSROIS3M=,MID_PRICE,0.066
2020-07-01 00:00:00+00:00,USDSROIS3M=,MID_PRICE,0.067
2020-07-02 00:00:00+00:00,USDSROIS3M=,MID_PRICE,0.078
2020-07-03 00:00:00+00:00,USDSROIS3M=,MID_PRICE,0.078
2020-07-06 00:00:00+00:00,USDSROIS3M=,MID_PRICE,0.086
2020-07-07 00:00:00+00:00,USDSROIS3M=,MID_PRICE,0.085
2020-07-08 00:00:00+00:00,USDSROIS3M=,MID_PRICE,0.078
2020-07-09 00:00:00+00:00,USDSROIS3M=,MID_PRICE,0.077
2020-07-10 00:00:00+00:00,USDSROIS3M=,MID_PRICE,0.083
2020-07-13 00:00:00+00:00,USDSROIS3M=,MID_PRICE,0.084
2020-07-14 00:00:00+00:00,USDSROIS3M=,MID_PRICE,0.082
2020-07-15 00:00:00+00:00,USDSROIS3M=,MID_PRICE,0.082
2020-07-16 00:00:00+00:00,USDSROIS3M=,MID_PRICE,0.078
2020-07-17 00:00:00+00:00,USDSROIS3M=,MID_PRICE,0.081
2020-07-20 00:00:00+00:00,USDSROIS3M=,MID_PRICE,0.083
2020-07-21 00:00:00+00:00,USDSROIS3M=,MID_PRICE,0.088
2020-07-22 00:00:00+00:00,USDSROIS3M=,MID_PRICE,0.087
2020-07-23 00:00:00+00:00,USDSROIS3M=,MID_PRICE,0.082
2020-07-24 00:00:00+00:00,USDSROIS3M=,MID_PRICE,0.078
2020-07-27 00:00:00+00:00,USDSROIS3M=,MID_PRICE,0.077
2020-07-28 00:00:00+00:00,USDSROIS3M=,MID_PRICE,0.076
2020-07-29 00:00:00+00:00,USDSROIS3M=,MID_PRICE,0.076
2020-07-30 00:00:00+00:00,USDSROIS3M=,MID_PRICE,0.07
2020-07-31 00:00:00+00:00,USDSROIS3M=,MID_PRICE,0.072
2020-08-03 00:00:00+00:00,USDSROIS3M=,MID_PRICE,0.074
2020-08-04 00:00:00+00:00,USDSROIS3M=,MID_PRICE,0.073
2020-08-05 00:00:00+00:00,USDSROIS3M=,MID_PRICE,0.072
2020-08-06 00:00:00+00:00,USDSROIS3M=,MID_PRICE,0.074
2020-08-07 00:00:00+00:00,USDSROIS3M=,MID_PRICE,0.072
2020-08-10 00:00:00+00:00,USDSROIS3M=,MID_PRICE,0.075
2020-08-11 00:00:00+00:00,USDSROIS3M=,MID_PRICE,0.073
2020-08-12 00:00:00+00:00,USDSROIS3M=,MID_PRICE,0.079
2020-08-13 00:00:00+00:00,USDSROIS3M=,MID_PRICE,0.081
2020-08-14 00:00:00+00:00,USDSROIS3M=,MID_PRICE,0.084
2020-08-17 00:00:00+00:00,USDSROIS3M=,MID_PRICE,0.084
2020-08-18 00:00:00+00:00,USDSROIS3M=,MID_PRICE,0.083
2020-08-19 00:00:00+00:00,USDSROIS3M=,MID_PRICE,0.074
2020-08-20 00:00:00+00:00,USDSROIS3M=,MID_PRICE,0.073
2020-08-21 00:00:00+00:00,USDSROIS3M=,MID_PRICE,0.069
2020-08-24 00:00:00+00:00,USDSROIS3M=,MID_PRICE,0.072
2020-08-25 00:00:00+00:00,USDSROIS3M=,MID_PRICE,0.076
2020-08-26 00:00:00+00:00,USDSROIS3M=,MID_PRICE,0.076
2020-08-27 00:00:00+00:00,USDSROIS3M=,MID_PRICE,0.074
2020-08-28 00:00:00+00:00,USDSROIS3M=,MID_PRICE,0.073
2020-08-31 00:00:00+00:00,USDSROIS3M=,MID_PRICE,0.074
2020-09-01 00:00:00+00:00,USDSROIS3M=,MID_PRICE,0.074
2020-09-02 00:00:00+00:00,USDSROIS3M=,MID_PRICE,0.074
2020-09-03 00:00:00+00:00,USDSROIS3M=,MID_PRICE,0.075
2020-09-04 00:00:00+00:00,USDSROIS3M=,MID_PRICE,0.082
2020-09-07 00:00:00+00:00,USDSROIS3M=,MID_PRICE,0.084
2020-09-08 00:00:00+00:00,USDSROIS3M=,MID_PRICE,0.082
2020-09-09 00:00:00+00:00,USDSROIS3M=,MID_PRICE,0.083
2020-09-10 00:00:00+00:00,USDSROIS3M=,MID_PRICE,0.083
2020-09-11 00:00:00+00:00,USDSROIS3M=,MID_PRICE,0.079
2020-09-14 00:00:00+00:00,USDSROIS3M=,MID_PRICE,0.078
2020-09-15 00:00:00+00:00,USDSROIS3M=,MID_PRICE,0.079
2020-09-16 00:00:00+00:00,USDSROIS3M=,MID_PRICE,0.075
2020-09-17 00:00:00+00:00,USDSROIS3M=,MID_PRICE,0.075
2020-09-18 00:00:00+00:00,USDSROIS3M=,MID_PRICE,0.076
2020-09-21 00:00:00+00:00,USDSROIS3M=,MID_PRICE,0.075
2020-09-22 00:00:00+00:00,USDSROIS3M=,MID_PRICE,0.075
2020-09-23 00:00:00+00:00,USDSROIS3M=,MID_PRICE,0.07
2020-09-24 00:00:00+00:00,USDSROIS3M=,MID_PRICE,0.073
2020-09-25 00:00:00+00:00,USDSROIS3M=,MID_PRICE,0.075
2020-09-28 00:00:00+00:00,USDSROIS3M=,MID_PRICE,0.074
2020-09-29 00:00:00+00:00,USDSROIS3M=,MID_PRICE,0.078
2020-09-30 00:00:00+00:00,USDSROIS3M=,MID_PRICE,0.078
2020-10-01 00:00:00+00:00,USDSROIS3M=,MID_PRICE,0.078
2020-10-02 00:00:00+00:00,USDSROIS3M=,MID_PRICE,0.079
2020-10-05 00:00:00+00:00,USDSROIS3M=,MID_PRICE,0.08
2020-10-06 00:00:00+00:00,USDSROIS3M=,MID_PRICE,0.078
2020-10-07 00:00:00+00:00,USDSROIS3M=,MID_PRICE,0.08
2020-10-08 00:00:00+00:00,USDSROIS3M=,MID_PRICE,0.079
2020-10-09 00:00:00+00:00,USDSROIS3M=,MID_PRICE,0.08
2020-10-12 00:00:00+00:00,USDSROIS3M=,MID_PRICE,0.079
2020-10-13 00:00:00+00:00,USDSROIS3M=,MID_PRICE,0.081
2020-10-14 00:00:00+00:00,USDSROIS3M=,MID_PRICE,0.084
2020-10-15 00:00:00+00:00,USDSROIS3M=,MID_PRICE,0.088
2020-10-16 00:00:00+00:00,USDSROIS3M=,MID_PRICE,0.086
2020-10-19 00:00:00+00:00,USDSROIS3M=,MID_PRICE,0.089
2020-10-20 00:00:00+00:00,USDSROIS3M=,MID_PRICE,0.085
2020-10-21 00:00:00+00:00,USDSROIS3M=,MID_PRICE,0.085
2020-10-22 00:00:00+00:00,USDSROIS3M=,MID_PRICE,0.082
2020-10-23 00:00:00+00:00,USDSROIS3M=,MID_PRICE,0.084
2020-10-26 00:00:00+00:00,USDSROIS3M=,MID_PRICE,0.081
2020-10-27 00:00:00+00:00,USDSROIS3M=,MID_PRICE,0.082
2020-10-28 00:00:00+00:00,USDSROIS3M=,MID_PRICE,0.082
2020-10-29 00:00:00+00:00,USDSROIS3M=,MID_PRICE,0.082
2020-10-30 00:00:00+00:00,USDSROIS3M=,MID_PRICE,0.084
2020-11-02 00:00:00+00:00,USDSROIS3M=,MID_PRICE,0.0796
2020-11-03 00:00:00+00:00,USDSROIS3M=,MID_PRICE,0.0879
2020-11-04 00:00:00+00:00,USDSROIS3M=,MID_PRICE,0.0875
2020-11-05 00:00:00+00:00,USDSROIS3M=,MID_PRICE,0.0812
2020-11-06 00:00:00+00:00,USDSROIS3M=,MID_PRICE,0.0895
2020-11-09 00:00:00+00:00,USDSROIS3M=,MID_PRICE,0.0855
2020-11-10 00:00:00+00:00,USDSROIS3M=,MID_PRICE,0.0858
2020-11-11 00:00:00+00:00,USDSROIS3M=,MID_PRICE,0.0908
2020-11-12 00:00:00+00:00,USDSROIS3M=,MID_PRICE,0.085
2020-11-13 00:00:00+00:00,USDSROIS3M=,MID_PRICE,0.0889
2020-11-16 00:00:00+00:00,USDSROIS3M=,MID_PRICE,0.0848
2020-11-17 00:00:00+00:00,USDSROIS3M=,MID_PRICE,0.0791
2020-11-18 00:00:00+00:00,USDSROIS3M=,MID_PRICE,0.0784
2020-11-19 00:00:00+00:00,USDSROIS3M=,MID_PRICE,0.0752
2020-11-20 00:00:00+00:00,USDSROIS3M=,MID_PRICE,0.0779
2020-11-23 00:00:00+00:00,USDSROIS3M=,MID_PRICE,0.0758
2020-11-24 00:00:00+00:00,USDSROIS3M=,MID_PRICE,0.076
2020-11-25 00:00:00+00:00,USDSROIS3M=,MID_PRICE,0.074
2020-11-26 00:00:00+00:00,USDSROIS3M=,MID_PRICE,0.073
2020-11-27 00:00:00+00:00,USDSROIS3M=,MID_PRICE,0.0759
2020-11-30 00:00:00+00:00,USDSROIS3M=,MID_PRICE,0.0738
2020-12-01 00:00:00+00:00,USDSROIS3M=,MID_PRICE,0.0738
2020-12-02 00:00:00+00:00,USDSROIS3M=,MID_PRICE,0.0736
2020-12-03 00:00:00+00:00,USDSROIS3M=,MID_PRICE,0.0737
2020-12-04 00:00:00+00:00,USDSROIS3M=,MID_PRICE,0.07
2020-12-07 00:00:00+00:00,USDSROIS3M=,MID_PRICE,0.0711
2020-12-08 00:00:00+00:00,USDSROIS3M=,MID_PRICE,0.0711
2020-12-09 00:00:00+00:00,USDSROIS3M=,MID_PRICE,0.0648
2020-12-10 00:00:00+00:00,USDSROIS3M=,MID_PRICE,0.0646
2020-12-11 00:00:00+00:00,USDSROIS3M=,MID_PRICE,0.0623
2020-12-14 00:00:00+00:00,USDSROIS3M=,MID_PRICE,0.0677
2020-12-15 00:00:00+00:00,USDSROIS3M=,MID_PRICE,0.0699
2020-12-16 00:00:00+00:00,USDSROIS3M=,MID_PRICE,0.0716
2020-12-17 00:00:00+00:00,USDSROIS3M=,MID_PRICE,0.0702
2020-12-18 00:00:00+00:00,USDSROIS3M=,MID_PRICE,0.0702
2020-12-21 00:00:00+00:00,USDSROIS3M=,MID_PRICE,0.0685
2020-12-22 00:00:00+00:00,USDSROIS3M=,MID_PRICE,0.0745
2020-12-23 00:00:00+00:00,USDSROIS3M=,MID_PRICE,0.0725
2020-12-24 00:00:00+00:00,USDSROIS3M=,MID_PRICE,0.0677
2020-12-25 00:00:00+00:00,USDSROIS3M=,MID_PRICE,0.067
2020-12-28 00:00:00+00:00,USDSROIS3M=,MID_PRICE,0.0721
2020-12-29 00:00:00+00:00,USDSROIS3M=,MID_PRICE,0.0705
2020-12-30 00:00:00+00:00,USDSROIS3M=,MID_PRICE,0.0673
2020-12-31 00:00:00+00:00,USDSROIS3M=,MID_PRICE,0.0629
2021-01-01 00:00:00+00:00,USDSROIS3M=,MID_PRICE,0.0629
2021-01-04 00:00:00+00:00,USDSROIS3M=,MID_PRICE,0.0659
2021-01-05 00:00:00+00:00,USDSROIS3M=,MID_PRICE,0.0628
2021-01-06 00:00:00+00:00,USDSROIS3M=,MID_PRICE,0.0679
2021-01-07 00:00:00+00:00,USDSROIS3M=,MID_PRICE,0.0718
2021-01-08 00:00:00+00:00,USDSROIS3M=,MID_PRICE,0.0634
2021-01-11 00:00:00+00:00,USDSROIS3M=,MID_PRICE,0.0535
2021-01-12 00:00:00+00:00,USDSROIS3M=,MID_PRICE,0.0693
2021-01-13 00:00:00+00:00,USDSROIS3M=,MID_PRICE,0.0684
2021-01-14 00:00:00+00:00,USDSROIS3M=,MID_PRICE,0.0683
2021-01-15 00:00:00+00:00,USDSROIS3M=,MID_PRICE,0.0624
2021-01-18 00:00:00+00:00,USDSROIS3M=,MID_PRICE,0.0669
2021-01-19 00:00:00+00:00,USDSROIS3M=,MID_PRICE,0.0666
2021-01-20 00:00:00+00:00,USDSROIS3M=,MID_PRICE,0.0588
2021-01-21 00:00:00+00:00,USDSROIS3M=,MID_PRICE,0.0561
2021-01-22 00:00:00+00:00,USDSROIS3M=,MID_PRICE,0.0593
2021-01-25 00:00:00+00:00,USDSROIS3M=,MID_PRICE,0.0327
2021-01-26 00:00:00+00:00,USDSROIS3M=,MID_PRICE,0.0326
2021-01-27 00:00:00+00:00,USDSROIS3M=,MID_PRICE,0.0537
2021-01-28 00:00:00+00:00,USDSROIS3M=,MID_PRICE,0.0452
2021-01-29 00:00:00+00:00,USDSROIS3M=,MID_PRICE,0.0539
2021-02-01 00:00:00+00:00,USDSROIS3M=,MID_PRICE,0.0474
2021-02-02 00:00:00+00:00,USDSROIS3M=,MID_PRICE,0.0426
2021-02-03 00:00:00+00:00,USDSROIS3M=,MID_PRICE,0.0478
2021-02-04 00:00:00+00:00,USDSROIS3M=,MID_PRICE,0.0312
2021-02-05 00:00:00+00:00,USDSROIS3M=,MID_PRICE,0.0489
2021-02-08 00:00:00+00:00,USDSROIS3M=,MID_PRICE,0.0499
2021-02-09 00:00:00+00:00,USDSROIS3M=,MID_PRICE,0.0342
2021-02-10 00:00:00+00:00,USDSROIS3M=,MID_PRICE,0.034
2021-02-11 00:00:00+00:00,USDSROIS3M=,MID_PRICE,0.0536
2021-02-12 00:00:00+00:00,USDSROIS3M=,MID_PRICE,0.0487
2021-02-15 00:00:00+00:00,USDSROIS3M=,MID_PRICE,0.0546
2021-02-16 00:00:00+00:00,USDSROIS3M=,MID_PRICE,0.0335
2021-02-17 00:00:00+00:00,USDSROIS3M=,MID_PRICE,0.0559
2021-02-18 00:00:00+00:00,USDSROIS3M=,MID_PRICE,0.056
2021-02-19 00:00:00+00:00,USDSROIS3M=,MID_PRICE,0.0554
2021-02-22 00:00:00+00:00,USDSROIS3M=,MID_PRICE,0.0336
2021-02-23 00:00:00+00:00,USDSROIS3M=,MID_PRICE,0.0338
2021-02-24 00:00:00+00:00,USDSROIS3M=,MID_PRICE,0.0479
2021-02-25 00:00:00+00:00,USDSROIS3M=,MID_PRICE,0.0619
2021-02-26 00:00:00+00:00,USDSROIS3M=,MID_PRICE,0.0576
2021-03-01 00:00:00+00:00,USDSROIS3M=,MID_PRICE,0.0617
2021-03-02 00:00:00+00:00,USDSROIS3M=,MID_PRICE,0.0434
2021-03-03 00:00:00+00:00,USDSROIS3M=,MID_PRICE,0.0591
2021-03-04 00:00:00+00:00,USDSROIS3M=,MID_PRICE,0.0591
2021-03-05 00:00:00+00:00,USDSROIS3M=,MID_PRICE,0.0565
2021-03-08 00:00:00+00:00,USDSROIS3M=,MID_PRICE,0.0544
2021-03-09 00:00:00+00:00,USDSROIS3M=,MID_PRICE,0.0546
2021-03-10 00:00:00+00:00,USDSROIS3M=,MID_PRICE,0.0431
2021-03-11 00:00:00+00:00,USDSROIS3M=,MID_PRICE,0.0551
2021-03-12 00:00:00+00:00,USDSROIS3M=,MID_PRICE,0.0561
2021-03-15 00:00:00+00:00,USDSROIS3M=,MID_PRICE,0.0552
2021-03-16 00:00:00+00:00,USDSROIS3M=,MID_PRICE,0.034
2021-03-17 00:00:00+00:00,USDSROIS3M=,MID_PRICE,0.0555
2021-03-18 00:00:00+00:00,USDSROIS3M=,MID_PRICE,0.0542
2021-03-19 00:00:00+00:00,USDSROIS3M=,MID_PRICE,0.0555
2021-03-22 00:00:00+00:00,USDSROIS3M=,MID_PRICE,0.048
2021-03-23 00:00:00+00:00,USDSROIS3M=,MID_PRICE,0.0525
2021-03-24 00:00:00+00:00,USDSROIS3M=,MID_PRICE,0.0522
2021-03-25 00:00:00+00:00,USDSROIS3M=,MID_PRICE,0.0499
2021-03-26 00:00:00+00:00,USDSROIS3M=,MID_PRICE,0.0532
2021-03-29 00:00:00+00:00,USDSROIS3M=,MID_PRICE,0.0191
2021-03-30 00:00:00+00:00,USDSROIS3M=,MID_PRICE,0.0186
2021-03-31 00:00:00+00:00,USDSROIS3M=,MID_PRICE,0.0504
2021-04-01 00:00:00+00:00,USDSROIS3M=,MID_PRICE,0.0206
2021-04-05 00:00:00+00:00,USDSROIS3M=,MID_PRICE,0.0515
2021-04-06 00:00:00+00:00,USDSROIS3M=,MID_PRICE,0.0515
2021-04-07 00:00:00+00:00,USDSROIS3M=,MID_PRICE,0.0515
2021-04-08 00:00:00+00:00,USDSROIS3M=,MID_PRICE,0.0515
2021-04-09 00:00:00+00:00,USDSROIS3M=,MID_PRICE,0.0515
2021-04-12 00:00:00+00:00,USDSROIS3M=,MID_PRICE,0.0515
2021-04-13 00:00:00+00:00,USDSROIS3M=,MID_PRICE,0.0515
2021-04-14 00:00:00+00:00,USDSROIS3M=,MID_PRICE,0.0515
2021-04-15 00:00:00+00:00,USDSROIS3M=,MID_PRICE,0.0515
2021-04-16 00:00:00+00:00,USDSROIS3M=,MID_PRICE,0.0515
2021-04-19 00:00:00+00:00,USDSROIS3M=,MID_PRICE,0.0286
2021-04-20 00:00:00+00:00,USDSROIS3M=,MID_PRICE,0.0291
2021-04-21 00:00:00+00:00,USDSROIS3M=,MID_PRICE,0.028
2021-04-22 00:00:00+00:00,USDSROIS3M=,MID_PRICE,0.0304
2021-04-23 00:00:00+00:00,USDSROIS3M=,MID_PRICE,0.0293
2021-04-26 00:00:00+00:00,USDSROIS3M=,MID_PRICE,0.0268
2021-04-27 00:00:00+00:00,USDSROIS3M=,MID_PRICE,0.0295
2021-04-28 00:00:00+00:00,USDSROIS3M=,MID_PRICE,0.0246
2021-04-29 00:00:00+00:00,USDSROIS3M=,MID_PRICE,0.0305
2021-04-30 00:00:00+00:00,USDSROIS3M=,MID_PRICE,0.0325
2021-05-03 00:00:00+00:00,USDSROIS3M=,MID_PRICE,0.0385
2021-05-04 00:00:00+00:00,USDSROIS3M=,MID_PRICE,0.0339
2021-05-05 00:00:00+00:00,USDSROIS3M=,MID_PRICE,0.0327
2021-05-06 00:00:00+00:00,USDSROIS3M=,MID_PRICE,0.0296
2021-05-07 00:00:00+00:00,USDSROIS3M=,MID_PRICE,0.0286
2021-05-10 00:00:00+00:00,USDSROIS3M=,MID_PRICE,0.0273
2021-05-11 00:00:00+00:00,USDSROIS3M=,MID_PRICE,0.028
2021-05-12 00:00:00+00:00,USDSROIS3M=,MID_PRICE,0.0274
2021-05-13 00:00:00+00:00,USDSROIS3M=,MID_PRICE,0.03
2021-05-14 00:00:00+00:00,USDSROIS3M=,MID_PRICE,0.0546
2021-05-17 00:00:00+00:00,USDSROIS3M=,MID_PRICE,0.0261
2021-05-18 00:00:00+00:00,USDSROIS3M=,MID_PRICE,0.0257
2021-05-19 00:00:00+00:00,USDSROIS3M=,MID_PRICE,0.0132
2021-05-20 00:00:00+00:00,USDSROIS3M=,MID_PRICE,0.0272
2021-05-21 00:00:00+00:00,USDSROIS3M=,MID_PRICE,0.0277
2021-05-24 00:00:00+00:00,USDSROIS3M=,MID_PRICE,0.028
2021-05-25 00:00:00+00:00,USDSROIS3M=,MID_PRICE,0.0258
2021-05-26 00:00:00+00:00,USDSROIS3M=,MID_PRICE,0.021
2021-05-27 00:00:00+00:00,USDSROIS3M=,MID_PRICE,0.024
2021-05-28 00:00:00+00:00,USDSROIS3M=,MID_PRICE,0.0254
2021-06-01 00:00:00+00:00,USDSROIS3M=,MID_PRICE,0.03
2021-06-02 00:00:00+00:00,USDSROIS3M=,MID_PRICE,0.0305
2021-06-03 00:00:00+00:00,USDSROIS3M=,MID_PRICE,0.0289
2021-06-04 00:00:00+00:00,USDSROIS3M=,MID_PRICE,0.0298
2021-06-07 00:00:00+00:00,USDSROIS3M=,MID_PRICE,0.0286
2021-06-08 00:00:00+00:00,USDSROIS3M=,MID_PRICE,0.0292
2021-06-09 00:00:00+00:00,USDSROIS3M=,MID_PRICE,0.0266
2021-06-10 00:00:00+00:00,USDSROIS3M=,MID_PRICE,0.0278
2021-06-11 00:00:00+00:00,USDSROIS3M=,MID_PRICE,0.0269
2021-06-14 00:00:00+00:00,USDSROIS3M=,MID_PRICE,0.032
2021-06-15 00:00:00+00:00,USDSROIS3M=,MID_PRICE,0.0325
2021-06-16 00:00:00+00:00,USDSROIS3M=,MID_PRICE,0.0529
2021-06-17 00:00:00+00:00,USDSROIS3M=,MID_PRICE,0.0476
2021-06-18 00:00:00+00:00,USDSROIS3M=,MID_PRICE,0.0472
2021-06-21 00:00:00+00:00,USDSROIS3M=,MID_PRICE,0.049
2021-06-22 00:00:00+00:00,USDSROIS3M=,MID_PRICE,0.042
2021-06-23 00:00:00+00:00,USDSROIS3M=,MID_PRICE,0.046
2021-06-24 00:00:00+00:00,USDSROIS3M=,MID_PRICE,0.0452
2021-06-25 00:00:00+00:00,USDSROIS3M=,MID_PRICE,0.049
2021-06-28 00:00:00+00:00,USDSROIS3M=,MID_PRICE,0.047
2021-06-29 00:00:00+00:00,USDSROIS3M=,MID_PRICE,0.047
2021-06-30 00:00:00+00:00,USDSROIS3M=,MID_PRICE,0.049
2021-07-01 00:00:00+00:00,USDSROIS3M=,MID_PRICE,0.0469
2021-07-02 00:00:00+00:00,USDSROIS3M=,MID_PRICE,0.0491
2021-07-05 00:00:00+00:00,USDSROIS3M=,MID_PRICE,0.0491
2021-07-06 00:00:00+00:00,USDSROIS3M=,MID_PRICE,0.0491
2021-07-07 00:00:00+00:00,USDSROIS3M=,MID_PRICE,0.048
2021-07-08 00:00:00+00:00,USDSROIS3M=,MID_PRICE,0.0492
2021-07-09 00:00:00+00:00,USDSROIS3M=,MID_PRICE,0.048
2021-07-12 00:00:00+00:00,USDSROIS3M=,MID_PRICE,0.048
2021-07-13 00:00:00+00:00,USDSROIS3M=,MID_PRICE,0.0481
2021-07-14 00:00:00+00:00,USDSROIS3M=,MID_PRICE,0.0479
2021-07-15 00:00:00+00:00,USDSROIS3M=,MID_PRICE,0.048
2021-07-16 00:00:00+00:00,USDSROIS3M=,MID_PRICE,0.0478
2021-07-19 00:00:00+00:00,USDSROIS3M=,MID_PRICE,0.0477
2021-07-20 00:00:00+00:00,USDSROIS3M=,MID_PRICE,0.0476
2021-07-21 00:00:00+00:00,USDSROIS3M=,MID_PRICE,0.0476
2021-07-22 00:00:00+00:00,USDSROIS3M=,MID_PRICE,0.0482
2021-07-23 00:00:00+00:00,USDSROIS3M=,MID_PRICE,0.0483
2021-07-26 00:00:00+00:00,USDSROIS3M=,MID_PRICE,0.0484
2021-07-27 00:00:00+00:00,USDSROIS3M=,MID_PRICE,0.0485
2021-07-28 00:00:00+00:00,USDSROIS3M=,MID_PRICE,0.049
2021-07-29 00:00:00+00:00,USDSROIS3M=,MID_PRICE,0.0488
2021-07-30 00:00:00+00:00,USDSROIS3M=,MID_PRICE,0.0491
2021-08-02 00:00:00+00:00,USDSROIS3M=,MID_PRICE,0.0489
2021-08-03 00:00:00+00:00,USDSROIS3M=,MID_PRICE,0.046
2021-08-04 00:00:00+00:00,USDSROIS3M=,MID_PRICE,0.049
2021-08-05 00:00:00+00:00,USDSROIS3M=,MID_PRICE,0.0494
2021-08-06 00:00:00+00:00,USDSROIS3M=,MID_PRICE,0.049
2021-08-09 00:00:00+00:00,USDSROIS3M=,MID_PRICE,0.0493
2021-08-10 00:00:00+00:00,USDSROIS3M=,MID_PRICE,0.0509
2021-08-11 00:00:00+00:00,USDSROIS3M=,MID_PRICE,0.0495
2021-08-12 00:00:00+00:00,USDSROIS3M=,MID_PRICE,0.05
2021-08-13 00:00:00+00:00,USDSROIS3M=,MID_PRICE,0.0508
2021-08-16 00:00:00+00:00,USDSROIS3M=,MID_PRICE,0.0513
2021-08-17 00:00:00+00:00,USDSROIS3M=,MID_PRICE,0.0511
2021-08-18 00:00:00+00:00,USDSROIS3M=,MID_PRICE,0.0514
2021-08-19 00:00:00+00:00,USDSROIS3M=,MID_PRICE,0.05
2021-08-20 00:00:00+00:00,USDSROIS3M=,MID_PRICE,0.0506
2021-08-23 00:00:00+00:00,USDSROIS3M=,MID_PRICE,0.051
2021-08-24 00:00:00+00:00,USDSROIS3M=,MID_PRICE,0.0515
2021-08-25 00:00:00+00:00,USDSROIS3M=,MID_PRICE,0.053
2021-08-26 00:00:00+00:00,USDSROIS3M=,MID_PRICE,0.053
2021-08-27 00:00:00+00:00,USDSROIS3M=,MID_PRICE,0.0512
2021-08-30 00:00:00+00:00,USDSROIS3M=,MID_PRICE,0.05
2021-08-31 00:00:00+00:00,USDSROIS3M=,MID_PRICE,0.0508
2021-09-01 00:00:00+00:00,USDSROIS3M=,MID_PRICE,0.052
2021-09-02 00:00:00+00:00,USDSROIS3M=,MID_PRICE,0.0508
2021-09-03 00:00:00+00:00,USDSROIS3M=,MID_PRICE,0.0532
2021-09-06 00:00:00+00:00,USDSROIS3M=,MID_PRICE,0.0508
2021-09-07 00:00:00+00:00,USDSROIS3M=,MID_PRICE,0.0508
2021-09-08 00:00:00+00:00,USDSROIS3M=,MID_PRICE,0.05
2021-09-09 00:00:00+00:00,USDSROIS3M=,MID_PRICE,0.0529
2021-09-10 00:00:00+00:00,USDSROIS3M=,MID_PRICE,0.0526
2021-09-13 00:00:00+00:00,USDSROIS3M=,MID_PRICE,0.0533
2021-09-14 00:00:00+00:00,USDSROIS3M=,MID_PRICE,0.0532
2021-09-15 00:00:00+00:00,USDSROIS3M=,MID_PRICE,0.0584
2021-09-16 00:00:00+00:00,USDSROIS3M=,MID_PRICE,0.0606
2021-09-17 00:00:00+00:00,USDSROIS3M=,MID_PRICE,0.061
2021-09-20 00:00:00+00:00,USDSROIS3M=,MID_PRICE,0.0586
2021-09-21 00:00:00+00:00,USDSROIS3M=,MID_PRICE,0.0559
2021-09-22 00:00:00+00:00,USDSROIS3M=,MID_PRICE,0.057
2021-09-23 00:00:00+00:00,USDSROIS3M=,MID_PRICE,0.059
2021-09-24 00:00:00+00:00,USDSROIS3M=,MID_PRICE,0.0575
2021-09-27 00:00:00+00:00,USDSROIS3M=,MID_PRICE,0.0582
2021-09-28 00:00:00+00:00,USDSROIS3M=,MID_PRICE,0.059
2021-09-29 00:00:00+00:00,USDSROIS3M=,MID_PRICE,0.0561
2021-09-30 00:00:00+00:00,USDSROIS3M=,MID_PRICE,0.0544
2021-10-01 00:00:00+00:00,USDSROIS3M=,MID_PRICE,0.0559
2021-10-04 00:00:00+00:00,USDSROIS3M=,MID_PRICE,0.0564
2021-10-05 00:00:00+00:00,USDSROIS3M=,MID_PRICE,0.0567
2021-10-06 00:00:00+00:00,USDSROIS3M=,MID_PRICE,0.0548
2021-10-07 00:00:00+00:00,USDSROIS3M=,MID_PRICE,0.0543
2021-10-08 00:00:00+00:00,USDSROIS3M=,MID_PRICE,0.0533
2021-10-11 00:00:00+00:00,USDSROIS3M=,MID_PRICE,0.0538
2021-10-12 00:00:00+00:00,USDSROIS3M=,MID_PRICE,0.0539
2021-10-13 00:00:00+00:00,USDSROIS3M=,MID_PRICE,0.0534
2021-10-14 00:00:00+00:00,USDSROIS3M=,MID_PRICE,0.053
2021-10-15 00:00:00+00:00,USDSROIS3M=,MID_PRICE,0.0526
2021-10-18 00:00:00+00:00,USDSROIS3M=,MID_PRICE,0.0503
2021-10-19 00:00:00+00:00,USDSROIS3M=,MID_PRICE,0.0497
2021-10-20 00:00:00+00:00,USDSROIS3M=,MID_PRICE,0.0442
2021-10-21 00:00:00+00:00,USDSROIS3M=,MID_PRICE,0.0464
2021-10-22 00:00:00+00:00,USDSROIS3M=,MID_PRICE,0.047
2021-10-25 00:00:00+00:00,USDSROIS3M=,MID_PRICE,0.0479
2021-10-26 00:00:00+00:00,USDSROIS3M=,MID_PRICE,0.0452
2021-10-27 00:00:00+00:00,USDSROIS3M=,MID_PRICE,0.048
2021-10-28 00:00:00+00:00,USDSROIS3M=,MID_PRICE,0.0479
2021-10-29 00:00:00+00:00,USDSROIS3M=,MID_PRICE,0.0489
2021-11-01 00:00:00+00:00,USDSROIS3M=,MID_PRICE,0.0468
2021-11-02 00:00:00+00:00,USDSROIS3M=,MID_PRICE,0.0487
2021-11-03 00:00:00+00:00,USDSROIS3M=,MID_PRICE,0.0466
2021-11-04 00:00:00+00:00,USDSROIS3M=,MID_PRICE,0.045
2021-11-05 00:00:00+00:00,USDSROIS3M=,MID_PRICE,0.045
2021-11-08 00:00:00+00:00,USDSROIS3M=,MID_PRICE,0.0457
2021-11-09 00:00:00+00:00,USDSROIS3M=,MID_PRICE,0.0455
2021-11-10 00:00:00+00:00,USDSROIS3M=,MID_PRICE,0.0502
2021-11-11 00:00:00+00:00,USDSROIS3M=,MID_PRICE,0.05
2021-11-12 00:00:00+00:00,USDSROIS3M=,MID_PRICE,0.049
2021-11-15 00:00:00+00:00,USDSROIS3M=,MID_PRICE,0.052
2021-11-16 00:00:00+00:00,USDSROIS3M=,MID_PRICE,0.0526
2021-11-17 00:00:00+00:00,USDSROIS3M=,MID_PRICE,0.054
2021-11-18 00:00:00+00:00,USDSROIS3M=,MID_PRICE,0.054
2021-11-19 00:00:00+00:00,USDSROIS3M=,MID_PRICE,0.054
2021-11-22 00:00:00+00:00,USDSROIS3M=,MID_PRICE,0.055
2021-11-23 00:00:00+00:00,USDSROIS3M=,MID_PRICE,0.0524
2021-11-24 00:00:00+00:00,USDSROIS3M=,MID_PRICE,0.0553
2021-11-25 00:00:00+00:00,USDSROIS3M=,MID_PRICE,0.053
2021-11-26 00:00:00+00:00,USDSROIS3M=,MID_PRICE,0.052
2021-11-29 00:00:00+00:00,USDSROIS3M=,MID_PRICE,0.054
2021-11-30 00:00:00+00:00,USDSROIS3M=,MID_PRICE,0.054
2021-12-01 00:00:00+00:00,USDSROIS3M=,MID_PRICE,0.056
2021-12-02 00:00:00+00:00,USDSROIS3M=,MID_PRICE,0.054
2021-12-03 00:00:00+00:00,USDSROIS3M=,MID_PRICE,0.056
2021-12-06 00:00:00+00:00,USDSROIS3M=,MID_PRICE,0.056
2021-12-07 00:00:00+00:00,USDSROIS3M=,MID_PRICE,0.056
2021-12-08 00:00:00+00:00,USDSROIS3M=,MID_PRICE,0.0593
2021-12-09 00:00:00+00:00,USDSROIS3M=,MID_PRICE,0.058
2021-12-10 00:00:00+00:00,USDSROIS3M=,MID_PRICE,0.056
2021-12-13 00:00:00+00:00,USDSROIS3M=,MID_PRICE,0.062
2021-12-14 00:00:00+00:00,USDSROIS3M=,MID_PRICE,0.067
2021-12-15 00:00:00+00:00,USDSROIS3M=,MID_PRICE,0.06
2021-12-16 00:00:00+00:00,USDSROIS3M=,MID_PRICE,0.062
2021-12-17 00:00:00+00:00,USDSROIS3M=,MID_PRICE,0.064
2021-12-20 00:00:00+00:00,USDSROIS3M=,MID_PRICE,0.0654
2021-12-21 00:00:00+00:00,USDSROIS3M=,MID_PRICE,0.066
2021-12-22 00:00:00+00:00,USDSROIS3M=,MID_PRICE,0.075
2021-12-23 00:00:00+00:00,USDSROIS3M=,MID_PRICE,0.077
2021-12-24 00:00:00+00:00,USDSROIS3M=,MID_PRICE,0.076
2021-12-27 00:00:00+00:00,USDSROIS3M=,MID_PRICE,0.079
2021-12-28 00:00:00+00:00,USDSROIS3M=,MID_PRICE,0.0813
2021-12-29 00:00:00+00:00,USDSROIS3M=,MID_PRICE,0.0839
2021-12-30 00:00:00+00:00,USDSROIS3M=,MID_PRICE,0.089
2021-12-31 00:00:00+00:00,USDSROIS3M=,MID_PRICE,0.089
2022-01-03 00:00:00+00:00,USDSROIS3M=,MID_PRICE,0.092
2022-01-04 00:00:00+00:00,USDSROIS3M=,MID_PRICE,0.09
2022-01-05 00:00:00+00:00,USDSROIS3M=,MID_PRICE,0.097
2022-01-06 00:00:00+00:00,USDSROIS3M=,MID_PRICE,0.114
2022-01-07 00:00:00+00:00,USDSROIS3M=,MID_PRICE,0.114
2022-01-10 00:00:00+00:00,USDSROIS3M=,MID_PRICE,0.123
2022-01-11 00:00:00+00:00,USDSROIS3M=,MID_PRICE,0.12
2022-01-12 00:00:00+00:00,USDSROIS3M=,MID_PRICE,0.12
2022-01-13 00:00:00+00:00,USDSROIS3M=,MID_PRICE,0.1363
2022-01-14 00:00:00+00:00,USDSROIS3M=,MID_PRICE,0.142
2022-01-17 00:00:00+00:00,USDSROIS3M=,MID_PRICE,0.1569
2022-01-18 00:00:00+00:00,USDSROIS3M=,MID_PRICE,0.157
2022-01-19 00:00:00+00:00,USDSROIS3M=,MID_PRICE,0.162
2022-01-20 00:00:00+00:00,USDSROIS3M=,MID_PRICE,0.172
2022-01-21 00:00:00+00:00,USDSROIS3M=,MID_PRICE,0.163
2022-01-24 00:00:00+00:00,USDSROIS3M=,MID_PRICE,0.162
2022-01-25 00:00:00+00:00,USDSROIS3M=,MID_PRICE,0.173
2022-01-26 00:00:00+00:00,USDSROIS3M=,MID_PRICE,0.168
2022-01-27 00:00:00+00:00,USDSROIS3M=,MID_PRICE,0.196
2022-01-28 00:00:00+00:00,USDSROIS3M=,MID_PRICE,0.197
2022-01-31 00:00:00+00:00,USDSROIS3M=,MID_PRICE,0.199
2022-02-01 00:00:00+00:00,USDSROIS3M=,MID_PRICE,0.203
2022-02-02 00:00:00+00:00,USDSROIS3M=,MID_PRICE,0.198
2022-02-03 00:00:00+00:00,USDSROIS3M=,MID_PRICE,0.228
2022-02-04 00:00:00+00:00,USDSROIS3M=,MID_PRICE,0.272
2022-02-07 00:00:00+00:00,USDSROIS3M=,MID_PRICE,0.258
2022-02-08 00:00:00+00:00,USDSROIS3M=,MID_PRICE,0.2907
2022-02-09 00:00:00+00:00,USDSROIS3M=,MID_PRICE,0.271
2022-02-10 00:00:00+00:00,USDSROIS3M=,MID_PRICE,0.413
2022-02-11 00:00:00+00:00,USDSROIS3M=,MID_PRICE,0.346
2022-02-14 00:00:00+00:00,USDSROIS3M=,MID_PRICE,0.369
2022-02-15 00:00:00+00:00,USDSROIS3M=,MID_PRICE,0.39
2022-02-16 00:00:00+00:00,USDSROIS3M=,MID_PRICE,0.349
2022-02-17 00:00:00+00:00,USDSROIS3M=,MID_PRICE,0.3783
2022-02-18 00:00:00+00:00,USDSROIS3M=,MID_PRICE,0.354
2022-02-21 00:00:00+00:00,USDSROIS3M=,MID_PRICE,0.3594
2022-02-22 00:00:00+00:00,USDSROIS3M=,MID_PRICE,0.4145
2022-02-23 00:00:00+00:00,USDSROIS3M=,MID_PRICE,0.394
2022-02-24 00:00:00+00:00,USDSROIS3M=,MID_PRICE,0.375
2022-02-25 00:00:00+00:00,USDSROIS3M=,MID_PRICE,0.404
2022-02-28 00:00:00+00:00,USDSROIS3M=,MID_PRICE,0.369
2022-03-01 00:00:00+00:00,USDSROIS3M=,MID_PRICE,0.343
2022-03-02 00:00:00+00:00,USDSROIS3M=,MID_PRICE,0.4192
2022-03-03 00:00:00+00:00,USDSROIS3M=,MID_PRICE,0.406
2022-03-04 00:00:00+00:00,USDSROIS3M=,MID_PRICE,0.4287
2022-03-07 00:00:00+00:00,USDSROIS3M=,MID_PRICE,0.4454
2022-03-08 00:00:00+00:00,USDSROIS3M=,MID_PRICE,0.423
2022-03-09 00:00:00+00:00,USDSROIS3M=,MID_PRICE,0.452
2022-03-10 00:00:00+00:00,USDSROIS3M=,MID_PRICE,0.463
2022-03-11 00:00:00+00:00,USDSROIS3M=,MID_PRICE,0.475
2022-03-14 00:00:00+00:00,USDSROIS3M=,MID_PRICE,0.535
2022-03-15 00:00:00+00:00,USDSROIS3M=,MID_PRICE,0.523
2022-03-16 00:00:00+00:00,USDSROIS3M=,MID_PRICE,0.508
2022-03-17 00:00:00+00:00,USDSROIS3M=,MID_PRICE,0.499
2022-03-18 00:00:00+00:00,USDSROIS3M=,MID_PRICE,0.526
2022-03-21 00:00:00+00:00,USDSROIS3M=,MID_PRICE,0.561
2022-03-22 00:00:00+00:00,USDSROIS3M=,MID_PRICE,0.58
2022-03-23 00:00:00+00:00,USDSROIS3M=,MID_PRICE,0.593
2022-03-24 00:00:00+00:00,USDSROIS3M=,MID_PRICE,0.615
2022-03-25 00:00:00+00:00,USDSROIS3M=,MID_PRICE,0.632
2022-03-28 00:00:00+00:00,USDSROIS3M=,MID_PRICE,0.648
2022-03-29 00:00:00+00:00,USDSROIS3M=,MID_PRICE,0.637
2022-03-30 00:00:00+00:00,USDSROIS3M=,MID_PRICE,0.636
2022-03-31 00:00:00+00:00,USDSROIS3M=,MID_PRICE,0.666
2022-04-01 00:00:00+00:00,USDSROIS3M=,MID_PRICE,0.687
2022-04-04 00:00:00+00:00,USDSROIS3M=,MID_PRICE,0.705
2022-04-05 00:00:00+00:00,USDSROIS3M=,MID_PRICE,0.724
2022-04-06 00:00:00+00:00,USDSROIS3M=,MID_PRICE,0.742
2022-04-07 00:00:00+00:00,USDSROIS3M=,MID_PRICE,0.774
2022-04-08 00:00:00+00:00,USDSROIS3M=,MID_PRICE,0.787
2022-04-11 00:00:00+00:00,USDSROIS3M=,MID_PRICE,0.805
2022-04-12 00:00:00+00:00,USDSROIS3M=,MID_PRICE,0.799
2022-04-13 00:00:00+00:00,USDSROIS3M=,MID_PRICE,0.845
2022-04-14 00:00:00+00:00,USDSROIS3M=,MID_PRICE,0.866
2022-04-15 00:00:00+00:00,USDSROIS3M=,MID_PRICE,0.86
2022-04-18 00:00:00+00:00,USDSROIS3M=,MID_PRICE,0.871
2022-04-19 00:00:00+00:00,USDSROIS3M=,MID_PRICE,0.894
2022-04-20 00:00:00+00:00,USDSROIS3M=,MID_PRICE,0.909
2022-04-21 00:00:00+00:00,USDSROIS3M=,MID_PRICE,0.958
2022-04-22 00:00:00+00:00,USDSROIS3M=,MID_PRICE,0.987
2022-04-25 00:00:00+00:00,USDSROIS3M=,MID_PRICE,1.001
2022-04-26 00:00:00+00:00,USDSROIS3M=,MID_PRICE,1.0
2022-04-27 00:00:00+00:00,USDSROIS3M=,MID_PRICE,1.018
2022-04-28 00:00:00+00:00,USDSROIS3M=,MID_PRICE,1.092
2022-04-29 00:00:00+00:00,USDSROIS3M=,MID_PRICE,1.144
2022-05-02 00:00:00+00:00,USDSROIS3M=,MID_PRICE,1.13
2022-05-03 00:00:00+00:00,USDSROIS3M=,MID_PRICE,1.16
2022-05-04 00:00:00+00:00,USDSROIS3M=,MID_PRICE,1.162
2022-05-05 00:00:00+00:00,USDSROIS3M=,MID_PRICE,1.178
2022-05-06 00:00:00+00:00,USDSROIS3M=,MID_PRICE,1.186
2022-05-09 00:00:00+00:00,USDSROIS3M=,MID_PRICE,1.196
2022-05-10 00:00:00+00:00,USDSROIS3M=,MID_PRICE,1.193
2022-05-11 00:00:00+00:00,USDSROIS3M=,MID_PRICE,1.221
2022-05-12 00:00:00+00:00,USDSROIS3M=,MID_PRICE,1.231
2022-05-13 00:00:00+00:00,USDSROIS3M=,MID_PRICE,1.251
2022-05-16 00:00:00+00:00,USDSROIS3M=,MID_PRICE,1.262
2022-05-17 00:00:00+00:00,USDSROIS3M=,MID_PRICE,1.283
2022-05-18 00:00:00+00:00,USDSROIS3M=,MID_PRICE,1.302
2022-05-19 00:00:00+00:00,USDSROIS3M=,MID_PRICE,1.318
2022-05-20 00:00:00+00:00,USDSROIS3M=,MID_PRICE,1.325
2022-05-23 00:00:00+00:00,USDSROIS3M=,MID_PRICE,1.349
2022-05-24 00:00:00+00:00,USDSROIS3M=,MID_PRICE,1.345
2022-05-25 00:00:00+00:00,USDSROIS3M=,MID_PRICE,1.363
2022-05-26 00:00:00+00:00,USDSROIS3M=,MID_PRICE,1.392
2022-05-27 00:00:00+00:00,USDSROIS3M=,MID_PRICE,1.39
2022-05-30 00:00:00+00:00,USDSROIS3M=,MID_PRICE,1.402
2022-05-31 00:00:00+00:00,USDSROIS3M=,MID_PRICE,1.411
2022-06-01 00:00:00+00:00,USDSROIS3M=,MID_PRICE,1.44
2022-06-02 00:00:00+00:00,USDSROIS3M=,MID_PRICE,1.46
2022-06-03 00:00:00+00:00,USDSROIS3M=,MID_PRICE,1.473
2022-06-06 00:00:00+00:00,USDSROIS3M=,MID_PRICE,1.489
2022-06-07 00:00:00+00:00,USDSROIS3M=,MID_PRICE,1.496
2022-06-08 00:00:00+00:00,USDSROIS3M=,MID_PRICE,1.516
2022-06-09 00:00:00+00:00,USDSROIS3M=,MID_PRICE,1.543
2022-06-10 00:00:00+00:00,USDSROIS3M=,MID_PRICE,1.609
2022-06-13 00:00:00+00:00,USDSROIS3M=,MID_PRICE,1.82
2022-06-14 00:00:00+00:00,USDSROIS3M=,MID_PRICE,1.898
2022-06-15 00:00:00+00:00,USDSROIS3M=,MID_PRICE,1.903
2022-06-16 00:00:00+00:00,USDSROIS3M=,MID_PRICE,1.928
2022-06-17 00:00:00+00:00,USDSROIS3M=,MID_PRICE,1.939
2022-06-20 00:00:00+00:00,USDSROIS3M=,MID_PRICE,1.936
2022-06-21 00:00:00+00:00,USDSROIS3M=,MID_PRICE,1.969
2022-06-22 00:00:00+00:00,USDSROIS3M=,MID_PRICE,1.975
2022-06-23 00:00:00+00:00,USDSROIS3M=,MID_PRICE,2.005
2022-06-24 00:00:00+00:00,USDSROIS3M=,MID_PRICE,2.011
2022-06-27 00:00:00+00:00,USDSROIS3M=,MID_PRICE,2.043
2022-06-28 00:00:00+00:00,USDSROIS3M=,MID_PRICE,2.047
2022-06-29 00:00:00+00:00,USDSROIS3M=,MID_PRICE,2.067
2022-06-30 00:00:00+00:00,USDSROIS3M=,MID_PRICE,2.099
2022-07-01 00:00:00+00:00,USDSROIS3M=,MID_PRICE,2.11
2022-07-04 00:00:00+00:00,USDSROIS3M=,MID_PRICE,2.125
2022-07-05 00:00:00+00:00,USDSROIS3M=,MID_PRICE,2.13
2022-07-06 00:00:00+00:00,USDSROIS3M=,MID_PRICE,2.194
2022-07-07 00:00:00+00:00,USDSROIS3M=,MID_PRICE,2.219
2022-07-08 00:00:00+00:00,USDSROIS3M=,MID_PRICE,2.27
2022-07-11 00:00:00+00:00,USDSROIS3M=,MID_PRICE,2.285
2022-07-12 00:00:00+00:00,USDSROIS3M=,MID_PRICE,2.299
2022-07-13 00:00:00+00:00,USDSROIS3M=,MID_PRICE,2.516
2022-07-14 00:00:00+00:00,USDSROIS3M=,MID_PRICE,2.469
2022-07-15 00:00:00+00:00,USDSROIS3M=,MID_PRICE,2.44
2022-07-18 00:00:00+00:00,USDSROIS3M=,MID_PRICE,2.452
2022-07-19 00:00:00+00:00,USDSROIS3M=,MID_PRICE,2.486
2022-07-20 00:00:00+00:00,USDSROIS3M=,MID_PRICE,2.509
2022-07-21 00:00:00+00:00,USDSROIS3M=,MID_PRICE,2.529
2022-07-22 00:00:00+00:00,USDSROIS3M=,MID_PRICE,2.52
2022-07-25 00:00:00+00:00,USDSROIS3M=,MID_PRICE,2.549
2022-07-26 00:00:00+00:00,USDSROIS3M=,MID_PRICE,2.561
2022-07-27 00:00:00+00:00,USDSROIS3M=,MID_PRICE,2.54
2022-07-28 00:00:00+00:00,USDSROIS3M=,MID_PRICE,2.532
2022-07-29 00:00:00+00:00,USDSROIS3M=,MID_PRICE,2.5461
2022-08-01 00:00:00+00:00,USDSROIS3M=,MID_PRICE,2.5541
2022-08-02 00:00:00+00:00,USDSROIS3M=,MID_PRICE,2.5856
2022-08-03 00:00:00+00:00,USDSROIS3M=,MID_PRICE,2.6127
2022-08-04 00:00:00+00:00,USDSROIS3M=,MID_PRICE,2.6193
2022-08-05 00:00:00+00:00,USDSROIS3M=,MID_PRICE,2.684
2022-08-08 00:00:00+00:00,USDSROIS3M=,MID_PRICE,2.702
2022-08-09 00:00:00+00:00,USDSROIS3M=,MID_PRICE,2.734
2022-08-10 00:00:00+00:00,USDSROIS3M=,MID_PRICE,2.6922
2022-08-11 00:00:00+00:00,USDSROIS3M=,MID_PRICE,2.7043
2022-08-12 00:00:00+00:00,USDSROIS3M=,MID_PRICE,2.715
2022-08-15 00:00:00+00:00,USDSROIS3M=,MID_PRICE,2.7267
2022-08-16 00:00:00+00:00,USDSROIS3M=,MID_PRICE,2.737
2022-08-17 00:00:00+00:00,USDSROIS3M=,MID_PRICE,2.7516
2022-08-18 00:00:00+00:00,USDSROIS3M=,MID_PRICE,2.772
2022-08-19 00:00:00+00:00,USDSROIS3M=,MID_PRICE,2.7848
2022-08-22 00:00:00+00:00,USDSROIS3M=,MID_PRICE,2.835
2022-08-23 00:00:00+00:00,USDSROIS3M=,MID_PRICE,2.8364
2022-08-24 00:00:00+00:00,USDSROIS3M=,MID_PRICE,2.877
2022-08-25 00:00:00+00:00,USDSROIS3M=,MID_PRICE,2.9045
2022-08-26 00:00:00+00:00,USDSROIS3M=,MID_PRICE,2.906
2022-08-29 00:00:00+00:00,USDSROIS3M=,MID_PRICE,2.946
2022-08-30 00:00:00+00:00,USDSROIS3M=,MID_PRICE,2.9543
2022-08-31 00:00:00+00:00,USDSROIS3M=,MID_PRICE,2.9734
2022-09-01 00:00:00+00:00,USDSROIS3M=,MID_PRICE,3.0249
2022-09-02 00:00:00+00:00,USDSROIS3M=,MID_PRICE,2.9943
2022-09-05 00:00:00+00:00,USDSROIS3M=,MID_PRICE,3.0093
2022-09-06 00:00:00+00:00,USDSROIS3M=,MID_PRICE,3.0621
2022-09-07 00:00:00+00:00,USDSROIS3M=,MID_PRICE,3.08
2022-09-08 00:00:00+00:00,USDSROIS3M=,MID_PRICE,3.1458
2022-09-09 00:00:00+00:00,USDSROIS3M=,MID_PRICE,3.179
2022-09-12 00:00:00+00:00,USDSROIS3M=,MID_PRICE,3.2015
2022-09-13 00:00:00+00:00,USDSROIS3M=,MID_PRICE,3.3526
2022-09-14 00:00:00+00:00,USDSROIS3M=,MID_PRICE,3.361
2022-09-15 00:00:00+00:00,USDSROIS3M=,MID_PRICE,3.426
2022-09-16 00:00:00+00:00,USDSROIS3M=,MID_PRICE,3.435
2022-09-19 00:00:00+00:00,USDSROIS3M=,MID_PRICE,3.468
2022-09-20 00:00:00+00:00,USDSROIS3M=,MID_PRICE,3.484
2022-09-21 00:00:00+00:00,USDSROIS3M=,MID_PRICE,3.465
2022-09-22 00:00:00+00:00,USDSROIS3M=,MID_PRICE,3.514
2022-09-23 00:00:00+00:00,USDSROIS3M=,MID_PRICE,3.5287
2022-09-26 00:00:00+00:00,USDSROIS3M=,MID_PRICE,3.5478
2022-09-27 00:00:00+00:00,USDSROIS3M=,MID_PRICE,3.5239
2022-09-28 00:00:00+00:00,USDSROIS3M=,MID_PRICE,3.5231
2022-09-29 00:00:00+00:00,USDSROIS3M=,MID_PRICE,3.5626
2022-09-30 00:00:00+00:00,USDSROIS3M=,MID_PRICE,3.5951
2022-10-03 00:00:00+00:00,USDSROIS3M=,MID_PRICE,3.6173
2022-10-04 00:00:00+00:00,USDSROIS3M=,MID_PRICE,3.646
2022-10-05 00:00:00+00:00,USDSROIS3M=,MID_PRICE,3.6764
2022-10-06 00:00:00+00:00,USDSROIS3M=,MID_PRICE,3.7383
2022-10-07 00:00:00+00:00,USDSROIS3M=,MID_PRICE,3.7745
2022-10-10 00:00:00+00:00,USDSROIS3M=,MID_PRICE,3.7765
2022-10-11 00:00:00+00:00,USDSROIS3M=,MID_PRICE,3.799
2022-10-12 00:00:00+00:00,USDSROIS3M=,MID_PRICE,3.832
2022-10-13 00:00:00+00:00,USDSROIS3M=,MID_PRICE,3.927
2022-10-14 00:00:00+00:00,USDSROIS3M=,MID_PRICE,3.9368
2022-10-17 00:00:00+00:00,USDSROIS3M=,MID_PRICE,3.947
2022-10-18 00:00:00+00:00,USDSROIS3M=,MID_PRICE,3.956
2022-10-19 00:00:00+00:00,USDSROIS3M=,MID_PRICE,4.0
2022-10-20 00:00:00+00:00,USDSROIS3M=,MID_PRICE,4.042
2022-10-21 00:00:00+00:00,USDSROIS3M=,MID_PRICE,4.018
2022-10-24 00:00:00+00:00,USDSROIS3M=,MID_PRICE,4.046
2022-10-25 00:00:00+00:00,USDSROIS3M=,MID_PRICE,4.052
2022-10-26 00:00:00+00:00,USDSROIS3M=,MID_PRICE,4.046
2022-10-27 00:00:00+00:00,USDSROIS3M=,MID_PRICE,4.074
2022-10-28 00:00:00+00:00,USDSROIS3M=,MID_PRICE,4.094
2022-10-31 00:00:00+00:00,USDSROIS3M=,MID_PRICE,4.132
2022-11-01 00:00:00+00:00,USDSROIS3M=,MID_PRICE,4.151
2022-11-02 00:00:00+00:00,USDSROIS3M=,MID_PRICE,4.164
2022-11-03 00:00:00+00:00,USDSROIS3M=,MID_PRICE,4.194
2022-11-04 00:00:00+00:00,USDSROIS3M=,MID_PRICE,4.186
2022-11-07 00:00:00+00:00,USDSROIS3M=,MID_PRICE,4.2094
2022-11-08 00:00:00+00:00,USDSROIS3M=,MID_PRICE,4.212
2022-11-09 00:00:00+00:00,USDSROIS3M=,MID_PRICE,4.249
2022-11-10 00:00:00+00:00,USDSROIS3M=,MID_PRICE,4.2114
2022-11-11 00:00:00+00:00,USDSROIS3M=,MID_PRICE,4.2127
2022-11-14 00:00:00+00:00,USDSROIS3M=,MID_PRICE,4.2305
2022-11-15 00:00:00+00:00,USDSROIS3M=,MID_PRICE,4.2453
2022-11-16 00:00:00+00:00,USDSROIS3M=,MID_PRICE,4.2638
2022-11-17 00:00:00+00:00,USDSROIS3M=,MID_PRICE,4.291
2022-11-18 00:00:00+00:00,USDSROIS3M=,MID_PRICE,4.312
2022-11-21 00:00:00+00:00,USDSROIS3M=,MID_PRICE,4.333
2022-11-22 00:00:00+00:00,USDSROIS3M=,MID_PRICE,4.377
2022-11-23 00:00:00+00:00,USDSROIS3M=,MID_PRICE,4.4037
2022-11-24 00:00:00+00:00,USDSROIS3M=,MID_PRICE,4.3889
2022-11-25 00:00:00+00:00,USDSROIS3M=,MID_PRICE,4.39
2022-11-28 00:00:00+00:00,USDSROIS3M=,MID_PRICE,4.398
2022-11-29 00:00:00+00:00,USDSROIS3M=,MID_PRICE,4.3994
2022-11-30 00:00:00+00:00,USDSROIS3M=,MID_PRICE,4.401
2022-12-01 00:00:00+00:00,USDSROIS3M=,MID_PRICE,4.422
2022-12-02 00:00:00+00:00,USDSROIS3M=,MID_PRICE,4.426
2022-12-05 00:00:00+00:00,USDSROIS3M=,MID_PRICE,4.453
2022-12-06 00:00:00+00:00,USDSROIS3M=,MID_PRICE,4.453
2022-12-07 00:00:00+00:00,USDSROIS3M=,MID_PRICE,4.456
2022-12-08 00:00:00+00:00,USDSROIS3M=,MID_PRICE,4.4862
2022-12-09 00:00:00+00:00,USDSROIS3M=,MID_PRICE,4.4985
2022-12-12 00:00:00+00:00,USDSROIS3M=,MID_PRICE,4.519
2022-12-13 00:00:00+00:00,USDSROIS3M=,MID_PRICE,4.4956
2022-12-14 00:00:00+00:00,USDSROIS3M=,MID_PRICE,4.489
2022-12-15 00:00:00+00:00,USDSROIS3M=,MID_PRICE,4.503
2022-12-16 00:00:00+00:00,USDSROIS3M=,MID_PRICE,4.502
2022-12-19 00:00:00+00:00,USDSROIS3M=,MID_PRICE,4.5215
2022-12-20 00:00:00+00:00,USDSROIS3M=,MID_PRICE,4.522
2022-12-21 00:00:00+00:00,USDSROIS3M=,MID_PRICE,4.516
2022-12-22 00:00:00+00:00,USDSROIS3M=,MID_PRICE,4.5423
2022-12-23 00:00:00+00:00,USDSROIS3M=,MID_PRICE,4.5549
2022-12-26 00:00:00+00:00,USDSROIS3M=,MID_PRICE,4.5561
2022-12-27 00:00:00+00:00,USDSROIS3M=,MID_PRICE,4.5709
2022-12-28 00:00:00+00:00,USDSROIS3M=,MID_PRICE,4.5695
2022-12-29 00:00:00+00:00,USDSROIS3M=,MID_PRICE,4.5819
2022-12-30 00:00:00+00:00,USDSROIS3M=,MID_PRICE,4.594
2023-01-02 00:00:00+00:00,USDSROIS3M=,MID_PRICE,4.5932
2023-01-03 00:00:00+00:00,USDSROIS3M=,MID_PRICE,4.6013
2023-01-04 00:00:00+00:00,USDSROIS3M=,MID_PRICE,4.6053
2023-01-05 00:00:00+00:00,USDSROIS3M=,MID_PRICE,4.645
2023-01-06 00:00:00+00:00,USDSROIS3M=,MID_PRICE,4.622
2023-01-09 00:00:00+00:00,USDSROIS3M=,MID_PRICE,4.616
2023-01-10 00:00:00+00:00,USDSROIS3M=,MID_PRICE,4.6282
2023-01-11 00:00:00+00:00,USDSROIS3M=,MID_PRICE,4.6353
2023-01-12 00:00:00+00:00,USDSROIS3M=,MID_PRICE,4.6217
2023-01-13 00:00:00+00:00,USDSROIS3M=,MID_PRICE,4.6272
2023-01-16 00:00:00+00:00,USDSROIS3M=,MID_PRICE,4.6319
2023-01-17 00:00:00+00:00,USDSROIS3M=,MID_PRICE,4.631
2023-01-18 00:00:00+00:00,USDSROIS3M=,MID_PRICE,4.632
2023-01-19 00:00:00+00:00,USDSROIS3M=,MID_PRICE,4.651
2023-01-20 00:00:00+00:00,USDSROIS3M=,MID_PRICE,4.65
2023-01-23 00:00:00+00:00,USDSROIS3M=,MID_PRICE,4.663
2023-01-24 00:00:00+00:00,USDSROIS3M=,MID_PRICE,4.6593
2023-01-25 00:00:00+00:00,USDSROIS3M=,MID_PRICE,4.6561
2023-01-26 00:00:00+00:00,USDSROIS3M=,MID_PRICE,4.6727
2023-01-27 00:00:00+00:00,USDSROIS3M=,MID_PRICE,4.67
2023-01-30 00:00:00+00:00,USDSROIS3M=,MID_PRICE,4.6821
2023-01-31 00:00:00+00:00,USDSROIS3M=,MID_PRICE,4.683
2023-02-01 00:00:00+00:00,USDSROIS3M=,MID_PRICE,4.68
2023-02-02 00:00:00+00:00,USDSROIS3M=,MID_PRICE,4.6908
2023-02-03 00:00:00+00:00,USDSROIS3M=,MID_PRICE,4.7097
2023-02-06 00:00:00+00:00,USDSROIS3M=,MID_PRICE,4.72
2023-02-07 00:00:00+00:00,USDSROIS3M=,MID_PRICE,4.728
2023-02-08 00:00:00+00:00,USDSROIS3M=,MID_PRICE,4.7314
2023-02-09 00:00:00+00:00,USDSROIS3M=,MID_PRICE,4.7578
2023-02-10 00:00:00+00:00,USDSROIS3M=,MID_PRICE,4.7595
2023-02-13 00:00:00+00:00,USDSROIS3M=,MID_PRICE,4.764
2023-02-14 00:00:00+00:00,USDSROIS3M=,MID_PRICE,4.773
2023-02-15 00:00:00+00:00,USDSROIS3M=,MID_PRICE,4.7779
2023-02-16 00:00:00+00:00,USDSROIS3M=,MID_PRICE,4.8101
2023-02-17 00:00:00+00:00,USDSROIS3M=,MID_PRICE,4.818
2023-02-20 00:00:00+00:00,USDSROIS3M=,MID_PRICE,4.8197
2023-02-21 00:00:00+00:00,USDSROIS3M=,MID_PRICE,4.8398
2023-02-22 00:00:00+00:00,USDSROIS3M=,MID_PRICE,4.855
2023-02-23 00:00:00+00:00,USDSROIS3M=,MID_PRICE,4.8869
2023-02-24 00:00:00+00:00,USDSROIS3M=,MID_PRICE,4.8876
2023-02-27 00:00:00+00:00,USDSROIS3M=,MID_PRICE,4.889
2023-02-28 00:00:00+00:00,USDSROIS3M=,MID_PRICE,4.8906
2023-03-01 00:00:00+00:00,USDSROIS3M=,MID_PRICE,4.9171
2023-03-02 00:00:00+00:00,USDSROIS3M=,MID_PRICE,4.926
2023-03-03 00:00:00+00:00,USDSROIS3M=,MID_PRICE,4.9399
2023-03-06 00:00:00+00:00,USDSROIS3M=,MID_PRICE,4.952
2023-03-07 00:00:00+00:00,USDSROIS3M=,MID_PRICE,5.0543
2023-03-08 00:00:00+00:00,USDSROIS3M=,MID_PRICE,5.103
2023-03-09 00:00:00+00:00,USDSROIS3M=,MID_PRICE,5.08
2023-03-10 00:00:00+00:00,USDSROIS3M=,MID_PRICE,4.9979
2023-03-13 00:00:00+00:00,USDSROIS3M=,MID_PRICE,4.706
2023-03-14 00:00:00+00:00,USDSROIS3M=,MID_PRICE,4.856
2023-03-15 00:00:00+00:00,USDSROIS3M=,MID_PRICE,4.7673
2023-03-16 00:00:00+00:00,USDSROIS3M=,MID_PRICE,4.86
2023-03-17 00:00:00+00:00,USDSROIS3M=,MID_PRICE,4.7681
2023-03-20 00:00:00+00:00,USDSROIS3M=,MID_PRICE,4.8399
2023-03-21 00:00:00+00:00,USDSROIS3M=,MID_PRICE,4.8839
2023-03-22 00:00:00+00:00,USDSROIS3M=,MID_PRICE,4.884
2023-03-23 00:00:00+00:00,USDSROIS3M=,MID_PRICE,4.8543
2023-03-24 00:00:00+00:00,USDSROIS3M=,MID_PRICE,4.8258
2023-03-27 00:00:00+00:00,USDSROIS3M=,MID_PRICE,4.9086
2023-03-28 00:00:00+00:00,USDSROIS3M=,MID_PRICE,4.891
2023-03-29 00:00:00+00:00,USDSROIS3M=,MID_PRICE,4.891
2023-03-30 00:00:00+00:00,USDSROIS3M=,MID_PRICE,4.9073
2023-03-31 00:00:00+00:00,USDSROIS3M=,MID_PRICE,4.9128
2023-04-03 00:00:00+00:00,USDSROIS3M=,MID_PRICE,4.936
2023-04-04 00:00:00+00:00,USDSROIS3M=,MID_PRICE,4.902
2023-04-05 00:00:00+00:00,USDSROIS3M=,MID_PRICE,4.9041
2023-04-06 00:00:00+00:00,USDSROIS3M=,MID_PRICE,4.9123
2023-04-07 00:00:00+00:00,USDSROIS3M=,MID_PRICE,4.968
2023-04-10 00:00:00+00:00,USDSROIS3M=,MID_PRICE,4.9815
2023-04-11 00:00:00+00:00,USDSROIS3M=,MID_PRICE,4.9827
2023-04-12 00:00:00+00:00,USDSROIS3M=,MID_PRICE,4.9817
2023-04-13 00:00:00+00:00,USDSROIS3M=,MID_PRICE,4.979
2023-04-14 00:00:00+00:00,USDSROIS3M=,MID_PRICE,5.0233
2023-04-17 00:00:00+00:00,USDSROIS3M=,MID_PRICE,5.0468
2023-04-18 00:00:00+00:00,USDSROIS3M=,MID_PRICE,5.0473
2023-04-19 00:00:00+00:00,USDSROIS3M=,MID_PRICE,5.0585
2023-04-20 00:00:00+00:00,USDSROIS3M=,MID_PRICE,5.0549
2023-04-21 00:00:00+00:00,USDSROIS3M=,MID_PRICE,5.0636
2023-04-24 00:00:00+00:00,USDSROIS3M=,MID_PRICE,5.0744
2023-04-25 00:00:00+00:00,USDSROIS3M=,MID_PRICE,5.0287
2023-04-26 00:00:00+00:00,USDSROIS3M=,MID_PRICE,5.0385
2023-04-27 00:00:00+00:00,USDSROIS3M=,MID_PRICE,5.0852
2023-04-28 00:00:00+00:00,USDSROIS3M=,MID_PRICE,5.072
2023-05-01 00:00:00+00:00,USDSROIS3M=,MID_PRICE,5.1089
2023-05-02 00:00:00+00:00,USDSROIS3M=,MID_PRICE,5.056
2023-05-03 00:00:00+00:00,USDSROIS3M=,MID_PRICE,5.0838
2023-05-04 00:00:00+00:00,USDSROIS3M=,MID_PRICE,5.0464
2023-05-05 00:00:00+00:00,USDSROIS3M=,MID_PRICE,5.0662
2023-05-08 00:00:00+00:00,USDSROIS3M=,MID_PRICE,5.0894
2023-05-09 00:00:00+00:00,USDSROIS3M=,MID_PRICE,5.1075
2023-05-10 00:00:00+00:00,USDSROIS3M=,MID_PRICE,5.0778
2023-05-11 00:00:00+00:00,USDSROIS3M=,MID_PRICE,5.0809
2023-05-12 00:00:00+00:00,USDSROIS3M=,MID_PRICE,5.0912
2023-05-15 00:00:00+00:00,USDSROIS3M=,MID_PRICE,5.1035
2023-05-16 00:00:00+00:00,USDSROIS3M=,MID_PRICE,5.1113
2023-05-17 00:00:00+00:00,USDSROIS3M=,MID_PRICE,5.13
2023-05-18 00:00:00+00:00,USDSROIS3M=,MID_PRICE,5.163
2023-05-19 00:00:00+00:00,USDSROIS3M=,MID_PRICE,5.1453
2023-05-22 00:00:00+00:00,USDSROIS3M=,MID_PRICE,5.1718
2023-05-23 00:00:00+00:00,USDSROIS3M=,MID_PRICE,5.183
2023-05-24 00:00:00+00:00,USDSROIS3M=,MID_PRICE,5.2292
2023-05-25 00:00:00+00:00,USDSROIS3M=,MID_PRICE,5.27
2023-05-26 00:00:00+00:00,USDSROIS3M=,MID_PRICE,5.2752
2023-05-29 00:00:00+00:00,USDSROIS3M=,MID_PRICE,5.2674
2023-05-30 00:00:00+00:00,USDSROIS3M=,MID_PRICE,5.2861
2023-05-31 00:00:00+00:00,USDSROIS3M=,MID_PRICE,5.236
2023-06-01 00:00:00+00:00,USDSROIS3M=,MID_PRICE,5.222
2023-06-02 00:00:00+00:00,USDSROIS3M=,MID_PRICE,5.2414
2023-06-05 00:00:00+00:00,USDSROIS3M=,MID_PRICE,5.232
2023-06-06 00:00:00+00:00,USDSROIS3M=,MID_PRICE,5.2252
2023-06-07 00:00:00+00:00,USDSROIS3M=,MID_PRICE,5.2404
2023-06-08 00:00:00+00:00,USDSROIS3M=,MID_PRICE,5.2342
2023-06-09 00:00:00+00:00,USDSROIS3M=,MID_PRICE,5.2534
2023-06-12 00:00:00+00:00,USDSROIS3M=,MID_PRICE,5.2535
2023-06-13 00:00:00+00:00,USDSROIS3M=,MID_PRICE,5.2074
2023-06-14 00:00:00+00:00,USDSROIS3M=,MID_PRICE,5.1959
2023-06-15 00:00:00+00:00,USDSROIS3M=,MID_PRICE,5.2034
2023-06-16 00:00:00+00:00,USDSROIS3M=,MID_PRICE,5.2184
2023-06-19 00:00:00+00:00,USDSROIS3M=,MID_PRICE,5.2218
2023-06-20 00:00:00+00:00,USDSROIS3M=,MID_PRICE,5.227
2023-06-21 00:00:00+00:00,USDSROIS3M=,MID_PRICE,5.2292
2023-06-22 00:00:00+00:00,USDSROIS3M=,MID_PRICE,5.2354
2023-06-23 00:00:00+00:00,USDSROIS3M=,MID_PRICE,5.232
2023-06-26 00:00:00+00:00,USDSROIS3M=,MID_PRICE,5.2371
2023-06-27 00:00:00+00:00,USDSROIS3M=,MID_PRICE,5.237
2023-06-28 00:00:00+00:00,USDSROIS3M=,MID_PRICE,5.2343
2023-06-29 00:00:00+00:00,USDSROIS3M=,MID_PRICE,5.263
2023-06-30 00:00:00+00:00,USDSROIS3M=,MID_PRICE,5.266
2023-07-03 00:00:00+00:00,USDSROIS3M=,MID_PRICE,5.273
2023-07-04 00:00:00+00:00,USDSROIS3M=,MID_PRICE,5.27
2023-07-05 00:00:00+00:00,USDSROIS3M=,MID_PRICE,5.275
2023-07-06 00:00:00+00:00,USDSROIS3M=,MID_PRICE,5.292
2023-07-07 00:00:00+00:00,USDSROIS3M=,MID_PRICE,5.295
2023-07-10 00:00:00+00:00,USDSROIS3M=,MID_PRICE,5.3
2023-07-11 00:00:00+00:00,USDSROIS3M=,MID_PRICE,5.304
2023-07-12 00:00:00+00:00,USDSROIS3M=,MID_PRICE,5.308
2023-07-13 00:00:00+00:00,USDSROIS3M=,MID_PRICE,5.305
2023-07-14 00:00:00+00:00,USDSROIS3M=,MID_PRICE,5.319
2023-07-17 00:00:00+00:00,USDSROIS3M=,MID_PRICE,5.325
2023-07-18 00:00:00+00:00,USDSROIS3M=,MID_PRICE,5.33
2023-07-19 00:00:00+00:00,USDSROIS3M=,MID_PRICE,5.335
2023-07-20 00:00:00+00:00,USDSROIS3M=,MID_PRICE,5.345
2023-07-21 00:00:00+00:00,USDSROIS3M=,MID_PRICE,5.347
2023-07-24 00:00:00+00:00,USDSROIS3M=,MID_PRICE,5.356
2023-07-25 00:00:00+00:00,USDSROIS3M=,MID_PRICE,5.361
2023-07-26 00:00:00+00:00,USDSROIS3M=,MID_PRICE,5.37
2023-07-27 00:00:00+00:00,USDSROIS3M=,MID_PRICE,5.368
2023-07-28 00:00:00+00:00,USDSROIS3M=,MID_PRICE,5.365
2023-07-31 00:00:00+00:00,USDSROIS3M=,MID_PRICE,5.364
2023-08-01 00:00:00+00:00,USDSROIS3M=,MID_PRICE,5.364
2023-08-02 00:00:00+00:00,USDSROIS3M=,MID_PRICE,5.369
2023-08-03 00:00:00+00:00,USDSROIS3M=,MID_PRICE,5.369
2023-08-04 00:00:00+00:00,USDSROIS3M=,MID_PRICE,5.361
2023-08-07 00:00:00+00:00,USDSROIS3M=,MID_PRICE,5.365
2023-08-08 00:00:00+00:00,USDSROIS3M=,MID_PRICE,5.365
2023-08-09 00:00:00+00:00,USDSROIS3M=,MID_PRICE,5.369
2023-08-10 00:00:00+00:00,USDSROIS3M=,MID_PRICE,5.366
2023-08-11 00:00:00+00:00,USDSROIS3M=,MID_PRICE,5.37
2023-08-14 00:00:00+00:00,USDSROIS3M=,MID_PRICE,5.374
2023-08-15 00:00:00+00:00,USDSROIS3M=,MID_PRICE,5.372
2023-08-16 00:00:00+00:00,USDSROIS3M=,MID_PRICE,5.38
2023-08-17 00:00:00+00:00,USDSROIS3M=,MID_PRICE,5.378
2023-08-18 00:00:00+00:00,USDSROIS3M=,MID_PRICE,5.375
2023-08-21 00:00:00+00:00,USDSROIS3M=,MID_PRICE,5.385
2023-08-22 00:00:00+00:00,USDSROIS3M=,MID_PRICE,5.389
2023-08-23 00:00:00+00:00,USDSROIS3M=,MID_PRICE,5.388
2023-08-24 00:00:00+00:00,USDSROIS3M=,MID_PRICE,5.405
2023-08-25 00:00:00+00:00,USDSROIS3M=,MID_PRICE,5.416
2023-08-28 00:00:00+00:00,USDSROIS3M=,MID_PRICE,5.423
2023-08-29 00:00:00+00:00,USDSROIS3M=,MID_PRICE,5.4
2023-08-30 00:00:00+00:00,USDSROIS3M=,MID_PRICE,5.398
2023-08-31 00:00:00+00:00,USDSROIS3M=,MID_PRICE,5.399
2023-09-01 00:00:00+00:00,USDSROIS3M=,MID_PRICE,5.388
2023-09-04 00:00:00+00:00,USDSROIS3M=,MID_PRICE,5.385
2023-09-05 00:00:00+00:00,USDSROIS3M=,MID_PRICE,5.4
2023-09-06 00:00:00+00:00,USDSROIS3M=,MID_PRICE,5.402
2023-09-07 00:00:00+00:00,USDSROIS3M=,MID_PRICE,5.402
2023-09-08 00:00:00+00:00,USDSROIS3M=,MID_PRICE,5.406
2023-09-11 00:00:00+00:00,USDSROIS3M=,MID_PRICE,5.404
2023-09-12 00:00:00+00:00,USDSROIS3M=,MID_PRICE,5.406
2023-09-13 00:00:00+00:00,USDSROIS3M=,MID_PRICE,5.398
2023-09-14 00:00:00+00:00,USDSROIS3M=,MID_PRICE,5.396
2023-09-15 00:00:00+00:00,USDSROIS3M=,MID_PRICE,5.391
2023-09-18 00:00:00+00:00,USDSROIS3M=,MID_PRICE,5.394
2023-09-19 00:00:00+00:00,USDSROIS3M=,MID_PRICE,5.393
2023-09-20 00:00:00+00:00,USDSROIS3M=,MID_PRICE,5.393
2023-09-21 00:00:00+00:00,USDSROIS3M=,MID_PRICE,5.396
2023-09-22 00:00:00+00:00,USDSROIS3M=,MID_PRICE,5.385
2023-09-25 00:00:00+00:00,USDSROIS3M=,MID_PRICE,5.383
2023-09-26 00:00:00+00:00,USDSROIS3M=,MID_PRICE,5.384
2023-09-27 00:00:00+00:00,USDSROIS3M=,MID_PRICE,5.393
2023-09-28 00:00:00+00:00,USDSROIS3M=,MID_PRICE,5.39
2023-09-29 00:00:00+00:00,USDSROIS3M=,MID_PRICE,5.39
2023-10-02 00:00:00+00:00,USDSROIS3M=,MID_PRICE,5.41
2023-10-03 00:00:00+00:00,USDSROIS3M=,MID_PRICE,5.414
2023-10-04 00:00:00+00:00,USDSROIS3M=,MID_PRICE,5.405
2023-10-05 00:00:00+00:00,USDSROIS3M=,MID_PRICE,5.401
2023-10-06 00:00:00+00:00,USDSROIS3M=,MID_PRICE,5.42
2023-10-09 00:00:00+00:00,USDSROIS3M=,MID_PRICE,5.405
2023-10-10 00:00:00+00:00,USDSROIS3M=,MID_PRICE,5.391
2023-10-11 00:00:00+00:00,USDSROIS3M=,MID_PRICE,5.386
2023-10-12 00:00:00+00:00,USDSROIS3M=,MID_PRICE,5.398
2023-10-13 00:00:00+00:00,USDSROIS3M=,MID_PRICE,5.39
2023-10-16 00:00:00+00:00,USDSROIS3M=,MID_PRICE,5.394
2023-10-17 00:00:00+00:00,USDSROIS3M=,MID_PRICE,5.411
2023-10-18 00:00:00+00:00,USDSROIS3M=,MID_PRICE,5.401
2023-10-19 00:00:00+00:00,USDSROIS3M=,MID_PRICE,5.383
2023-10-20 00:00:00+00:00,USDSROIS3M=,MID_PRICE,5.373
2023-10-23 00:00:00+00:00,USDSROIS3M=,MID_PRICE,5.379
2023-10-24 00:00:00+00:00,USDSROIS3M=,MID_PRICE,5.383
2023-10-25 00:00:00+00:00,USDSROIS3M=,MID_PRICE,5.386
2023-10-26 00:00:00+00:00,USDSROIS3M=,MID_PRICE,5.377
2023-10-27 00:00:00+00:00,USDSROIS3M=,MID_PRICE,5.373
2023-10-30 00:00:00+00:00,USDSROIS3M=,MID_PRICE,5.381
2023-10-31 00:00:00+00:00,USDSROIS3M=,MID_PRICE,5.388
2023-11-01 00:00:00+00:00,USDSROIS3M=,MID_PRICE,5.381
2023-11-02 00:00:00+00:00,USDSROIS3M=,MID_PRICE,5.382
2023-11-03 00:00:00+00:00,USDSROIS3M=,MID_PRICE,5.363
2023-11-06 00:00:00+00:00,USDSROIS3M=,MID_PRICE,5.365
2023-11-07 00:00:00+00:00,USDSROIS3M=,MID_PRICE,5.365
2023-11-08 00:00:00+00:00,USDSROIS3M=,MID_PRICE,5.371
2023-11-09 00:00:00+00:00,USDSROIS3M=,MID_PRICE,5.382
2023-11-10 00:00:00+00:00,USDSROIS3M=,MID_PRICE,5.38
2023-11-13 00:00:00+00:00,USDSROIS3M=,MID_PRICE,5.388
2023-11-14 00:00:00+00:00,USDSROIS3M=,MID_PRICE,5.36
2023-11-15 00:00:00+00:00,USDSROIS3M=,MID_PRICE,5.369
2023-11-16 00:00:00+00:00,USDSROIS3M=,MID_PRICE,5.367
2023-11-17 00:00:00+00:00,USDSROIS3M=,MID_PRICE,5.372
2023-11-20 00:00:00+00:00,USDSROIS3M=,MID_PRICE,5.3758
2023-11-21 00:00:00+00:00,USDSROIS3M=,MID_PRICE,5.37755
2023-11-22 00:00:00+00:00,USDSROIS3M=,MID_PRICE,5.386
2023-11-23 00:00:00+00:00,USDSROIS3M=,MID_PRICE,5.38625
2023-11-24 00:00:00+00:00,USDSROIS3M=,MID_PRICE,5.3895
2023-11-27 00:00:00+00:00,USDSROIS3M=,MID_PRICE,5.3855
2023-11-28 00:00:00+00:00,USDSROIS3M=,MID_PRICE,5.3746
2023-11-29 00:00:00+00:00,USDSROIS3M=,MID_PRICE,5.3715
2023-11-30 00:00:00+00:00,USDSROIS3M=,MID_PRICE,5.3728
2023-12-01 00:00:00+00:00,USDSROIS3M=,MID_PRICE,5.35975
2023-12-04 00:00:00+00:00,USDSROIS3M=,MID_PRICE,5.3804
2023-12-05 00:00:00+00:00,USDSROIS3M=,MID_PRICE,5.37935
2023-12-06 00:00:00+00:00,USDSROIS3M=,MID_PRICE,5.3705
2023-12-07 00:00:00+00:00,USDSROIS3M=,MID_PRICE,5.3672
2023-12-08 00:00:00+00:00,USDSROIS3M=,MID_PRICE,5.376
2023-12-11 00:00:00+00:00,USDSROIS3M=,MID_PRICE,5.3862
2023-12-12 00:00:00+00:00,USDSROIS3M=,MID_PRICE,5.3828
2023-12-13 00:00:00+00:00,USDSROIS3M=,MID_PRICE,5.371
2023-12-14 00:00:00+00:00,USDSROIS3M=,MID_PRICE,5.3655
2023-12-15 00:00:00+00:00,USDSROIS3M=,MID_PRICE,5.37105
2023-12-18 00:00:00+00:00,USDSROIS3M=,MID_PRICE,5.3729
2023-12-19 00:00:00+00:00,USDSROIS3M=,MID_PRICE,5.3725
2023-12-20 00:00:00+00:00,USDSROIS3M=,MID_PRICE,5.367
2023-12-21 00:00:00+00:00,USDSROIS3M=,MID_PRICE,5.3525
2023-12-22 00:00:00+00:00,USDSROIS3M=,MID_PRICE,5.3454
2023-12-25 00:00:00+00:00,USDSROIS3M=,MID_PRICE,5.3475
2023-12-26 00:00:00+00:00,USDSROIS3M=,MID_PRICE,5.34405
2023-12-27 00:00:00+00:00,USDSROIS3M=,MID_PRICE,5.34005
2023-12-28 00:00:00+00:00,USDSROIS3M=,MID_PRICE,5.33215
2023-12-29 00:00:00+00:00,USDSROIS3M=,MID_PRICE,5.3264
2024-01-01 00:00:00+00:00,USDSROIS3M=,MID_PRICE,5.3245
2024-01-02 00:00:00+00:00,USDSROIS3M=,MID_PRICE,5.3323
2024-01-03 00:00:00+00:00,USDSROIS3M=,MID_PRICE,5.33465
2024-01-04 00:00:00+00:00,USDSROIS3M=,MID_PRICE,5.327
2024-01-05 00:00:00+00:00,USDSROIS3M=,MID_PRICE,5.32455
2024-01-08 00:00:00+00:00,USDSROIS3M=,MID_PRICE,5.3277
2024-01-09 00:00:00+00:00,USDSROIS3M=,MID_PRICE,5.325
2024-01-10 00:00:00+00:00,USDSROIS3M=,MID_PRICE,5.32095
2024-01-11 00:00:00+00:00,USDSROIS3M=,MID_PRICE,5.3112
2024-01-12 00:00:00+00:00,USDSROIS3M=,MID_PRICE,5.29805
2024-01-15 00:00:00+00:00,USDSROIS3M=,MID_PRICE,5.30575
2024-01-16 00:00:00+00:00,USDSROIS3M=,MID_PRICE,5.311
2024-01-17 00:00:00+00:00,USDSROIS3M=,MID_PRICE,5.3192
2024-01-18 00:00:00+00:00,USDSROIS3M=,MID_PRICE,5.3157
2024-01-19 00:00:00+00:00,USDSROIS3M=,MID_PRICE,5.3209
2024-01-22 00:00:00+00:00,USDSROIS3M=,MID_PRICE,5.3247
2024-01-23 00:00:00+00:00,USDSROIS3M=,MID_PRICE,5.3182
2024-01-24 00:00:00+00:00,USDSROIS3M=,MID_PRICE,5.3262
2024-01-25 00:00:00+00:00,USDSROIS3M=,MID_PRICE,5.3118
2024-01-26 00:00:00+00:00,USDSROIS3M=,MID_PRICE,5.3098
2024-01-29 00:00:00+00:00,USDSROIS3M=,MID_PRICE,5.3071
2024-01-30 00:00:00+00:00,USDSROIS3M=,MID_PRICE,5.3116
2024-01-31 00:00:00+00:00,USDSROIS3M=,MID_PRICE,5.31245
2024-02-01 00:00:00+00:00,USDSROIS3M=,MID_PRICE,5.2939
2024-02-02 00:00:00+00:00,USDSROIS3M=,MID_PRICE,5.3165
2024-02-05 00:00:00+00:00,USDSROIS3M=,MID_PRICE,5.3272
2024-02-06 00:00:00+00:00,USDSROIS3M=,MID_PRICE,5.3163
2024-02-07 00:00:00+00:00,USDSROIS3M=,MID_PRICE,5.31475
2024-02-08 00:00:00+00:00,USDSROIS3M=,MID_PRICE,5.31
2024-02-09 00:00:00+00:00,USDSROIS3M=,MID_PRICE,5.3116
2024-02-12 00:00:00+00:00,USDSROIS3M=,MID_PRICE,5.3107
2024-02-13 00:00:00+00:00,USDSROIS3M=,MID_PRICE,5.3284
2024-02-14 00:00:00+00:00,USDSROIS3M=,MID_PRICE,5.323
2024-02-15 00:00:00+00:00,USDSROIS3M=,MID_PRICE,5.3171
2024-02-16 00:00:00+00:00,USDSROIS3M=,MID_PRICE,5.3251
2024-02-19 00:00:00+00:00,USDSROIS3M=,MID_PRICE,5.32535
2024-02-20 00:00:00+00:00,USDSROIS3M=,MID_PRICE,5.3233
2024-02-21 00:00:00+00:00,USDSROIS3M=,MID_PRICE,5.3268
2024-02-22 00:00:00+00:00,USDSROIS3M=,MID_PRICE,5.3298
2024-02-23 00:00:00+00:00,USDSROIS3M=,MID_PRICE,5.3353
2024-02-26 00:00:00+00:00,USDSROIS3M=,MID_PRICE,5.343
2024-02-27 00:00:00+00:00,USDSROIS3M=,MID_PRICE,5.3419
2024-02-28 00:00:00+00:00,USDSROIS3M=,MID_PRICE,5.3347
2024-02-29 00:00:00+00:00,USDSROIS3M=,MID_PRICE,5.3325
2024-03-01 00:00:00+00:00,USDSROIS3M=,MID_PRICE,5.3199
2024-03-04 00:00:00+00:00,USDSROIS3M=,MID_PRICE,5.3308
2024-03-05 00:00:00+00:00,USDSROIS3M=,MID_PRICE,5.3254
2024-03-06 00:00:00+00:00,USDSROIS3M=,MID_PRICE,5.3245
2024-03-07 00:00:00+00:00,USDSROIS3M=,MID_PRICE,5.3171
2024-03-08 00:00:00+00:00,USDSROIS3M=,MID_PRICE,5.31955
2024-03-11 00:00:00+00:00,USDSROIS3M=,MID_PRICE,5.3286
2024-03-12 00:00:00+00:00,USDSROIS3M=,MID_PRICE,5.3352
2024-03-13 00:00:00+00:00,USDSROIS3M=,MID_PRICE,5.33215
2024-03-14 00:00:00+00:00,USDSROIS3M=,MID_PRICE,5.3345
2024-03-15 00:00:00+00:00,USDSROIS3M=,MID_PRICE,5.3338
2024-03-18 00:00:00+00:00,USDSROIS3M=,MID_PRICE,5.3343
2024-03-19 00:00:00+00:00,USDSROIS3M=,MID_PRICE,5.3307
2024-03-20 00:00:00+00:00,USDSROIS3M=,MID_PRICE,5.3151
2024-03-21 00:00:00+00:00,USDSROIS3M=,MID_PRICE,5.3163
2024-03-22 00:00:00+00:00,USDSROIS3M=,MID_PRICE,5.3075
2024-03-25 00:00:00+00:00,USDSROIS3M=,MID_PRICE,5.3146
2024-03-26 00:00:00+00:00,USDSROIS3M=,MID_PRICE,5.3068
2024-03-27 00:00:00+00:00,USDSROIS3M=,MID_PRICE,5.3051
2024-03-28 00:00:00+00:00,USDSROIS3M=,MID_PRICE,5.3067
2024-03-29 00:00:00+00:00,USDSROIS3M=,MID_PRICE,5.304
2024-04-01 00:00:00+00:00,USDSROIS3M=,MID_PRICE,5.31205
2024-04-02 00:00:00+00:00,USDSROIS3M=,MID_PRICE,5.30505
2024-04-03 00:00:00+00:00,USDSROIS3M=,MID_PRICE,5.30615
2024-04-04 00:00:00+00:00,USDSROIS3M=,MID_PRICE,5.2837
2024-04-05 00:00:00+00:00,USDSROIS3M=,MID_PRICE,5.30725
2024-04-08 00:00:00+00:00,USDSROIS3M=,MID_PRICE,5.3112
2024-04-09 00:00:00+00:00,USDSROIS3M=,MID_PRICE,5.302
2024-04-10 00:00:00+00:00,USDSROIS3M=,MID_PRICE,5.336
2024-04-11 00:00:00+00:00,USDSROIS3M=,MID_PRICE,5.32645
2024-04-12 00:00:00+00:00,USDSROIS3M=,MID_PRICE,5.31925
2024-04-15 00:00:00+00:00,USDSROIS3M=,MID_PRICE,5.3222
2024-04-16 00:00:00+00:00,USDSROIS3M=,MID_PRICE,5.33
2024-04-17 00:00:00+00:00,USDSROIS3M=,MID_PRICE,5.326
2024-04-18 00:00:00+00:00,USDSROIS3M=,MID_PRICE,5.3265
2024-04-19 00:00:00+00:00,USDSROIS3M=,MID_PRICE,5.323
2024-04-22 00:00:00+00:00,USDSROIS3M=,MID_PRICE,5.3253
2024-04-23 00:00:00+00:00,USDSROIS3M=,MID_PRICE,5.3243
2024-04-24 00:00:00+00:00,USDSROIS3M=,MID_PRICE,5.3232
2024-04-25 00:00:00+00:00,USDSROIS3M=,MID_PRICE,5.3308
2024-04-26 00:00:00+00:00,USDSROIS3M=,MID_PRICE,5.3308
2024-04-29 00:00:00+00:00,USDSROIS3M=,MID_PRICE,5.3305
2024-04-30 00:00:00+00:00,USDSROIS3M=,MID_PRICE,5.3375
2024-05-01 00:00:00+00:00,USDSROIS3M=,MID_PRICE,5.3366
2024-05-02 00:00:00+00:00,USDSROIS3M=,MID_PRICE,5.3275
2024-05-03 00:00:00+00:00,USDSROIS3M=,MID_PRICE,5.3235
2024-05-06 00:00:00+00:00,USDSROIS3M=,MID_PRICE,5.3262
2024-05-07 00:00:00+00:00,USDSROIS3M=,MID_PRICE,5.3275
2024-05-08 00:00:00+00:00,USDSROIS3M=,MID_PRICE,5.32525
2024-05-09 00:00:00+00:00,USDSROIS3M=,MID_PRICE,5.32265
2024-05-10 00:00:00+00:00,USDSROIS3M=,MID_PRICE,5.32585
2024-05-13 00:00:00+00:00,USDSROIS3M=,MID_PRICE,5.3306
2024-05-14 00:00:00+00:00,USDSROIS3M=,MID_PRICE,5.3284
2024-05-15 00:00:00+00:00,USDSROIS3M=,MID_PRICE,5.32595
2024-05-16 00:00:00+00:00,USDSROIS3M=,MID_PRICE,5.326
2024-05-17 00:00:00+00:00,USDSROIS3M=,MID_PRICE,5.3281
2024-05-20 00:00:00+00:00,USDSROIS3M=,MID_PRICE,5.3305
2024-05-21 00:00:00+00:00,USDSROIS3M=,MID_PRICE,5.33245
2024-05-22 00:00:00+00:00,USDSROIS3M=,MID_PRICE,5.3378
2024-05-23 00:00:00+00:00,USDSROIS3M=,MID_PRICE,5.3435
2024-05-24 00:00:00+00:00,USDSROIS3M=,MID_PRICE,5.3449
2024-05-27 00:00:00+00:00,USDSROIS3M=,MID_PRICE,5.34505
2024-05-28 00:00:00+00:00,USDSROIS3M=,MID_PRICE,5.3478
2024-05-29 00:00:00+00:00,USDSROIS3M=,MID_PRICE,5.3457
2024-05-30 00:00:00+00:00,USDSROIS3M=,MID_PRICE,5.3428
2024-05-31 00:00:00+00:00,USDSROIS3M=,MID_PRICE,5.3406
2024-06-03 00:00:00+00:00,USDSROIS3M=,MID_PRICE,5.34015
2024-06-04 00:00:00+00:00,USDSROIS3M=,MID_PRICE,5.3375
2024-06-05 00:00:00+00:00,USDSROIS3M=,MID_PRICE,5.3355
2024-06-06 00:00:00+00:00,USDSROIS3M=,MID_PRICE,5.33035
2024-06-07 00:00:00+00:00,USDSROIS3M=,MID_PRICE,5.3465
2024-06-10 00:00:00+00:00,USDSROIS3M=,MID_PRICE,5.3465
2024-06-11 00:00:00+00:00,USDSROIS3M=,MID_PRICE,5.3465
2024-06-12 00:00:00+00:00,USDSROIS3M=,MID_PRICE,5.348
2024-06-13 00:00:00+00:00,USDSROIS3M=,MID_PRICE,5.34305
2024-06-14 00:00:00+00:00,USDSROIS3M=,MID_PRICE,5.3455
2024-06-17 00:00:00+00:00,USDSROIS3M=,MID_PRICE,5.353
2024-06-18 00:00:00+00:00,USDSROIS3M=,MID_PRICE,5.3467
2024-06-19 00:00:00+00:00,USDSROIS3M=,MID_PRICE,5.34605
2024-06-20 00:00:00+00:00,USDSROIS3M=,MID_PRICE,5.3464
2024-06-21 00:00:00+00:00,USDSROIS3M=,MID_PRICE,5.3413
2024-06-24 00:00:00+00:00,USDSROIS3M=,MID_PRICE,5.3393
2024-06-25 00:00:00+00:00,USDSROIS3M=,MID_PRICE,5.3375
2024-06-26 00:00:00+00:00,USDSROIS3M=,MID_PRICE,5.3337
2024-06-27 00:00:00+00:00,USDSROIS3M=,MID_PRICE,5.3249
2024-06-28 00:00:00+00:00,USDSROIS3M=,MID_PRICE,5.3245
2024-07-01 00:00:00+00:00,USDSROIS3M=,MID_PRICE,5.3228
2024-07-02 00:00:00+00:00,USDSROIS3M=,MID_PRICE,5.3156
2024-07-03 00:00:00+00:00,USDSROIS3M=,MID_PRICE,5.3068
2024-07-04 00:00:00+00:00,USDSROIS3M=,MID_PRICE,5.3079
2024-07-05 00:00:00+00:00,USDSROIS3M=,MID_PRICE,5.3029
2024-07-08 00:00:00+00:00,USDSROIS3M=,MID_PRICE,5.3044
2024-07-09 00:00:00+00:00,USDSROIS3M=,MID_PRICE,5.3088
2024-07-10 00:00:00+00:00,USDSROIS3M=,MID_PRICE,5.3043
2024-07-11 00:00:00+00:00,USDSROIS3M=,MID_PRICE,5.284
2024-07-12 00:00:00+00:00,USDSROIS3M=,MID_PRICE,5.2885
2024-07-15 00:00:00+00:00,USDSROIS3M=,MID_PRICE,5.2821
2024-07-16 00:00:00+00:00,USDSROIS3M=,MID_PRICE,5.2807
2024-07-17 00:00:00+00:00,USDSROIS3M=,MID_PRICE,5.2895
2024-07-18 00:00:00+00:00,USDSROIS3M=,MID_PRICE,5.2856
2024-07-19 00:00:00+00:00,USDSROIS3M=,MID_PRICE,5.2829
2024-07-22 00:00:00+00:00,USDSROIS3M=,MID_PRICE,5.2857
2024-07-23 00:00:00+00:00,USDSROIS3M=,MID_PRICE,5.2816
2024-07-24 00:00:00+00:00,USDSROIS3M=,MID_PRICE,5.2667
2024-07-25 00:00:00+00:00,USDSROIS3M=,MID_PRICE,5.2604
2024-07-26 00:00:00+00:00,USDSROIS3M=,MID_PRICE,5.2499
2024-07-29 00:00:00+00:00,USDSROIS3M=,MID_PRICE,5.2496
2024-07-30 00:00:00+00:00,USDSROIS3M=,MID_PRICE,5.2441
2024-07-31 00:00:00+00:00,USDSROIS3M=,MID_PRICE,5.2447
2024-08-01 00:00:00+00:00,USDSROIS3M=,MID_PRICE,5.2092
2024-08-02 00:00:00+00:00,USDSROIS3M=,MID_PRICE,5.13175
2024-08-05 00:00:00+00:00,USDSROIS3M=,MID_PRICE,5.09935
2024-08-06 00:00:00+00:00,USDSROIS3M=,MID_PRICE,5.1315
2024-08-07 00:00:00+00:00,USDSROIS3M=,MID_PRICE,5.1072
2024-08-08 00:00:00+00:00,USDSROIS3M=,MID_PRICE,5.1261
2024-08-09 00:00:00+00:00,USDSROIS3M=,MID_PRICE,5.1311
2024-08-12 00:00:00+00:00,USDSROIS3M=,MID_PRICE,5.1245
2024-08-13 00:00:00+00:00,USDSROIS3M=,MID_PRICE,5.1114
2024-08-14 00:00:00+00:00,USDSROIS3M=,MID_PRICE,5.1255
2024-08-15 00:00:00+00:00,USDSROIS3M=,MID_PRICE,5.1346
2024-08-16 00:00:00+00:00,USDSROIS3M=,MID_PRICE,5.1278
2024-08-19 00:00:00+00:00,USDSROIS3M=,MID_PRICE,5.13045
2024-08-20 00:00:00+00:00,USDSROIS3M=,MID_PRICE,5.1062
2024-08-21 00:00:00+00:00,USDSROIS3M=,MID_PRICE,5.0764
2024-08-22 00:00:00+00:00,USDSROIS3M=,MID_PRICE,5.095
2024-08-23 00:00:00+00:00,USDSROIS3M=,MID_PRICE,5.0656
2024-08-26 00:00:00+00:00,USDSROIS3M=,MID_PRICE,5.0666
2024-08-27 00:00:00+00:00,USDSROIS3M=,MID_PRICE,5.0552
2024-08-28 00:00:00+00:00,USDSROIS3M=,MID_PRICE,5.0444
2024-08-29 00:00:00+00:00,USDSROIS3M=,MID_PRICE,5.0274
2024-08-30 00:00:00+00:00,USDSROIS3M=,MID_PRICE,5.0181
2024-09-02 00:00:00+00:00,USDSROIS3M=,MID_PRICE,5.02175
2024-09-03 00:00:00+00:00,USDSROIS3M=,MID_PRICE,4.9994
2024-09-04 00:00:00+00:00,USDSROIS3M=,MID_PRICE,4.964
2024-09-05 00:00:00+00:00,USDSROIS3M=,MID_PRICE,4.9465
2024-09-06 00:00:00+00:00,USDSROIS3M=,MID_PRICE,4.9603
2024-09-09 00:00:00+00:00,USDSROIS3M=,MID_PRICE,4.9515
2024-09-10 00:00:00+00:00,USDSROIS3M=,MID_PRICE,4.937
2024-09-11 00:00:00+00:00,USDSROIS3M=,MID_PRICE,4.9804
2024-09-12 00:00:00+00:00,USDSROIS3M=,MID_PRICE,4.9109
2024-09-13 00:00:00+00:00,USDSROIS3M=,MID_PRICE,4.8679
2024-09-16 00:00:00+00:00,USDSROIS3M=,MID_PRICE,4.822
2024-09-17 00:00:00+00:00,USDSROIS3M=,MID_PRICE,4.8195
2024-09-18 00:00:00+00:00,USDSROIS3M=,MID_PRICE,4.7269
2024-09-19 00:00:00+00:00,USDSROIS3M=,MID_PRICE,4.6899
2024-09-20 00:00:00+00:00,USDSROIS3M=,MID_PRICE,4.669
2024-09-23 00:00:00+00:00,USDSROIS3M=,MID_PRICE,4.6551
2024-09-24 00:00:00+00:00,USDSROIS3M=,MID_PRICE,4.63745
2024-09-25 00:00:00+00:00,USDSROIS3M=,MID_PRICE,4.6256
2024-09-26 00:00:00+00:00,USDSROIS3M=,MID_PRICE,4.6128
2024-09-27 00:00:00+00:00,USDSROIS3M=,MID_PRICE,4.5932
2024-09-30 00:00:00+00:00,USDSROIS3M=,MID_PRICE,4.6263
2024-10-01 00:00:00+00:00,USDSROIS3M=,MID_PRICE,4.6149
2024-10-02 00:00:00+00:00,USDSROIS3M=,MID_PRICE,4.6035
2024-10-03 00:00:00+00:00,USDSROIS3M=,MID_PRICE,4.5934
2024-10-04 00:00:00+00:00,USDSROIS3M=,MID_PRICE,4.652
2024-10-07 00:00:00+00:00,USDSROIS3M=,MID_PRICE,4.6799
2024-10-08 00:00:00+00:00,USDSROIS3M=,MID_PRICE,4.6701
2024-10-09 00:00:00+00:00,USDSROIS3M=,MID_PRICE,4.6769
2024-10-10 00:00:00+00:00,USDSROIS3M=,MID_PRICE,4.6532
2024-10-11 00:00:00+00:00,USDSROIS3M=,MID_PRICE,4.6446
2024-10-14 00:00:00+00:00,USDSROIS3M=,MID_PRICE,4.6567
2024-10-15 00:00:00+00:00,USDSROIS3M=,MID_PRICE,4.6334
2024-10-16 00:00:00+00:00,USDSROIS3M=,MID_PRICE,4.6298
2024-10-17 00:00:00+00:00,USDSROIS3M=,MID_PRICE,4.6418
2024-10-18 00:00:00+00:00,USDSROIS3M=,MID_PRICE,4.6265
2024-10-21 00:00:00+00:00,USDSROIS3M=,MID_PRICE,4.6419
2024-10-22 00:00:00+00:00,USDSROIS3M=,MID_PRICE,4.6289
2024-10-23 00:00:00+00:00,USDSROIS3M=,MID_PRICE,4.6286
2024-10-24 00:00:00+00:00,USDSROIS3M=,MID_PRICE,4.6066
2024-10-25 00:00:00+00:00,USDSROIS3M=,MID_PRICE,4.5933
2024-10-28 00:00:00+00:00,USDSROIS3M=,MID_PRICE,4.5923
2024-10-29 00:00:00+00:00,USDSROIS3M=,MID_PRICE,4.5794
2024-10-30 00:00:00+00:00,USDSROIS3M=,MID_PRICE,4.5715
2024-10-31 00:00:00+00:00,USDSROIS3M=,MID_PRICE,4.5522
2024-11-01 00:00:00+00:00,USDSROIS3M=,MID_PRICE,4.5382
2024-11-04 00:00:00+00:00,USDSROIS3M=,MID_PRICE,4.5285
2024-11-05 00:00:00+00:00,USDSROIS3M=,MID_PRICE,4.5284
2024-11-06 00:00:00+00:00,USDSROIS3M=,MID_PRICE,4.5221
2024-11-07 00:00:00+00:00,USDSROIS3M=,MID_PRICE,4.5139
2024-11-08 00:00:00+00:00,USDSROIS3M=,MID_PRICE,4.5236
2024-11-11 00:00:00+00:00,USDSROIS3M=,MID_PRICE,4.5251
2024-11-12 00:00:00+00:00,USDSROIS3M=,MID_PRICE,4.5287
2024-11-13 00:00:00+00:00,USDSROIS3M=,MID_PRICE,4.4855
2024-11-14 00:00:00+00:00,USDSROIS3M=,MID_PRICE,4.5257
2024-11-15 00:00:00+00:00,USDSROIS3M=,MID_PRICE,4.5182
2024-11-18 00:00:00+00:00,USDSROIS3M=,MID_PRICE,4.5208
2024-11-19 00:00:00+00:00,USDSROIS3M=,MID_PRICE,4.5206
2024-11-20 00:00:00+00:00,USDSROIS3M=,MID_PRICE,4.5266
2024-11-21 00:00:00+00:00,USDSROIS3M=,MID_PRICE,4.5236
2024-11-22 00:00:00+00:00,USDSROIS3M=,MID_PRICE,4.5215
2024-11-25 00:00:00+00:00,USDSROIS3M=,MID_PRICE,4.5171
2024-11-26 00:00:00+00:00,USDSROIS3M=,MID_PRICE,4.4889
2024-11-27 00:00:00+00:00,USDSROIS3M=,MID_PRICE,4.4682
2024-11-28 00:00:00+00:00,USDSROIS3M=,MID_PRICE,4.4743
2024-11-29 00:00:00+00:00,USDSROIS3M=,MID_PRICE,4.465
2024-12-02 00:00:00+00:00,USDSROIS3M=,MID_PRICE,4.4767
2024-12-03 00:00:00+00:00,USDSROIS3M=,MID_PRICE,4.4466
2024-12-04 00:00:00+00:00,USDSROIS3M=,MID_PRICE,4.4362
2024-12-05 00:00:00+00:00,USDSROIS3M=,MID_PRICE,4.4279
2024-12-06 00:00:00+00:00,USDSROIS3M=,MID_PRICE,4.3918
2024-12-09 00:00:00+00:00,USDSROIS3M=,MID_PRICE,4.397
2024-12-10 00:00:00+00:00,USDSROIS3M=,MID_PRICE,4.3995
2024-12-11 00:00:00+00:00,USDSROIS3M=,MID_PRICE,4.3685
2024-12-12 00:00:00+00:00,USDSROIS3M=,MID_PRICE,4.3533
2024-12-13 00:00:00+00:00,USDSROIS3M=,MID_PRICE,4.3587
2024-12-16 00:00:00+00:00,USDSROIS3M=,MID_PRICE,4.3589
2024-12-17 00:00:00+00:00,USDSROIS3M=,MID_PRICE,4.3582
2024-12-18 00:00:00+00:00,USDSROIS3M=,MID_PRICE,4.3437
2024-12-19 00:00:00+00:00,USDSROIS3M=,MID_PRICE,4.33
2024-12-20 00:00:00+00:00,USDSROIS3M=,MID_PRICE,4.331
2024-12-23 00:00:00+00:00,USDSROIS3M=,MID_PRICE,4.3278
2024-12-24 00:00:00+00:00,USDSROIS3M=,MID_PRICE,4.3307
2024-12-25 00:00:00+00:00,USDSROIS3M=,MID_PRICE,4.332
2024-12-26 00:00:00+00:00,USDSROIS3M=,MID_PRICE,4.3249
2024-12-27 00:00:00+00:00,USDSROIS3M=,MID_PRICE,4.3153
2024-12-30 00:00:00+00:00,USDSROIS3M=,MID_PRICE,4.306
2024-12-31 00:00:00+00:00,USDSROIS3M=,MID_PRICE,4.3027
2025-01-01 00:00:00+00:00,USDSROIS3M=,MID_PRICE,4.303
2025-01-02 00:00:00+00:00,USDSROIS3M=,MID_PRICE,4.2942
2025-01-03 00:00:00+00:00,USDSROIS3M=,MID_PRICE,4.2905
2025-01-06 00:00:00+00:00,USDSROIS3M=,MID_PRICE,4.288
2025-01-07 00:00:00+00:00,USDSROIS3M=,MID_PRICE,4.2946
2025-01-08 00:00:00+00:00,USDSROIS3M=,MID_PRICE,4.2937
2025-01-09 00:00:00+00:00,USDSROIS3M=,MID_PRICE,4.2898
2025-01-10 00:00:00+00:00,USDSROIS3M=,MID_PRICE,4.3063
2025-01-13 00:00:00+00:00,USDSROIS3M=,MID_PRICE,4.3084
2025-01-14 00:00:00+00:00,USDSROIS3M=,MID_PRICE,4.3035
2025-01-15 00:00:00+00:00,USDSROIS3M=,MID_PRICE,4.2962
2025-01-16 00:00:00+00:00,USDSROIS3M=,MID_PRICE,4.2925
2025-01-17 00:00:00+00:00,USDSROIS3M=,MID_PRICE,4.2935
2025-01-20 00:00:00+00:00,USDSROIS3M=,MID_PRICE,4.291
2025-01-21 00:00:00+00:00,USDSROIS3M=,MID_PRICE,4.3
2025-01-22 00:00:00+00:00,USDSROIS3M=,MID_PRICE,4.3038
2025-01-23 00:00:00+00:00,USDSROIS3M=,MID_PRICE,4.2996
2025-01-24 00:00:00+00:00,USDSROIS3M=,MID_PRICE,4.2962
2025-01-27 00:00:00+00:00,USDSROIS3M=,MID_PRICE,4.292
2025-01-28 00:00:00+00:00,USDSROIS3M=,MID_PRICE,4.2921
2025-01-29 00:00:00+00:00,USDSROIS3M=,MID_PRICE,4.2981
2025-01-30 00:00:00+00:00,USDSROIS3M=,MID_PRICE,4.3026
2025-01-31 00:00:00+00:00,USDSROIS3M=,MID_PRICE,4.3046
2025-02-03 00:00:00+00:00,USDSROIS3M=,MID_PRICE,4.305
2025-02-04 00:00:00+00:00,USDSROIS3M=,MID_PRICE,4.3036
2025-02-05 00:00:00+00:00,USDSROIS3M=,MID_PRICE,4.3041
2025-02-06 00:00:00+00:00,USDSROIS3M=,MID_PRICE,4.3049
2025-02-07 00:00:00+00:00,USDSROIS3M=,MID_PRICE,4.3155
2025-02-10 00:00:00+00:00,USDSROIS3M=,MID_PRICE,4.3182
2025-02-11 00:00:00+00:00,USDSROIS3M=,MID_PRICE,4.3217
2025-02-12 00:00:00+00:00,USDSROIS3M=,MID_PRICE,4.3268
2025-02-13 00:00:00+00:00,USDSROIS3M=,MID_PRICE,4.3236
2025-02-14 00:00:00+00:00,USDSROIS3M=,MID_PRICE,4.3254
2025-02-17 00:00:00+00:00,USDSROIS3M=,MID_PRICE,4.3255
2025-02-18 00:00:00+00:00,USDSROIS3M=,MID_PRICE,4.3303
2025-02-19 00:00:00+00:00,USDSROIS3M=,MID_PRICE,4.3285
2025-02-20 00:00:00+00:00,USDSROIS3M=,MID_PRICE,4.3209
2025-02-21 00:00:00+00:00,USDSROIS3M=,MID_PRICE,4.3135
2025-02-24 00:00:00+00:00,USDSROIS3M=,MID_PRICE,4.318
2025-02-25 00:00:00+00:00,USDSROIS3M=,MID_PRICE,4.3156
2025-02-26 00:00:00+00:00,USDSROIS3M=,MID_PRICE,4.3164
2025-02-27 00:00:00+00:00,USDSROIS3M=,MID_PRICE,4.3133
2025-02-28 00:00:00+00:00,USDSROIS3M=,MID_PRICE,4.3046
2025-03-03 00:00:00+00:00,USDSROIS3M=,MID_PRICE,4.2973
2025-03-04 00:00:00+00:00,USDSROIS3M=,MID_PRICE,4.2963
2025-03-05 00:00:00+00:00,USDSROIS3M=,MID_PRICE,4.3033
2025-03-06 00:00:00+00:00,USDSROIS3M=,MID_PRICE,4.2841
2025-03-07 00:00:00+00:00,USDSROIS3M=,MID_PRICE,4.3042
2025-03-10 00:00:00+00:00,USDSROIS3M=,MID_PRICE,4.2891
2025-03-11 00:00:00+00:00,USDSROIS3M=,MID_PRICE,4.2932
2025-03-12 00:00:00+00:00,USDSROIS3M=,MID_PRICE,4.3012
2025-03-13 00:00:00+00:00,USDSROIS3M=,MID_PRICE,4.2913
2025-03-14 00:00:00+00:00,USDSROIS3M=,MID_PRICE,4.2976
2025-03-17 00:00:00+00:00,USDSROIS3M=,MID_PRICE,4.3101
2025-03-18 00:00:00+00:00,USDSROIS3M=,MID_PRICE,4.3091
2025-03-19 00:00:00+00:00,USDSROIS3M=,MID_PRICE,4.3024
2025-03-20 00:00:00+00:00,USDSROIS3M=,MID_PRICE,4.2994
2025-03-21 00:00:00+00:00,USDSROIS3M=,MID_PRICE,4.2982
2025-03-24 00:00:00+00:00,USDSROIS3M=,MID_PRICE,4.3068
2025-03-25 00:00:00+00:00,USDSROIS3M=,MID_PRICE,4.3067
2025-03-26 00:00:00+00:00,USDSROIS3M=,MID_PRICE,4.3018
2025-03-27 00:00:00+00:00,USDSROIS3M=,MID_PRICE,4.2998
2025-03-28 00:00:00+00:00,USDSROIS3M=,MID_PRICE,4.2844
2025-03-31 00:00:00+00:00,USDSROIS3M=,MID_PRICE,4.2871
2025-04-01 00:00:00+00:00,USDSROIS3M=,MID_PRICE,4.2814
2025-04-02 00:00:00+00:00,USDSROIS3M=,MID_PRICE,4.301
2025-04-03 00:00:00+00:00,USDSROIS3M=,MID_PRICE,4.2572
2025-04-04 00:00:00+00:00,USDSROIS3M=,MID_PRICE,4.2181
2025-04-07 00:00:00+00:00,USDSROIS3M=,MID_PRICE,4.2269
2025-04-08 00:00:00+00:00,USDSROIS3M=,MID_PRICE,4.1824
2025-04-09 00:00:00+00:00,USDSROIS3M=,MID_PRICE,4.2909
2025-04-10 00:00:00+00:00,USDSROIS3M=,MID_PRICE,4.2544
2025-04-11 00:00:00+00:00,USDSROIS3M=,MID_PRICE,4.2719
2025-04-14 00:00:00+00:00,USDSROIS3M=,MID_PRICE,4.2774
2025-04-15 00:00:00+00:00,USDSROIS3M=,MID_PRICE,4.2766
2025-04-16 00:00:00+00:00,USDSROIS3M=,MID_PRICE,4.2713
2025-04-17 00:00:00+00:00,USDSROIS3M=,MID_PRICE,4.2871
2025-04-18 00:00:00+00:00,USDSROIS3M=,MID_PRICE,4.2875
2025-04-21 00:00:00+00:00,USDSROIS3M=,MID_PRICE,4.2805
2025-04-22 00:00:00+00:00,USDSROIS3M=,MID_PRICE,4.2857
2025-04-23 00:00:00+00:00,USDSROIS3M=,MID_PRICE,4.2895
2025-04-24 00:00:00+00:00,USDSROIS3M=,MID_PRICE,4.2816
2025-04-25 00:00:00+00:00,USDSROIS3M=,MID_PRICE,4.2784
2025-04-28 00:00:00+00:00,USDSROIS3M=,MID_PRICE,4.2784
2025-04-29 00:00:00+00:00,USDSROIS3M=,MID_PRICE,4.2721
2025-04-30 00:00:00+00:00,USDSROIS3M=,MID_PRICE,4.265
2025-05-01 00:00:00+00:00,USDSROIS3M=,MID_PRICE,4.2668
2025-05-02 00:00:00+00:00,USDSROIS3M=,MID_PRICE,4.3019
2025-05-05 00:00:00+00:00,USDSROIS3M=,MID_PRICE,4.3079
2025-05-06 00:00:00+00:00,USDSROIS3M=,MID_PRICE,4.3005
2025-05-07 00:00:00+00:00,USDSROIS3M=,MID_PRICE,4.3048
2025-05-08 00:00:00+00:00,USDSROIS3M=,MID_PRICE,4.3138
2025-05-09 00:00:00+00:00,USDSROIS3M=,MID_PRICE,4.3108
2025-05-12 00:00:00+00:00,USDSROIS3M=,MID_PRICE,4.3267
2025-05-13 00:00:00+00:00,USDSROIS3M=,MID_PRICE,4.3269
2025-05-14 00:00:00+00:00,USDSROIS3M=,MID_PRICE,4.3254
2025-05-15 00:00:00+00:00,USDSROIS3M=,MID_PRICE,4.3212
2025-05-16 00:00:00+00:00,USDSROIS3M=,MID_PRICE,4.323
2025-05-19 00:00:00+00:00,USDSROIS3M=,MID_PRICE,4.3254
2025-05-20 00:00:00+00:00,USDSROIS3M=,MID_PRICE,4.3276
2025-05-21 00:00:00+00:00,USDSROIS3M=,MID_PRICE,4.3282
2025-05-22 00:00:00+00:00,USDSROIS3M=,MID_PRICE,4.3298
2025-05-23 00:00:00+00:00,USDSROIS3M=,MID_PRICE,4.3261
2025-05-26 00:00:00+00:00,USDSROIS3M=,MID_PRICE,4.3281
2025-05-27 00:00:00+00:00,USDSROIS3M=,MID_PRICE,4.3289
2025-05-28 00:00:00+00:00,USDSROIS3M=,MID_PRICE,4.3294
2025-05-29 00:00:00+00:00,USDSROIS3M=,MID_PRICE,4.3202
2025-05-30 00:00:00+00:00,USDSROIS3M=,MID_PRICE,4.3181
2025-06-02 00:00:00+00:00,USDSROIS3M=,MID_PRICE,4.3178
2025-06-03 00:00:00+00:00,USDSROIS3M=,MID_PRICE,4.3164
2025-06-04 00:00:00+00:00,USDSROIS3M=,MID_PRICE,4.309
2025-06-05 00:00:00+00:00,USDSROIS3M=,MID_PRICE,4.3089
2025-06-06 00:00:00+00:00,USDSROIS3M=,MID_PRICE,4.3246
2025-06-09 00:00:00+00:00,USDSROIS3M=,MID_PRICE,4.323
2025-06-10 00:00:00+00:00,USDSROIS3M=,MID_PRICE,4.322
2025-06-11 00:00:00+00:00,USDSROIS3M=,MID_PRICE,4.3137
2025-06-12 00:00:00+00:00,USDSROIS3M=,MID_PRICE,4.3086
2025-06-13 00:00:00+00:00,USDSROIS3M=,MID_PRICE,4.3127
2025-06-16 00:00:00+00:00,USDSROIS3M=,MID_PRICE,4.3298
2025-06-17 00:00:00+00:00,USDSROIS3M=,MID_PRICE,4.3243
2025-06-18 00:00:00+00:00,USDSROIS3M=,MID_PRICE,4.3257
2025-06-19 00:00:00+00:00,USDSROIS3M=,MID_PRICE,4.3283
2025-06-20 00:00:00+00:00,USDSROIS3M=,MID_PRICE,4.3175
2025-06-23 00:00:00+00:00,USDSROIS3M=,MID_PRICE,4.3053
2025-06-24 00:00:00+00:00,USDSROIS3M=,MID_PRICE,4.3082
2025-06-25 00:00:00+00:00,USDSROIS3M=,MID_PRICE,4.2958
2025-06-26 00:00:00+00:00,USDSROIS3M=,MID_PRICE,4.2935
2025-06-27 00:00:00+00:00,USDSROIS3M=,MID_PRICE,4.2972
2025-06-30 00:00:00+00:00,USDSROIS3M=,MID_PRICE,4.3021
2025-07-01 00:00:00+00:00,USDSROIS3M=,MID_PRICE,4.2986
2025-07-02 00:00:00+00:00,USDSROIS3M=,MID_PRICE,4.281
2025-07-03 00:00:00+00:00,USDSROIS3M=,MID_PRICE,4.33
2025-07-04 00:00:00+00:00,USDSROIS3M=,MID_PRICE,4.331
2025-07-07 00:00:00+00:00,USDSROIS3M=,MID_PRICE,4.3291
2025-07-08 00:00:00+00:00,USDSROIS3M=,MID_PRICE,4.335
2025-07-09 00:00:00+00:00,USDSROIS3M=,MID_PRICE,4.3235
2025-07-10 00:00:00+00:00,USDSROIS3M=,MID_PRICE,4.32
2025-07-11 00:00:00+00:00,USDSROIS3M=,MID_PRICE,4.3165
2025-07-14 00:00:00+00:00,USDSROIS3M=,MID_PRICE,4.326
2025-07-15 00:00:00+00:00,USDSROIS3M=,MID_PRICE,4.3355
2025-07-16 00:00:00+00:00,USDSROIS3M=,MID_PRICE,4.3315
2025-07-17 00:00:00+00:00,USDSROIS3M=,MID_PRICE,4.334
2025-07-18 00:00:00+00:00,USDSROIS3M=,MID_PRICE,4.319
2025-07-21 00:00:00+00:00,USDSROIS3M=,MID_PRICE,4.3235
2025-07-22 00:00:00+00:00,USDSROIS3M=,MID_PRICE,4.32
2025-07-23 00:00:00+00:00,USDSROIS3M=,MID_PRICE,4.3173
2025-07-24 00:00:00+00:00,USDSROIS3M=,MID_PRICE,4.3163
2025-07-25 00:00:00+00:00,USDSROIS3M=,MID_PRICE,4.3145
2025-07-28 00:00:00+00:00,USDSROIS3M=,MID_PRICE,4.309
2025-07-29 00:00:00+00:00,USDSROIS3M=,MID_PRICE,4.3008
2025-07-30 00:00:00+00:00,USDSROIS3M=,MID_PRICE,4.322
2025-07-31 00:00:00+00:00,USDSROIS3M=,MID_PRICE,4.323
2025-08-01 00:00:00+00:00,USDSROIS3M=,MID_PRICE,4.2465
2025-08-04 00:00:00+00:00,USDSROIS3M=,MID_PRICE,4.2355
2025-08-05 00:00:00+00:00,USDSROIS3M=,MID_PRICE,4.244
2025-08-06 00:00:00+00:00,USDSROIS3M=,MID_PRICE,4.231
2025-08-07 00:00:00+00:00,USDSROIS3M=,MID_PRICE,4.225
2025-08-08 00:00:00+00:00,USDSROIS3M=,MID_PRICE,4.235
2025-08-11 00:00:00+00:00,USDSROIS3M=,MID_PRICE,4.2375
2025-08-12 00:00:00+00:00,USDSROIS3M=,MID_PRICE,4.2165
2025-08-13 00:00:00+00:00,USDSROIS3M=,MID_PRICE,4.1853
2025-08-14 00:00:00+00:00,USDSROIS3M=,MID_PRICE,4.202
2025-08-15 00:00:00+00:00,USDSROIS3M=,MID_PRICE,4.214
2025-08-18 00:00:00+00:00,USDSROIS3M=,MID_PRICE,4.2178
2025-08-19 00:00:00+00:00,USDSROIS3M=,MID_PRICE,4.2068
2025-08-20 00:00:00+00:00,USDSROIS3M=,MID_PRICE,4.2103
2025-08-21 00:00:00+00:00,USDSROIS3M=,MID_PRICE,4.227
2025-08-22 00:00:00+00:00,USDSROIS3M=,MID_PRICE,4.204
2025-08-25 00:00:00+00:00,USDSROIS3M=,MID_PRICE,4.2093
2025-08-26 00:00:00+00:00,USDSROIS3M=,MID_PRICE,4.1958
2025-08-27 00:00:00+00:00,USDSROIS3M=,MID_PRICE,4.1837
2025-08-28 00:00:00+00:00,USDSROIS3M=,MID_PRICE,4.171
2025-08-29 00:00:00+00:00,USDSROIS3M=,MID_PRICE,4.161
2025-09-01 00:00:00+00:00,USDSROIS3M=,MID_PRICE,4.161
2025-09-02 00:00:00+00:00,USDSROIS3M=,MID_PRICE,4.1528
2025-09-03 00:00:00+00:00,USDSROIS3M=,MID_PRICE,4.1391
2025-09-04 00:00:00+00:00,USDSROIS3M=,MID_PRICE,4.1223
2025-09-05 00:00:00+00:00,USDSROIS3M=,MID_PRICE,4.0723
2025-09-08 00:00:00+00:00,USDSROIS3M=,MID_PRICE,4.0595
2025-09-09 00:00:00+00:00,USDSROIS3M=,MID_PRICE,4.0725
2025-09-10 00:00:00+00:00,USDSROIS3M=,MID_PRICE,4.0635
2025-09-11 00:00:00+00:00,USDSROIS3M=,MID_PRICE,4.029
2025-09-12 00:00:00+00:00,USDSROIS3M=,MID_PRICE,4.0453
2025-09-15 00:00:00+00:00,USDSROIS3M=,MID_PRICE,4.04
2025-09-16 00:00:00+00:00,USDSROIS3M=,MID_PRICE,4.0275
2025-09-17 00:00:00+00:00,USDSROIS3M=,MID_PRICE,4.02
2025-09-18 00:00:00+00:00,USDSROIS3M=,MID_PRICE,4.0113
2025-09-19 00:00:00+00:00,USDSROIS3M=,MID_PRICE,4.0077
2025-09-22 00:00:00+00:00,USDSROIS3M=,MID_PRICE,4.008
2025-09-23 00:00:00+00:00,USDSROIS3M=,MID_PRICE,3.998
2025-09-24 00:00:00+00:00,USDSROIS3M=,MID_PRICE,4.0048
2025-09-25 00:00:00+00:00,USDSROIS3M=,MID_PRICE,4.0042
2025-09-26 00:00:00+00:00,USDSROIS3M=,MID_PRICE,3.9905
2025-09-29 00:00:00+00:00,USDSROIS3M=,MID_PRICE,3.977
2025-09-30 00:00:00+00:00,USDSROIS3M=,MID_PRICE,3.967
2025-10-01 00:00:00+00:00,USDSROIS3M=,MID_PRICE,3.949
2025-10-02 00:00:00+00:00,USDSROIS3M=,MID_PRICE,3.9455
2025-10-03 00:00:00+00:00,USDSROIS3M=,MID_PRICE,3.9465
2025-10-06 00:00:00+00:00,USDSROIS3M=,MID_PRICE,3.9455
2025-10-07 00:00:00+00:00,USDSROIS3M=,MID_PRICE,3.938
2025-10-08 00:00:00+00:00,USDSROIS3M=,MID_PRICE,3.93
2025-10-09 00:00:00+00:00,USDSROIS3M=,MID_PRICE,3.9125
2025-10-10 00:00:00+00:00,USDSROIS3M=,MID_PRICE,3.898
2025-10-13 00:00:00+00:00,USDSROIS3M=,MID_PRICE,3.9
2025-10-14 00:00:00+00:00,USDSROIS3M=,MID_PRICE,3.896
2025-10-15 00:00:00+00:00,USDSROIS3M=,MID_PRICE,3.8987
2025-10-16 00:00:00+00:00,USDSROIS3M=,MID_PRICE,3.8595
2025-10-17 00:00:00+00:00,USDSROIS3M=,MID_PRICE,3.864
2025-10-20 00:00:00+00:00,USDSROIS3M=,MID_PRICE,3.868
2025-10-21 00:00:00+00:00,USDSROIS3M=,MID_PRICE,3.8803
2025-10-22 00:00:00+00:00,USDSROIS3M=,MID_PRICE,3.875
2025-10-23 00:00:00+00:00,USDSROIS3M=,MID_PRICE,3.8603
2025-10-24 00:00:00+00:00,USDSROIS3M=,MID_PRICE,3.845
2025-10-27 00:00:00+00:00,USDSROIS3M=,MID_PRICE,3.8465
2025-10-28 00:00:00+00:00,USDSROIS3M=,MID_PRICE,3.8343
2025-10-29 00:00:00+00:00,USDSROIS3M=,MID_PRICE,3.9115
2025-10-30 00:00:00+00:00,USDSROIS3M=,MID_PRICE,3.891
2025-10-31 00:00:00+00:00,USDSROIS3M=,MID_PRICE,3.898
2025-11-03 00:00:00+00:00,USDSROIS3M=,MID_PRICE,3.8888
2025-11-04 00:00:00+00:00,USDSROIS3M=,MID_PRICE,3.875
2025-11-05 00:00:00+00:00,USDSROIS3M=,MID_PRICE,3.876
2025-11-06 00:00:00+00:00,USDSROIS3M=,MID_PRICE,3.852
2025-11-07 00:00:00+00:00,USDSROIS3M=,MID_PRICE,3.8535
2025-11-10 00:00:00+00:00,USDSROIS3M=,MID_PRICE,3.8663
2025-11-11 00:00:00+00:00,USDSROIS3M=,MID_PRICE,3.8655
2025-11-12 00:00:00+00:00,USDSROIS3M=,MID_PRICE,3.86
2025-11-13 00:00:00+00:00,USDSROIS3M=,MID_PRICE,3.8808
2025-11-14 00:00:00+00:00,USDSROIS3M=,MID_PRICE,3.885
2025-11-17 00:00:00+00:00,USDSROIS3M=,MID_PRICE,3.8891
2025-11-18 00:00:00+00:00,USDSROIS3M=,MID_PRICE,3.8742
2025-11-19 00:00:00+00:00,USDSROIS3M=,MID_PRICE,3.8957
2025-11-20 00:00:00+00:00,USDSROIS3M=,MID_PRICE,3.8841
2025-11-21 00:00:00+00:00,USDSROIS3M=,MID_PRICE,3.8401
2025-11-24 00:00:00+00:00,USDSROIS3M=,MID_PRICE,3.8097
2025-11-25 00:00:00+00:00,USDSROIS3M=,MID_PRICE,3.7997
2025-11-26 00:00:00+00:00,USDSROIS3M=,MID_PRICE,3.7901
2025-11-27 00:00:00+00:00,USDSROIS3M=,MID_PRICE,3.782
2025-11-28 00:00:00+00:00,USDSROIS3M=,MID_PRICE,3.779
2025-12-01 00:00:00+00:00,USDSROIS3M=,MID_PRICE,3.7771
2025-12-02 00:00:00+00:00,USDSROIS3M=,MID_PRICE,3.7613
2025-12-03 00:00:00+00:00,USDSROIS3M=,MID_PRICE,3.7505
2025-12-04 00:00:00+00:00,USDSROIS3M=,MID_PRICE,3.7428
2025-12-05 00:00:00+00:00,USDSROIS3M=,MID_PRICE,3.7445
2025-12-08 00:00:00+00:00,USDSROIS3M=,MID_PRICE,3.7424
2025-12-09 00:00:00+00:00,USDSROIS3M=,MID_PRICE,3.7379
2025-12-10 00:00:00+00:00,USDSROIS3M=,MID_PRICE,3.7145
2025-12-11 00:00:00+00:00,USDSROIS3M=,MID_PRICE,3.7092
2025-12-12 00:00:00+00:00,USDSROIS3M=,MID_PRICE,3.7085
2025-12-15 00:00:00+00:00,USDSROIS3M=,MID_PRICE,3.7044
2025-12-16 00:00:00+00:00,USDSROIS3M=,MID_PRICE,3.705
2025-12-17 00:00:00+00:00,USDSROIS3M=,MID_PRICE,3.702
2025-12-18 00:00:00+00:00,USDSROIS3M=,MID_PRICE,3.6898
2025-12-19 00:00:00+00:00,USDSROIS3M=,MID_PRICE,3.6958
2025-12-22 00:00:00+00:00,USDSROIS3M=,MID_PRICE,3.6979
2025-12-23 00:00:00+00:00,USDSROIS3M=,MID_PRICE,3.699
2025-12-24 00:00:00+00:00,USDSROIS3M=,MID_PRICE,3.6865
2025-12-25 00:00:00+00:00,USDSROIS3M=,MID_PRICE,3.6865
2025-12-26 00:00:00+00:00,USDSROIS3M=,MID_PRICE,3.6698
2025-12-29 00:00:00+00:00,USDSROIS3M=,MID_PRICE,3.6656
2025-12-30 00:00:00+00:00,USDSROIS3M=,MID_PRICE,3.656
2025-12-31 00:00:00+00:00,USDSROIS3M=,MID_PRICE,3.6518
2026-01-01 00:00:00+00:00,USDSROIS3M=,MID_PRICE,3.6884
2026-01-02 00:00:00+00:00,USDSROIS3M=,MID_PRICE,3.6455
2026-01-05 00:00:00+00:00,USDSROIS3M=,MID_PRICE,3.6453
2026-01-06 00:00:00+00:00,USDSROIS3M=,MID_PRICE,3.6497
2026-01-07 00:00:00+00:00,USDSROIS3M=,MID_PRICE,3.6576
2026-01-08 00:00:00+00:00,USDSROIS3M=,MID_PRICE,3.6526
2026-01-09 00:00:00+00:00,USDSROIS3M=,MID_PRICE,3.6719
2026-01-12 00:00:00+00:00,USDSROIS3M=,MID_PRICE,3.6728
2026-01-13 00:00:00+00:00,USDSROIS3M=,MID_PRICE,3.6734
2026-01-14 00:00:00+00:00,USDSROIS3M=,MID_PRICE,3.6695
2026-01-15 00:00:00+00:00,USDSROIS3M=,MID_PRICE,3.6702
2026-01-16 00:00:00+00:00,USDSROIS3M=,MID_PRICE,3.6699
2026-01-19 00:00:00+00:00,USDSROIS3M=,MID_PRICE,3.6685
2026-01-20 00:00:00+00:00,USDSROIS3M=,MID_PRICE,3.6715
2026-01-21 00:00:00+00:00,USDSROIS3M=,MID_PRICE,3.671
2026-01-22 00:00:00+00:00,USDSROIS3M=,MID_PRICE,3.6723
2026-01-23 00:00:00+00:00,USDSROIS3M=,MID_PRICE,3.6719
2026-01-26 00:00:00+00:00,USDSROIS3M=,MID_PRICE,3.6727
2026-01-27 00:00:00+00:00,USDSROIS3M=,MID_PRICE,3.6654
2026-01-28 00:00:00+00:00,USDSROIS3M=,MID_PRICE,3.6705
2026-01-29 00:00:00+00:00,USDSROIS3M=,MID_PRICE,3.6596
2026-01-30 00:00:00+00:00,USDSROIS3M=,MID_PRICE,3.6599
2026-02-02 00:00:00+00:00,USDSROIS3M=,MID_PRICE,3.663
2026-02-03 00:00:00+00:00,USDSROIS3M=,MID_PRICE,3.6656
2026-02-04 00:00:00+00:00,USDSROIS3M=,MID_PRICE,3.6624
2026-02-05 00:00:00+00:00,USDSROIS3M=,MID_PRICE,3.6385
2026-02-06 00:00:00+00:00,USDSROIS3M=,MID_PRICE,3.6433
2026-02-09 00:00:00+00:00,USDSROIS3M=,MID_PRICE,3.6398
2026-02-10 00:00:00+00:00,USDSROIS3M=,MID_PRICE,3.6328
2026-02-11 00:00:00+00:00,USDSROIS3M=,MID_PRICE,3.6575
2026-02-12 00:00:00+00:00,USDSROIS3M=,MID_PRICE,3.6565
2026-02-13 00:00:00+00:00,USDSROIS3M=,MID_PRICE,3.654
2026-02-16 00:00:00+00:00,USDSROIS3M=,MID_PRICE,3.6525
2026-02-17 00:00:00+00:00,USDSROIS3M=,MID_PRICE,3.6589
2026-02-18 00:00:00+00:00,USDSROIS3M=,MID_PRICE,3.6666
2026-02-19 00:00:00+00:00,USDSROIS3M=,MID_PRICE,3.6666
2026-02-20 00:00:00+00:00,USDSROIS3M=,MID_PRICE,3.6704
2026-02-23 00:00:00+00:00,USDSROIS3M=,MID_PRICE,3.6712
2026-02-24 00:00:00+00:00,USDSROIS3M=,MID_PRICE,3.6723
2026-02-25 00:00:00+00:00,USDSROIS3M=,MID_PRICE,3.6694
2026-02-26 00:00:00+00:00,USDSROIS3M=,MID_PRICE,3.6635
2026-02-27 00:00:00+00:00,USDSROIS3M=,MID_PRICE,3.6534
2026-03-02 00:00:00+00:00,USDSROIS3M=,MID_PRICE,3.667
2026-03-03 00:00:00+00:00,USDSROIS3M=,MID_PRICE,3.6699
2026-03-04 00:00:00+00:00,USDSROIS3M=,MID_PRICE,3.6704
2026-03-05 00:00:00+00:00,USDSROIS3M=,MID_PRICE,3.6676
2026-03-06 00:00:00+00:00,USDSROIS3M=,MID_PRICE,3.6639
2026-03-09 00:00:00+00:00,USDSROIS3M=,MID_PRICE,3.6723
2026-03-10 00:00:00+00:00,USDSROIS3M=,MID_PRICE,3.6729
2026-03-11 00:00:00+00:00,USDSROIS3M=,MID_PRICE,3.6746
2026-03-12 00:00:00+00:00,USDSROIS3M=,MID_PRICE,3.6837
2026-03-13 00:00:00+00:00,USDSROIS3M=,MID_PRICE,3.6885
2026-03-16 00:00:00+00:00,USDSROIS3M=,MID_PRICE,3.6871
2026-03-17 00:00:00+00:00,USDSROIS3M=,MID_PRICE,3.686
2026-03-18 00:00:00+00:00,USDSROIS3M=,MID_PRICE,3.6958
2026-03-19 00:00:00+00:00,USDSROIS3M=,MID_PRICE,3.7043
2026-03-20 00:00:00+00:00,USDSROIS3M=,MID_PRICE,3.7167
2026-03-23 00:00:00+00:00,USDSROIS3M=,MID_PRICE,3.7085
2026-03-24 00:00:00+00:00,USDSROIS3M=,MID_PRICE,3.7092
2026-03-25 00:00:00+00:00,USDSROIS3M=,MID_PRICE,3.7003
2026-03-26 00:00:00+00:00,USDSROIS3M=,MID_PRICE,3.6992
2026-03-27 00:00:00+00:00,USDSROIS3M=,MID_PRICE,3.6848
2026-03-30 00:00:00+00:00,USDSROIS3M=,MID_PRICE,3.6828
2026-03-31 00:00:00+00:00,USDSROIS3M=,MID_PRICE,3.6762
2026-04-01 00:00:00+00:00,USDSROIS3M=,MID_PRICE,3.6774
2026-04-02 00:00:00+00:00,USDSROIS3M=,MID_PRICE,3.6751
2026-04-03 00:00:00+00:00,USDSROIS3M=,MID_PRICE,3.676
2026-04-06 00:00:00+00:00,USDSROIS3M=,MID_PRICE,3.678
2026-04-07 00:00:00+00:00,USDSROIS3M=,MID_PRICE,3.6741
2026-04-08 00:00:00+00:00,USDSROIS3M=,MID_PRICE,3.6708
2026-04-09 00:00:00+00:00,USDSROIS3M=,MID_PRICE,3.6711
2026-04-10 00:00:00+00:00,USDSROIS3M=,MID_PRICE,3.6752
2026-04-13 00:00:00+00:00,USDSROIS3M=,MID_PRICE,3.679
2026-04-14 00:00:00+00:00,USDSROIS3M=,MID_PRICE,3.6777
2026-04-15 00:00:00+00:00,USDSROIS3M=,MID_PRICE,3.6749
2026-04-16 00:00:00+00:00,USDSROIS3M=,MID_PRICE,3.6703
2026-04-17 00:00:00+00:00,USDSROIS3M=,MID_PRICE,3.6638
2026-04-20 00:00:00+00:00,USDSROIS3M=,MID_PRICE,3.6654
2026-04-21 00:00:00+00:00,USDSROIS3M=,MID_PRICE,3.6677
2026-04-22 00:00:00+00:00,USDSROIS3M=,MID_PRICE,3.667
2026-04-23 00:00:00+00:00,USDSROIS3M=,MID_PRICE,3.6693
2026-04-24 00:00:00+00:00,USDSROIS3M=,MID_PRICE,3.6663
2026-04-27 00:00:00+00:00,USDSROIS3M=,MID_PRICE,3.6649
2026-04-28 00:00:00+00:00,USDSROIS3M=,MID_PRICE,3.6636
2026-04-29 00:00:00+00:00,USDSROIS3M=,MID_PRICE,3.6658
2026-04-30 00:00:00+00:00,USDSROIS3M=,MID_PRICE,3.6562
2026-05-01 00:00:00+00:00,USDSROIS3M=,MID_PRICE,3.6554
2026-05-04 00:00:00+00:00,USDSROIS3M=,MID_PRICE,3.6549
2026-05-05 00:00:00+00:00,USDSROIS3M=,MID_PRICE,3.6506
2026-05-06 00:00:00+00:00,USDSROIS3M=,MID_PRICE,3.6466
2026-05-07 00:00:00+00:00,USDSROIS3M=,MID_PRICE,3.6468
2026-05-08 00:00:00+00:00,USDSROIS3M=,MID_PRICE,3.6431
2026-05-11 00:00:00+00:00,USDSROIS3M=,MID_PRICE,3.6502
2026-05-12 00:00:00+00:00,USDSROIS3M=,MID_PRICE,3.6495
2026-05-13 00:00:00+00:00,USDSROIS3M=,MID_PRICE,3.6488
2026-05-14 00:00:00+00:00,USDSROIS3M=,MID_PRICE,3.641
2026-05-15 00:00:00+00:00,USDSROIS3M=,MID_PRICE,3.6417
2026-05-18 00:00:00+00:00,USDSROIS3M=,MID_PRICE,3.6422
2026-05-19 00:00:00+00:00,USDSROIS3M=,MID_PRICE,3.6331
2026-05-20 00:00:00+00:00,USDSROIS3M=,MID_PRICE,3.6352
2026-05-21 00:00:00+00:00,USDSROIS3M=,MID_PRICE,3.6566
2026-05-22 00:00:00+00:00,USDSROIS3M=,MID_PRICE,3.6622
2026-05-25 00:00:00+00:00,USDSROIS3M=,MID_PRICE,3.6575
2026-05-26 00:00:00+00:00,USDSROIS3M=,MID_PRICE,3.661
2026-05-27 00:00:00+00:00,USDSROIS3M=,MID_PRICE,3.6578
2026-05-28 00:00:00+00:00,USDSROIS3M=,MID_PRICE,3.657
2026-05-29 00:00:00+00:00,USDSROIS3M=,MID_PRICE,3.6531
2026-06-01 00:00:00+00:00,USDSROIS3M=,MID_PRICE,3.6517
2026-06-02 00:00:00+00:00,USDSROIS3M=,MID_PRICE,3.6481
2026-06-03 00:00:00+00:00,USDSROIS3M=,MID_PRICE,3.6506
2026-06-04 00:00:00+00:00,USDSROIS3M=,MID_PRICE,3.6494
2026-06-05 00:00:00+00:00,USDSROIS3M=,MID_PRICE,3.66
2026-06-08 00:00:00+00:00,USDSROIS3M=,MID_PRICE,3.664
2026-06-09 00:00:00+00:00,USDSROIS3M=,MID_PRICE,3.6615
2026-06-10 00:00:00+00:00,USDSROIS3M=,MID_PRICE,3.6624
2026-06-11 00:00:00+00:00,USDSROIS3M=,MID_PRICE,3.6619
2026-06-12 00:00:00+00:00,USDSROIS3M=,MID_PRICE,3.6639
2026-06-15 00:00:00+00:00,USDSROIS3M=,MID_PRICE,3.6654
2026-06-16 00:00:00+00:00,USDSROIS3M=,MID_PRICE,3.6691
2026-06-17 00:00:00+00:00,USDSROIS3M=,MID_PRICE,3.7275
2026-06-18 00:00:00+00:00,USDSROIS3M=,MID_PRICE,3.731
2026-06-19 00:00:00+00:00,USDSROIS3M=,MID_PRICE,3.731
2026-06-22 00:00:00+00:00,USDSROIS3M=,MID_PRICE,3.7375
2026-06-23 00:00:00+00:00,USDSROIS3M=,MID_PRICE,3.7388
2026-06-24 00:00:00+00:00,USDSROIS3M=,MID_PRICE,3.7392
2026-06-25 00:00:00+00:00,USDSROIS3M=,MID_PRICE,3.7316
2026-06-26 00:00:00+00:00,USDSROIS3M=,MID_PRICE,3.7211
2026-06-29 00:00:00+00:00,USDSROIS3M=,MID_PRICE,3.7335
2026-06-30 00:00:00+00:00,USDSROIS3M=,MID_PRICE,3.7413
2026-07-01 00:00:00+00:00,USDSROIS3M=,MID_PRICE,3.7435
2026-07-02 00:00:00+00:00,USDSROIS3M=,MID_PRICE,3.7237
2026-07-03 00:00:00+00:00,USDSROIS3M=,MID_PRICE,3.733
2026-07-06 00:00:00+00:00,USDSROIS3M=,MID_PRICE,3.7369
2026-07-07 00:00:00+00:00,USDSROIS3M=,MID_PRICE,3.7465
2026-07-08 00:00:00+00:00,USDSROIS3M=,MID_PRICE,3.7547
2026-07-09 00:00:00+00:00,USDSROIS3M=,MID_PRICE,3.7373
2026-07-10 00:00:00+00:00,USDSROIS3M=,MID_PRICE,3.7663
2026-07-13 00:00:00+00:00,USDSROIS3M=,MID_PRICE,3.7964
2026-07-14 00:00:00+00:00,USDSROIS3M=,MID_PRICE,3.741
2026-07-15 00:00:00+00:00,USDSROIS3M=,MID_PRICE,3.7263
2026-07-16 00:00:00+00:00,USDSROIS3M=,MID_PRICE,3.7285
2026-07-17 00:00:00+00:00,USDSROIS3M=,MID_PRICE,3.7413
2026-07-20 00:00:00+00:00,USDSROIS3M=,MID_PRICE,3.7514
2026-07-21 00:00:00+00:00,USDSROIS3M=,MID_PRICE,3.7779
2026-07-22 00:00:00+00:00,USDSROIS3M=,MID_PRICE,3.812
2026-07-23 00:00:00+00:00,USDSROIS3M=,MID_PRICE,3.8296
2026-07-24 00:00:00+00:00,USDSROIS3M=,MID_PRICE,3.8404
2026-07-27 00:00:00+00:00,USDSROIS3M=,MID_PRICE,3.8431
