Date,IBIT_Net_Flow_USD,FBTC_Net_Flow_USD,BITB_Net_Flow_USD,ARKB_Net_Flow_USD,BTCO_Net_Flow_USD,EZBC_Net_Flow_USD,BRRR_Net_Flow_USD,HODL_Net_Flow_USD,BTCW_Net_Flow_USD,MSBT_Net_Flow_USD,GBTC_Net_Flow_USD,BTC_Net_Flow_USD,Total_Net_Flow_USD,Source_URL
2024-01-11,111700000,227000000,237900000,65300000,17400000,50100000,29400000,10600000,1000000,,-95100000,,655300000,https://farside.co.uk/bitcoin-etf-flow-all-data/
2024-01-12,386000000,195300000,17400000,39800000,28400000,0,20200000,0,0,,-484100000,,203000000,https://farside.co.uk/bitcoin-etf-flow-all-data/
2024-01-16,212700000,102000000,50200000,122300000,31900000,0,15300000,7300000,0,,-594400000,,-52700000,https://farside.co.uk/bitcoin-etf-flow-all-data/
2024-01-17,371400000,358100000,68200000,50300000,57600000,1200000,1200000,4800000,1600000,,-460600000,,453800000,https://farside.co.uk/bitcoin-etf-flow-all-data/
2024-01-18,145500000,177900000,20100000,41800000,58800000,0,9300000,2300000,0,,-582300000,,-126600000,https://farside.co.uk/bitcoin-etf-flow-all-data/
2024-01-19,201500000,222300000,56700000,62600000,63400000,0,10400000,14200000,2900000,,-590400000,,43600000,https://farside.co.uk/bitcoin-etf-flow-all-data/
2024-01-22,260600000.00000003,158700000,41600000,65000000,5600000,4700000,9700000,6800000,400000,,-640500000,,-87400000,https://farside.co.uk/bitcoin-etf-flow-all-data/
2024-01-23,160100000,157700000,26300000,61800000,0,1100000,0,2200000,0,,-515299999.99999994,,-106100000,https://farside.co.uk/bitcoin-etf-flow-all-data/
2024-01-24,66200000,125700000,19100000,24900000,19900000,1200000,9100000,4500000,400000,,-429300000,,-158300000,https://farside.co.uk/bitcoin-etf-flow-all-data/
2024-01-25,170700000,101000000,20000000,16100000.000000002,0,0,6500000,0,0,,-394100000,,-79800000,https://farside.co.uk/bitcoin-etf-flow-all-data/
2024-01-26,87100000,100100000,30900000,46400000,0,1200000,1800000,2400000,0,,-255100000,,14800000,https://farside.co.uk/bitcoin-etf-flow-all-data/
2024-01-29,198400000,208200000,20000000,17200000,3000000,0,0,0,0,,-191700000,,255100000,https://farside.co.uk/bitcoin-etf-flow-all-data/
2024-01-30,299200000,119200000,21900000,16800000,6300000,2500000,0,0,2100000,,-220700000,,247300000,https://farside.co.uk/bitcoin-etf-flow-all-data/
2024-01-31,116200000,232000000,17800000,14800000,1500000,0,600000,2400000,0,,-187700000,,197600000,https://farside.co.uk/bitcoin-etf-flow-all-data/
2024-02-01,163900000,35800000,4200000,15900000,0,0,0,0,700000,,-182000000,,38500000,https://farside.co.uk/bitcoin-etf-flow-all-data/
2024-02-02,105800000,78900000,11500000,22600000,0,2500000,0,2400000,900000,,-144600000,,80000000,https://farside.co.uk/bitcoin-etf-flow-all-data/
2024-02-05,137300000,38000000,0,0,0,0,0,0,700000,,-107900000,,68100000,https://farside.co.uk/bitcoin-etf-flow-all-data/
2024-02-06,45200000,37700000,11300000,8600000,0,0,0,2400000,1100000,,-72700000,,33600000,https://farside.co.uk/bitcoin-etf-flow-all-data/
2024-02-07,56200000,130100000,21400000,3300000,8600000,5100000,1200000,0,900000,,-80800000,,146000000,https://farside.co.uk/bitcoin-etf-flow-all-data/
2024-02-08,204100000,128300000.00000001,60500000,86400000,13400000,0,1900000,10300000,1700000,,-101600000,,405000000,https://farside.co.uk/bitcoin-etf-flow-all-data/
2024-02-09,250700000,188400000,29100000,136500000,-17400000,1400000,1400000,2700000,500000,,-51800000,,541500000,https://farside.co.uk/bitcoin-etf-flow-all-data/
2024-02-12,374700000,151900000,33000000,40000000,-20800000,0,1100000,8500000,0,,-95000000,,493400000,https://farside.co.uk/bitcoin-etf-flow-all-data/
2024-02-13,493100000,163600000,10800000,40000000,0,0,0,0,1600000,,-72800000,,636300000,https://farside.co.uk/bitcoin-etf-flow-all-data/
2024-02-14,224300000,118900000,47200000,101500000,-37500000,9000000,1000000,2900000,3600000,,-131199999.99999999,,339700000,https://farside.co.uk/bitcoin-etf-flow-all-data/
2024-02-15,330900000,97400000,120200000,88900000,1300000,3000000,7400000,2900000,0,,-174600000,,477400000,https://farside.co.uk/bitcoin-etf-flow-all-data/
2024-02-16,191400000,116700000,20900000,140000000,1000000,0,7900000,0,2800000,,-150400000,,330300000,https://farside.co.uk/bitcoin-etf-flow-all-data/
2024-02-20,154300000,71700000,11100000,27400000,0,0,0,5900000,2200000,,-137000000,,135600000,https://farside.co.uk/bitcoin-etf-flow-all-data/
2024-02-21,96500000,52500000,0,10700000,1000000,3000000,0,0,0,,-199300000,,-35600000,https://farside.co.uk/bitcoin-etf-flow-all-data/
2024-02-22,125100000,158900000,7900000,6700000,0,0,1200000,2900000,4400000,,-55700000,,251400000,https://farside.co.uk/bitcoin-etf-flow-all-data/
2024-02-23,167500000,52500000,12000000,34500000,0,1500000,0,8700000,0,,-44200000,,232500000,https://farside.co.uk/bitcoin-etf-flow-all-data/
2024-02-26,111800000,243300000,37200000,130600000,4400000,7900000,0,6200000,900000,,-22400000,,519900000,https://farside.co.uk/bitcoin-etf-flow-all-data/
2024-02-27,520200000.00000006,126000000,18400000,5400000,2600000,16600000.000000002,0,9700000,3600000,,-125600000,,576900000,https://farside.co.uk/bitcoin-etf-flow-all-data/
2024-02-28,612100000,245200000,9900000,23800000,0,0,0,-3400000,2200000,,-216400000,,673400000,https://farside.co.uk/bitcoin-etf-flow-all-data/
2024-02-29,603900000,44800000,21700000,9900000,-1500000,5400000,0,7000000,0,,-598900000,,92300000,https://farside.co.uk/bitcoin-etf-flow-all-data/
2024-03-01,202500000,49300000,42300000,55100000,0,5400000,0,-1800000,0,,-492400000,,-139600000,https://farside.co.uk/bitcoin-etf-flow-all-data/
2024-03-04,420100000,404600000,90900000,38200000,-25700000,7800000,3700000,-5700000,-3200000,,-368000000,,562700000,https://farside.co.uk/bitcoin-etf-flow-all-data/
2024-03-05,788300000,125600000,3700000,63700000,-14200000,3600000,0,3500000,6600000,,-332500000,,648300000,https://farside.co.uk/bitcoin-etf-flow-all-data/
2024-03-06,281700000,205700000,28600000,41300000,3000000,5800000,40700000,0,1400000,,-276200000,,332000000,https://farside.co.uk/bitcoin-etf-flow-all-data/
2024-03-07,244200000,473400000,41400000,42100000,0,0,41800000,1900000,2500000,,-374800000,,472500000,https://farside.co.uk/bitcoin-etf-flow-all-data/
2024-03-08,336300000,130300000.00000001,8000000,1700000,-7600000,8000000,41400000,7800000,0,,-302900000,,223000000,https://farside.co.uk/bitcoin-etf-flow-all-data/
2024-03-11,562900000,215500000,49800000,13000000,-9700000,0,43400000,118800000,5800000,,-494100000,,505400000,https://farside.co.uk/bitcoin-etf-flow-all-data/
2024-03-12,849000000,51600000,24600000,93000000,-19700000,0,39600000,82900000,3000000,,-79000000,,1045000000,https://farside.co.uk/bitcoin-etf-flow-all-data/
2024-03-13,586500000,281500000,5600000,44600000,0,19100000,4099999.9999999995,16500000,2300000,,-276500000,,683700000,https://farside.co.uk/bitcoin-etf-flow-all-data/
2024-03-14,345400000,13700000,0,3500000,0,4000000,9400000,13800000,0,,-257100000.00000003,,132699999.99999999,https://farside.co.uk/bitcoin-etf-flow-all-data/
2024-03-15,139800000,155600000,20500000,0,0,2000000,1200000,15800000,3300000,,-139400000,,198800000,https://farside.co.uk/bitcoin-etf-flow-all-data/
2024-03-18,451500000,5900000,17600000,2700000,0,0,4800000,5700000,0,,-642500000,,-154300000,https://farside.co.uk/bitcoin-etf-flow-all-data/
2024-03-19,75200000,39600000,2500000,0,0,0,0,0,0,,-443500000,,-326200000,https://farside.co.uk/bitcoin-etf-flow-all-data/
2024-03-20,49300000,12900000,18600000,23300000,-10200000,19000000,2900000,9300000,0,,-386600000,,-261500000,https://farside.co.uk/bitcoin-etf-flow-all-data/
2024-03-21,233400000,2900000,12000000,2000000,4200000,3800000,4700000,1800000,0,,-358800000,,-94000000,https://farside.co.uk/bitcoin-etf-flow-all-data/
2024-03-22,18900000,18100000,16300000,5400000,4500000,29600000,25500000,0,0,,-169900000,,-51600000,https://farside.co.uk/bitcoin-etf-flow-all-data/
2024-03-25,35500000,261800000,14000000,0,18500000,20500000,11200000,4000000,0,,-350100000,,15400000,https://farside.co.uk/bitcoin-etf-flow-all-data/
2024-03-26,162200000,279100000,16700000,73600000,26700000,26300000,29900000,15800000,0,,-212300000,,418000000,https://farside.co.uk/bitcoin-etf-flow-all-data/
2024-03-27,323800000,1500000,0,200700000,4800000,4000000,5100000,1900000,1500000,,-299800000,,243500000,https://farside.co.uk/bitcoin-etf-flow-all-data/
2024-03-28,95100000,68100000,67000000,27600000,3900000,0,6000000,20000000,0,,-104900000,,182800000,https://farside.co.uk/bitcoin-etf-flow-all-data/
2024-04-01,165900000,44000000,1100000,-300000,4200000,0,0,2000000,0,,-302600000,,-85700000,https://farside.co.uk/bitcoin-etf-flow-all-data/
2024-04-02,150500000,44800000,4300000,-87500000,0,0,3700000,5600000,0,,-81900000,,39500000,https://farside.co.uk/bitcoin-etf-flow-all-data/
2024-04-03,42000000,116700000,23000000,0,0,3800000,0,0,3100000,,-75100000,,113500000,https://farside.co.uk/bitcoin-etf-flow-all-data/
2024-04-04,144000000,106600000,11200000,12000000,0,0,3400000,15500000,0,,-79300000,,213400000,https://farside.co.uk/bitcoin-etf-flow-all-data/
2024-04-05,308800000,83000000,7400000,0,2700000,0,0,0,0,,-198900000,,203000000,https://farside.co.uk/bitcoin-etf-flow-all-data/
2024-04-08,21300000,6300000,40300000,9300000,0,0,0,0,2300000,,-303300000,,-223800000,https://farside.co.uk/bitcoin-etf-flow-all-data/
2024-04-09,128699999.99999999,3000000,3800000,0,0,0,0,0,0,,-154900000,,-19400000,https://farside.co.uk/bitcoin-etf-flow-all-data/
2024-04-10,33299999.999999996,76300000,24300000,7300000,0,0,0,0,0,,-17500000,,123700000,https://farside.co.uk/bitcoin-etf-flow-all-data/
2024-04-11,192100000,4600000,11100000,0,0,0,8400000,0,0,,-124900000,,91300000,https://farside.co.uk/bitcoin-etf-flow-all-data/
2024-04-12,111100000,0,0,0,0,0,0,0,0,,-166200000,,-55100000,https://farside.co.uk/bitcoin-etf-flow-all-data/
2024-04-15,73400000,0,0,0,0,0,0,0,0,,-110100000,,-36700000,https://farside.co.uk/bitcoin-etf-flow-all-data/
2024-04-16,25800000,1400000,0,-12900000,0,1800000,1700000,3600000,0,,-79400000,,-58000000,https://farside.co.uk/bitcoin-etf-flow-all-data/
2024-04-17,18100000,0,-7300000,-42700000,0,0,0,0,0,,-133100000,,-165000000,https://farside.co.uk/bitcoin-etf-flow-all-data/
2024-04-18,18800000,37400000,12800000,9500000,0,0,0,7200000,0,,-90000000,,-4300000,https://farside.co.uk/bitcoin-etf-flow-all-data/
2024-04-19,29300000,54800000,4900000,12500000,3900000,1900000,0,-1800000,0,,-45800000,,59700000,https://farside.co.uk/bitcoin-etf-flow-all-data/
2024-04-22,19700000,34800000,2200000,22600000,2700000,7700000,0,7500000,0,,-35000000,,62200000,https://farside.co.uk/bitcoin-etf-flow-all-data/
2024-04-23,37900000,4400000,23200000,33299999.999999996,-300000,1900000,0,-1900000,0,,-66900000.00000001,,31600000,https://farside.co.uk/bitcoin-etf-flow-all-data/
2024-04-24,0,5600000,0,4200000,0,0,0,0,0,,-130400000,,-120600000,https://farside.co.uk/bitcoin-etf-flow-all-data/
2024-04-25,0,-22600000,-6000000,-31300000,0,1900000,-20200000,0,0,,-139400000,,-217600000,https://farside.co.uk/bitcoin-etf-flow-all-data/
2024-04-26,0,-2800000,-3800000,5400000,0,0,0,0,0,,-82400000,,-83600000,https://farside.co.uk/bitcoin-etf-flow-all-data/
2024-04-29,0,-6900000,6800000,-31300000,0,1800000,2700000,0,0,,-24700000,,-51600000,https://farside.co.uk/bitcoin-etf-flow-all-data/
2024-04-30,0,-35300000,-34300000,3600000,-2400000,0,0,0,0,,-93200000,,-161600000,https://farside.co.uk/bitcoin-etf-flow-all-data/
2024-05-01,-36900000,-191100000,-29000000,-98100000,-5400000,-13400000,-9700000,-6500000,-6200000,,-167400000,,-563700000,https://farside.co.uk/bitcoin-etf-flow-all-data/
2024-05-02,0,0,0,13300000,1500000,3400000,2300000,0,0,,-54900000,,-34400000,https://farside.co.uk/bitcoin-etf-flow-all-data/
2024-05-03,12700000,102600000,33500000,28100000,33200000.000000004,60900000,35600000,8700000,0,,63000000,,378300000,https://farside.co.uk/bitcoin-etf-flow-all-data/
2024-05-06,21500000,99200000,2100000,75600000,11100000,1800000,0,1800000,0,,3900000,,217000000,https://farside.co.uk/bitcoin-etf-flow-all-data/
2024-05-07,0,4099999.9999999995,0,2800000,6000000,0,0,0,0,,-28600000,,-15700000,https://farside.co.uk/bitcoin-etf-flow-all-data/
2024-05-08,0,0,11500000,0,0,0,0,0,0,,0,,11500000,https://farside.co.uk/bitcoin-etf-flow-all-data/
2024-05-09,14200000,2700000,6800000,4400000,2200000,1800000,0,0,0,,-43400000,,-11300000,https://farside.co.uk/bitcoin-etf-flow-all-data/
2024-05-10,12400000,5300000,0,0,0,0,0,0,600000,,-103000000,,-84700000,https://farside.co.uk/bitcoin-etf-flow-all-data/
2024-05-13,0,38600000,20300000,0,0,0,0,7100000,0,,0,,66000000,https://farside.co.uk/bitcoin-etf-flow-all-data/
2024-05-14,0,8100000,0,133100000,5500000,1800000,1200000,1700000,0,,-50900000,,100500000,https://farside.co.uk/bitcoin-etf-flow-all-data/
2024-05-15,0,131300000.00000001,86300000,38600000,4600000,1900000,3700000,7500000,2100000,,27000000,,303000000,https://farside.co.uk/bitcoin-etf-flow-all-data/
2024-05-16,93700000,67099999.99999999,1400000,62000000,6200000,3800000,18500000,0,0,,4600000,,257300000,https://farside.co.uk/bitcoin-etf-flow-all-data/
2024-05-17,38100000,99400000,20800000,10000000,5700000,0,6400000,9500000,0,,31600000,,221500000,https://farside.co.uk/bitcoin-etf-flow-all-data/
2024-05-20,66400000.00000001,64000000,24000000,68300000,0,0,0,0,5200000,,9300000,,237200000,https://farside.co.uk/bitcoin-etf-flow-all-data/
2024-05-21,290000000,25800000,-4200000,0,0,0,0,-5900000,0,,0,,305700000,https://farside.co.uk/bitcoin-etf-flow-all-data/
2024-05-22,92000000,74600000,0,3500000,0,0,0,0,0,,-16100000.000000002,,154000000,https://farside.co.uk/bitcoin-etf-flow-all-data/
2024-05-23,89000000,19100000,0,2000000,2000000,0,0,9500000,0,,-13700000,,107900000,https://farside.co.uk/bitcoin-etf-flow-all-data/
2024-05-24,182100000,43700000,6400000,4099999.9999999995,0,0,0,15600000,0,,0,,251900000,https://farside.co.uk/bitcoin-etf-flow-all-data/
2024-05-28,102500000,34300000,3300000,4099999.9999999995,3400000,0,1200000,0,1400000,,-105200000,,45000000,https://farside.co.uk/bitcoin-etf-flow-all-data/
2024-05-29,24600000,17700000,11000000,4000000,1000000,0,0,0,1100000,,-31100000,,28300000,https://farside.co.uk/bitcoin-etf-flow-all-data/
2024-05-30,1600000,119100000,25900000,-99900000,2100000,0,0,0,0,,0,,48800000,https://farside.co.uk/bitcoin-etf-flow-all-data/
2024-05-31,169100000,5900000,0,0,0,0,0,-1900000,0,,-124300000,,48800000,https://farside.co.uk/bitcoin-etf-flow-all-data/
2024-06-03,0,77000000,14300000,10700000,0,0,0,2000000,1100000,,0,,105100000,https://farside.co.uk/bitcoin-etf-flow-all-data/
2024-06-04,274400000,378700000,61000000,138700000,0,0,1600000,4000000,0,,28200000,,886600000,https://farside.co.uk/bitcoin-etf-flow-all-data/
2024-06-05,155400000,220600000,18500000,71400000,3600000,0,0,4000000,0,,14600000,,488100000,https://farside.co.uk/bitcoin-etf-flow-all-data/
2024-06-06,349900000,3100000,-3100000,-96600000,0,0,0,2000000,0,,-37600000,,217700000,https://farside.co.uk/bitcoin-etf-flow-all-data/
2024-06-07,168300000,0,-7900000,6900000,0,0,0,0,0,,-36300000,,131000000,https://farside.co.uk/bitcoin-etf-flow-all-data/
2024-06-10,6300000,-3000000,7600000,0,-20500000,0,-15800000,0,0,,-39500000,,-64900000.00000001,https://farside.co.uk/bitcoin-etf-flow-all-data/
2024-06-11,0,-7400000,-11700000,-56500000,0,0,0,-3800000,0,,-121000000,,-200400000,https://farside.co.uk/bitcoin-etf-flow-all-data/
2024-06-12,15600000,50600000,14500000,8500000,0,0,0,11600000,0,,0,,100800000,https://farside.co.uk/bitcoin-etf-flow-all-data/
2024-06-13,18200000,-106400000,-9800000,-52700000,-2700000,0,0,-11300000,0,,-61500000,,-226200000,https://farside.co.uk/bitcoin-etf-flow-all-data/
2024-06-14,1500000,-80100000,-7100000,-49000000,-2900000,0,0,0,0,,-52300000,,-189900000,https://farside.co.uk/bitcoin-etf-flow-all-data/
2024-06-17,0,-92000000,2900000,-50000000,0,0,0,-3800000,0,,-3000000,,-145900000,https://farside.co.uk/bitcoin-etf-flow-all-data/
2024-06-18,0,-83100000,-7000000,0,0,0,0,0,0,,-62300000,,-152400000,https://farside.co.uk/bitcoin-etf-flow-all-data/
2024-06-20,1500000,-51100000,-31500000,0,-2000000,0,0,-3700000,0,,-53100000,,-139900000,https://farside.co.uk/bitcoin-etf-flow-all-data/
2024-06-21,0,-44800000,0,-28800000,0,1900000,0,0,0,,-34200000,,-105900000,https://farside.co.uk/bitcoin-etf-flow-all-data/
2024-06-24,0,-35200000,-8199999.999999999,-7200000,-2400000,-20900000,0,-10200000,0,,-90400000,,-174500000,https://farside.co.uk/bitcoin-etf-flow-all-data/
2024-06-25,0,48800000,15200000,-6200000,0,0,0,3500000,0,,-30300000,,31000000,https://farside.co.uk/bitcoin-etf-flow-all-data/
2024-06-26,0,18600000,0,-4900000,0,0,0,3400000,0,,4300000,,21400000,https://farside.co.uk/bitcoin-etf-flow-all-data/
2024-06-27,0,6700000,8000000,1800000,3100000,3600000,0,0,0,,-11400000,,11800000,https://farside.co.uk/bitcoin-etf-flow-all-data/
2024-06-28,82400000,-25000000,0,42800000,0,0,0,0,0,,-27200000,,73000000,https://farside.co.uk/bitcoin-etf-flow-all-data/
2024-07-01,0,65000000,41400000,12700000,3200000,1800000,0,5400000,0,,0,,129500000,https://farside.co.uk/bitcoin-etf-flow-all-data/
2024-07-02,14100000,5400000,-6800000,2500000,0,0,0,3500000,0,,-32400000,,-13700000,https://farside.co.uk/bitcoin-etf-flow-all-data/
2024-07-03,0,6500000,0,0,0,0,0,0,0,,-27000000,,-20500000,https://farside.co.uk/bitcoin-etf-flow-all-data/
2024-07-05,0,117400000,30200000,11300000,0,0,0,12800000,0,,-28600000,,143100000,https://farside.co.uk/bitcoin-etf-flow-all-data/
2024-07-08,187200000,61500000,11000000,8400000,0,0,0,1600000,0,,25100000,,294800000,https://farside.co.uk/bitcoin-etf-flow-all-data/
2024-07-09,121000000,91000000,-4700000,43300000,0,0,0,3300000,0,,-37500000,,216400000,https://farside.co.uk/bitcoin-etf-flow-all-data/
2024-07-10,22200000,57800000,4700000,5700000,9500000,31700000,20700000,3300000,0,,-8199999.999999999,,147400000,https://farside.co.uk/bitcoin-etf-flow-all-data/
2024-07-11,72100000,32700000.000000004,7500000,4300000,0,0,0,0,0,,-37700000,,78900000,https://farside.co.uk/bitcoin-etf-flow-all-data/
2024-07-12,120000000,115100000,28400000,13000000,4000000,0,0,6600000,0,,23000000,,310100000,https://farside.co.uk/bitcoin-etf-flow-all-data/
2024-07-15,117200000,36100000,15200000,117200000,7900000,3700000,0,3600000,0,,0,,300900000,https://farside.co.uk/bitcoin-etf-flow-all-data/
2024-07-16,260200000,61100000,17300000,29800000,20500000,9400000,2200000,22000000,0,,0,,422500000,https://farside.co.uk/bitcoin-etf-flow-all-data/
2024-07-17,110400000,2800000,-6000000,0,0,0,0,0,0,,-53900000,,53300000,https://farside.co.uk/bitcoin-etf-flow-all-data/
2024-07-18,102700000,2800000,0,-47600000,0,0,0,1800000,0,,-22500000,,37200000,https://farside.co.uk/bitcoin-etf-flow-all-data/
2024-07-19,116200000,141000000,44600000,43600000,6400000,3900000,7600000,41800000,1800000,,20300000,,427200000,https://farside.co.uk/bitcoin-etf-flow-all-data/
2024-07-22,526700000.00000006,23700000,-47700000,0,13700000,7900000,0,-38400000,0,,0,,485900000,https://farside.co.uk/bitcoin-etf-flow-all-data/
2024-07-23,71900000,0,-70300000,-52300000,0,0,0,0,0,,-27300000,,-78000000,https://farside.co.uk/bitcoin-etf-flow-all-data/
2024-07-24,66000000,1400000,0,3300000,0,0,0,0,0,,-26200000,,44500000,https://farside.co.uk/bitcoin-etf-flow-all-data/
2024-07-25,70700000,0,0,0,0,0,0,0,0,,-39600000,,31100000,https://farside.co.uk/bitcoin-etf-flow-all-data/
2024-07-26,23200000,4500000,31400000,0,0,0,0,19200000,0,,-26500000,,51800000,https://farside.co.uk/bitcoin-etf-flow-all-data/
2024-07-29,205600000,-5900000,-21300000,0,0,0,0,0,0,,-54300000,,124100000,https://farside.co.uk/bitcoin-etf-flow-all-data/
2024-07-30,74900000,-2900000,-3200000,-7900000,0,0,0,-5600000,0,,-73600000,,-18300000,https://farside.co.uk/bitcoin-etf-flow-all-data/
2024-07-31,21000000,-31600000,-2500000,-4600000,0,0,0,0,0,,0,18000000,300000,https://farside.co.uk/bitcoin-etf-flow-all-data/
2024-08-01,25900000,-48400000,-20700000,-22400000,0,0,0,-3600000,0,,-71300000,191100000,50600000,https://farside.co.uk/bitcoin-etf-flow-all-data/
2024-08-02,42800000,-104100000,-29400000,-87700000,0,0,0,-23000000,0,,-45900000,9900000,-237400000,https://farside.co.uk/bitcoin-etf-flow-all-data/
2024-08-05,0,-58000000,2900000,-69000000,0,0,0,3000000,0,,-69100000,21800000,-168400000,https://farside.co.uk/bitcoin-etf-flow-all-data/
2024-08-06,0,-64500000,0,-28900000,0,-23000000,0,0,0,,-32200000.000000004,0,-148600000,https://farside.co.uk/bitcoin-etf-flow-all-data/
2024-08-07,52500000,0,3000000,0,0,0,0,0,10500000,,-30600000,9700000,45100000,https://farside.co.uk/bitcoin-etf-flow-all-data/
2024-08-08,157600000,65200000,0,32799999.999999996,0,0,0,3400000,118500000,,-182900000,0,194600000,https://farside.co.uk/bitcoin-etf-flow-all-data/
2024-08-09,9600000,-19800000,-18100000,0,0,0,0,0,0,,-77000000,15600000,-89700000,https://farside.co.uk/bitcoin-etf-flow-all-data/
2024-08-12,13400000,0,-17100000,35400000,0,0,0,0,0,,-11800000,7900000,27800000,https://farside.co.uk/bitcoin-etf-flow-all-data/
2024-08-13,34600000,22600000,16500000,-6100000,0,0,0,0,0,,-28600000,0,39000000,https://farside.co.uk/bitcoin-etf-flow-all-data/
2024-08-14,2700000,-18000000,-5800000,-6800000,0,3400000,0,0,0,,-56900000,0,-81400000,https://farside.co.uk/bitcoin-etf-flow-all-data/
2024-08-15,0,16200000,6200000,0,0,0,0,0,0,,-25000000,13700000,11100000,https://farside.co.uk/bitcoin-etf-flow-all-data/
2024-08-16,20400000,61300000,12000000,13400000,0,1700000,0,0,0,,-72900000,0,35900000,https://farside.co.uk/bitcoin-etf-flow-all-data/
2024-08-19,92700000,3900000,-25700000,0,-8800000,0,0,0,0,,0,0,62100000,https://farside.co.uk/bitcoin-etf-flow-all-data/
2024-08-20,55400000,0,-6500000,51900000,0,0,0,0,0,,-12800000,0,88000000,https://farside.co.uk/bitcoin-etf-flow-all-data/
2024-08-21,8400000,10700000,10000000,0,2500000,3500000,0,0,0,,-9800000,14200000,39500000,https://farside.co.uk/bitcoin-etf-flow-all-data/
2024-08-22,75500000,9200000,-11500000,7800000,0,0,0,3400000,4800000,,-28400000,4000000,64800000,https://farside.co.uk/bitcoin-etf-flow-all-data/
2024-08-23,86800000,64000000,42300000,23800000,3200000,0,2300000,14400000,0,,-35600000,50800000,252000000,https://farside.co.uk/bitcoin-etf-flow-all-data/
2024-08-26,224100000,-8300000.000000001,-16600000.000000002,0,0,5500000,0,-7200000,5100000,,0,0,202600000,https://farside.co.uk/bitcoin-etf-flow-all-data/
2024-08-27,0,0,-6800000,-102000000,0,0,0,0,0,,-18300000,0,-127100000,https://farside.co.uk/bitcoin-etf-flow-all-data/
2024-08-28,0,-10400000,-8700000,-59300000,0,0,0,-10100000,0,,-8000000,-8800000,-105300000,https://farside.co.uk/bitcoin-etf-flow-all-data/
2024-08-29,-13500000,-31100000,-8100000,5300000,0,0,-1700000,0,0,,-22700000,0,-71800000,https://farside.co.uk/bitcoin-etf-flow-all-data/
2024-08-30,0,-12900000,-16399999.999999998,-65000000,-11100000,0,0,0,0,,-70200000,0,-175600000,https://farside.co.uk/bitcoin-etf-flow-all-data/
2024-09-03,0,-162300000,-25000000,-33600000,-2300000,-8400000,-2500000,-3300000,0,,-50400000,0,-287800000,https://farside.co.uk/bitcoin-etf-flow-all-data/
2024-09-04,0,-7600000,9500000,0,0,0,0,-4900000,0,,-34200000,0,-37200000,https://farside.co.uk/bitcoin-etf-flow-all-data/
2024-09-05,0,-149500000,-30000000,0,0,0,0,0,0,,-23200000,-8400000,-211100000,https://farside.co.uk/bitcoin-etf-flow-all-data/
2024-09-06,0,-85500000,-14300000,-7200000,0,0,-4600000,0,0,,-52900000,-5500000,-170000000,https://farside.co.uk/bitcoin-etf-flow-all-data/
2024-09-09,-9100000,28600000,22000000,6800000,3100000,0,0,0,0,,-22800000,0,28600000,https://farside.co.uk/bitcoin-etf-flow-all-data/
2024-09-10,0,63200000,0,12700000,0,0,0,0,0,,0,41100000,117000000,https://farside.co.uk/bitcoin-etf-flow-all-data/
2024-09-11,0,12600000,0,-54000000,2600000,0,0,0,0,,-4600000,-500000,-43900000,https://farside.co.uk/bitcoin-etf-flow-all-data/
2024-09-12,0,11500000,2200000,18300000,0,3400000,0,4900000,0,,-6500000,5200000,39000000,https://farside.co.uk/bitcoin-etf-flow-all-data/
2024-09-13,0,102100000,43100000,99300000,0,5200000,1700000,5100000,0,,6700000,0,263200000,https://farside.co.uk/bitcoin-etf-flow-all-data/
2024-09-16,15800000,5100000,0,0,0,5000000,0,4900000,0,,-20800000,2800000,12800000,https://farside.co.uk/bitcoin-etf-flow-all-data/
2024-09-17,0,56600000,45400000,42200000,10200000,8700000,0,20500000,3200000,,0,0,186800000,https://farside.co.uk/bitcoin-etf-flow-all-data/
2024-09-18,0,0,-3900000,-43400000,0,0,0,0,0,,-8100000,2700000,-52700000,https://farside.co.uk/bitcoin-etf-flow-all-data/
2024-09-19,0,49900000,10400000,81100000,0,7400000,0,0,0,,0,9500000,158300000,https://farside.co.uk/bitcoin-etf-flow-all-data/
2024-09-20,0,26100000,15100000,22000000,3100000,0,5200000,7100000,0,,0,13400000,92000000,https://farside.co.uk/bitcoin-etf-flow-all-data/
2024-09-23,11500000,24900000,0,0,0,0,0,0,0,,-40300000,8400000,4500000,https://farside.co.uk/bitcoin-etf-flow-all-data/
2024-09-24,98900000,16800000,17400000,0,0,0,0,0,0,,0,2900000,136000000,https://farside.co.uk/bitcoin-etf-flow-all-data/
2024-09-25,184400000,-33200000.000000004,2100000,-47400000,0,0,0,0,0,,0,0,105900000,https://farside.co.uk/bitcoin-etf-flow-all-data/
2024-09-26,93400000,74000000,50400000,113800000,6500000,5700000,4600000,22100000,0,,-7700000,2900000,365700000,https://farside.co.uk/bitcoin-etf-flow-all-data/
2024-09-27,110800000,123600000,12900000,203100000,3300000,0,3300000,11200000,0,,26200000,0,494400000,https://farside.co.uk/bitcoin-etf-flow-all-data/
2024-09-30,72200000,8300000.000000001,-9700000,-9500000,0,0,0,0,0,,0,0,61300000,https://farside.co.uk/bitcoin-etf-flow-all-data/
2024-10-01,40800000,-144700000,-32700000.000000004,-84300000,0,0,0,-15800000,0,,-5900000,0,-242600000,https://farside.co.uk/bitcoin-etf-flow-all-data/
2024-10-02,-13700000,21100000,-11500000,-60300000,0,0,0,0,0,,-27300000,0,-91700000,https://farside.co.uk/bitcoin-etf-flow-all-data/
2024-10-03,36000000,-37200000,2600000,-58000000,2400000,0,0,0,0,,0,0,-54200000,https://farside.co.uk/bitcoin-etf-flow-all-data/
2024-10-04,0,13600000,15300000,5300000,0,0,0,5300000,0,,-13900000,0,25600000,https://farside.co.uk/bitcoin-etf-flow-all-data/
2024-10-07,97900000,103700000,13100000,12600000,2500000,0,0,5400000,0,,0,0,235200000,https://farside.co.uk/bitcoin-etf-flow-all-data/
2024-10-08,39600000,-48800000,0,0,0,0,0,0,0,,-9400000,0,-18600000,https://farside.co.uk/bitcoin-etf-flow-all-data/
2024-10-09,13900000,0,-10000000,-44500000,0,0,0,0,0,,0,0,-40600000,https://farside.co.uk/bitcoin-etf-flow-all-data/
2024-10-10,-10800000,-33800000,-6200000,-30300000,0,0,0,0,0,,-18500000,-21200000,-120800000,https://farside.co.uk/bitcoin-etf-flow-all-data/
2024-10-11,0,117100000,38800000,97600000,7900000,0,0,14300000,0,,-22100000,0,253600000,https://farside.co.uk/bitcoin-etf-flow-all-data/
2024-10-14,79500000,239300000,100200000,69800000,4900000,5700000,2800000,11200000,0,,37800000,4700000,555900000,https://farside.co.uk/bitcoin-etf-flow-all-data/
2024-10-15,288800000,35000000,700000,14700000,0,0,0,7600000,2800000,,8000000,13400000,371000000,https://farside.co.uk/bitcoin-etf-flow-all-data/
2024-10-16,393400000,14800000,12900000,11500000,6400000,11800000,1900000,5800000,0,,0,0,458500000,https://farside.co.uk/bitcoin-etf-flow-all-data/
2024-10-17,309000000,11700000,0,100200000,0,3900000,0,0,0,,45700000,0,470500000,https://farside.co.uk/bitcoin-etf-flow-all-data/
2024-10-18,70400000,18000000,36000000,109900000,16100000.000000002,0,0,23300000,0,,0,0,273700000,https://farside.co.uk/bitcoin-etf-flow-all-data/
2024-10-21,329000000,5900000,-22100000,-6100000,0,0,0,-7600000,0,,-4800000,0,294300000,https://farside.co.uk/bitcoin-etf-flow-all-data/
2024-10-22,43000000,8800000,0,-134700000,0,0,0,3800000,0,,0,0,-79100000,https://farside.co.uk/bitcoin-etf-flow-all-data/
2024-10-23,317500000,0,-25200000,-99000000,0,0,0,-5600000,0,,0,4700000,192400000,https://farside.co.uk/bitcoin-etf-flow-all-data/
2024-10-24,165500000,0,29600000,0,0,0,0,0,0,,-7100000,0,188000000,https://farside.co.uk/bitcoin-etf-flow-all-data/
2024-10-25,292000000,56900000,2500000,33400000,0,0,0,11300000,0,,0,5900000,402000000,https://farside.co.uk/bitcoin-etf-flow-all-data/
2024-10-28,315200000,44100000,38700000,59800000,0,0,0,0,0,,0,21600000,479400000,https://farside.co.uk/bitcoin-etf-flow-all-data/
2024-10-29,642900000,133900000,52500000,12400000,0,0,0,16500000,0,,-17300000,29200000,870100000,https://farside.co.uk/bitcoin-etf-flow-all-data/
2024-10-30,872000000,12600000,-23900000,7200000,7200000,0,6100000,4099999.9999999995,0,,0,8000000,893300000,https://farside.co.uk/bitcoin-etf-flow-all-data/
2024-10-31,318800000,-75200000,-74000000,-94200000,0,0,1900000,-13900000,0,,-31100000,0,32299999.999999996,https://farside.co.uk/bitcoin-etf-flow-all-data/
2024-11-01,0,-25600000,-5600000,-24100000,0,0,-1700000,-5900000,0,,-5500000,13500000,-54900000,https://farside.co.uk/bitcoin-etf-flow-all-data/
2024-11-04,38400000,-169600000,-79800000,-138300000,0,-17600000,-5700000,-15300000,0,,-63700000,-89500000,-541100000,https://farside.co.uk/bitcoin-etf-flow-all-data/
2024-11-05,-44200000,-68200000,19300000,-12500000,0,-6000000,-1300000,-3900000,0,,0,0,-116800000,https://farside.co.uk/bitcoin-etf-flow-all-data/
2024-11-06,-69100000,308800000,100900000,127000000,0,0,-2600000,17200000,0,,30900000,108800000,621900000,https://farside.co.uk/bitcoin-etf-flow-all-data/
2024-11-07,1119900000,190900000,13400000,17600000,0,0,0,4300000,0,,7300000,20400000,1373800000,https://farside.co.uk/bitcoin-etf-flow-all-data/
2024-11-08,206100000,33500000,23000000,0,0,17800000,0,13000000,0,,0,0,293400000,https://farside.co.uk/bitcoin-etf-flow-all-data/
2024-11-11,756500000,135100000,42700000,108600000,8700000,10100000,0,0,0,,24200000,28200000,1114100000,https://farside.co.uk/bitcoin-etf-flow-all-data/
2024-11-12,778300000,37200000,0,-5400000,0,0,0,10100000,0,,-17800000,15100000,817500000,https://farside.co.uk/bitcoin-etf-flow-all-data/
2024-11-13,230800000,186100000,12300000,14500000,0,0,0,5100000,0,,0,61300000,510100000,https://farside.co.uk/bitcoin-etf-flow-all-data/
2024-11-14,126500000,-179200000,-113900000,-161700000,0,0,0,2500000,0,,-69600000,-5300000,-400700000,https://farside.co.uk/bitcoin-etf-flow-all-data/
2024-11-15,0,-175100000,-7400000,-108600000,0,0,-1700000,-7700000,0,,-22500000,-47000000,-370000000,https://farside.co.uk/bitcoin-etf-flow-all-data/
2024-11-18,89300000,60000000,24400000,13200000,0,0,0,7700000,0,,5800000,54400000,254800000,https://farside.co.uk/bitcoin-etf-flow-all-data/
2024-11-19,216100000,256100000.00000003,52800000,267300000,0,0,0,7900000,0,,16200000,13100000,829500000,https://farside.co.uk/bitcoin-etf-flow-all-data/
2024-11-20,626500000,133900000,9200000,3800000,0,0,0,0,0,,0,,773400000,https://farside.co.uk/bitcoin-etf-flow-all-data/
2024-11-21,608400000,301000000,68000000,17200000,0,5700000,0,5600000,0,,-7800000,7000000,1005100000,https://farside.co.uk/bitcoin-etf-flow-all-data/
2024-11-22,513200000.00000006,21700000,0,0,5000000,0,6200000,5600000,0,,-67099999.99999999,5700000,490300000,https://farside.co.uk/bitcoin-etf-flow-all-data/
2024-11-25,267800000,-134700000,-280700000,-110900000,-10900000,0,0,-8100000,0,,-158200000,400000,-435300000,https://farside.co.uk/bitcoin-etf-flow-all-data/
2024-11-26,0,-95700000,6500000,0,-2300000,0,0,0,0,,-36100000,4800000,-122800000,https://farside.co.uk/bitcoin-etf-flow-all-data/
2024-11-27,0,40200000,48000000,0,0,2800000,0,0,0,,0,12000000,103000000,https://farside.co.uk/bitcoin-etf-flow-all-data/
2024-11-29,137500000,106500000,26500000,7800000,0,0,0,33100000,0,,0,8600000,320000000,https://farside.co.uk/bitcoin-etf-flow-all-data/
2024-12-02,338300000,25100000,0,17200000,0,5600000,0,-10900000,0,,-28100000,6400000,353600000,https://farside.co.uk/bitcoin-etf-flow-all-data/
2024-12-03,693300000,52200000,7800000,-93500000,0,0,0,16200000,0,,0,0,676000000,https://farside.co.uk/bitcoin-etf-flow-all-data/
2024-12-04,571700000,17300000,6400000,0,0,0,0,0,0,,-94300000,55700000,556800000,https://farside.co.uk/bitcoin-etf-flow-all-data/
2024-12-05,770500000,47500000,-10200000,12300000,0,0,0,0,0,,-148800000,95400000,766700000,https://farside.co.uk/bitcoin-etf-flow-all-data/
2024-12-06,257000000,120200000,0,24900000,0,0,0,0,0,,-32299999.999999996,6800000,376600000,https://farside.co.uk/bitcoin-etf-flow-all-data/
2024-12-09,394100000,175500000,-39000000,-34300000,0,0,0,0,0,,-24400000,7200000,479100000,https://farside.co.uk/bitcoin-etf-flow-all-data/
2024-12-10,295600000,210500000,0,5800000,-11600000,0,0,-5400000,0,,-62800000,6400000,438500000,https://farside.co.uk/bitcoin-etf-flow-all-data/
2024-12-11,0,121900000,12200000,52700000,0,0,-2400000,2900000,0,,20100000,15700000,223100000,https://farside.co.uk/bitcoin-etf-flow-all-data/
2024-12-12,431600000,30500000,61400000,9000000,0,0,0,0,2600000,,-48400000,110800000,597500000,https://farside.co.uk/bitcoin-etf-flow-all-data/
2024-12-13,393000000,60000000,33200000.000000004,28400000,0,0,0,8600000,7000000,,-105800000,4500000,428900000,https://farside.co.uk/bitcoin-etf-flow-all-data/
2024-12-16,418200000,116100000,30700000,47700000,0,0,0,0,0,,17600000,6600000,636900000,https://farside.co.uk/bitcoin-etf-flow-all-data/
2024-12-17,741400000,-128199999.99999999,-24400000,-17000000,0,0,0,3000000,0,,-84700000,3800000,493900000,https://farside.co.uk/bitcoin-etf-flow-all-data/
2024-12-18,359600000,0,-16600000.000000002,-6600000,-25200000,0,0,0,0,,-35900000,0,275300000,https://farside.co.uk/bitcoin-etf-flow-all-data/
2024-12-19,0,-208500000,-43600000,-108400000,-26000000,0,0,-10900000,2000000,,-87900000,-188600000,-671900000,https://farside.co.uk/bitcoin-etf-flow-all-data/
2024-12-20,-72700000,-71900000,0,-87000000,0,5600000,0,0,0,,-57400000,6400000,-277000000,https://farside.co.uk/bitcoin-etf-flow-all-data/
2024-12-23,31700000,-146000000,-23700000,-15700000,-25600000,0,0,-2600000,0,,-38400000,-6200000,-226500000,https://farside.co.uk/bitcoin-etf-flow-all-data/
2024-12-24,-188700000,-83200000,8500000,-75000000,0,0,0,0,0,,0,0,-338400000,https://farside.co.uk/bitcoin-etf-flow-all-data/
2024-12-26,56500000,254400000,-8300000.000000001,186900000,0,0,0,2700000,0,,-24200000,7200000,475200000,https://farside.co.uk/bitcoin-etf-flow-all-data/
2024-12-27,79400000,-208200000,-36000000,-112600000,-14200000,0,0,0,0,,3700000,0,-287900000,https://farside.co.uk/bitcoin-etf-flow-all-data/
2024-12-30,-36500000,-154600000,-31400000,-26400000,0,0,0,0,0,,-134500000,-31700000,-415100000,https://farside.co.uk/bitcoin-etf-flow-all-data/
2024-12-31,-23500000,36800000,8700000,-11200000,0,0,0,0,0,,-9600000,4099999.9999999995,5300000,https://farside.co.uk/bitcoin-etf-flow-all-data/
2025-01-02,-332600000,36200000,48300000,16500000,0,0,0,5500000,0,,-23100000,6900000,-242300000,https://farside.co.uk/bitcoin-etf-flow-all-data/
2025-01-03,253100000,357000000,61100000,222600000,0,0,0,5600000,0,,0,8700000,908100000,https://farside.co.uk/bitcoin-etf-flow-all-data/
2025-01-06,209100000,370200000,71200000,152900000,0,8900000,0,17300000,0,,73800000,75200000,978600000,https://farside.co.uk/bitcoin-etf-flow-all-data/
2025-01-07,596100000,-86300000,-113800000,-212600000,0,-5600000,0,0,0,,-125400000,0,52400000,https://farside.co.uk/bitcoin-etf-flow-all-data/
2025-01-08,-124000000,-258700000,-11300000,-148300000,-9400000,-8199999.999999999,0,0,0,,-8900000,0,-568800000,https://farside.co.uk/bitcoin-etf-flow-all-data/
2025-01-10,-183600000,16600000.000000002,-1600000,5700000,0,0,0,0,0,,13500000,0,-149400000,https://farside.co.uk/bitcoin-etf-flow-all-data/
2025-01-13,29500000,-113600000,-18600000,-92400000,0,0,0,0,0,,-89000000,0,-284100000,https://farside.co.uk/bitcoin-etf-flow-all-data/
2025-01-14,-219500000,0,-8900000,2900000,0,0,0,5500000,10200000,,0,0,-209800000,https://farside.co.uk/bitcoin-etf-flow-all-data/
2025-01-15,31900000,463100000,32700000.000000004,138800000,4500000,2900000,0,17000000,0,,50500000,13700000,755100000,https://farside.co.uk/bitcoin-etf-flow-all-data/
2025-01-16,527900000,4400000,2700000,155400000,0,0,0,5700000,0,,-70000000,0,626100000,https://farside.co.uk/bitcoin-etf-flow-all-data/
2025-01-17,375900000,326300000,208100000,97200000,6300000,0,0,11900000,4500000,,20800000,21800000,1072800000,https://farside.co.uk/bitcoin-etf-flow-all-data/
2025-01-21,661900000,7000000,-17400000,8500000,0,6200000,0,0,0,,0,136400000,802600000,https://farside.co.uk/bitcoin-etf-flow-all-data/
2025-01-22,344300000,0,-34700000,-13000000,0,0,0,0,0,,-47900000,0,248700000,https://farside.co.uk/bitcoin-etf-flow-all-data/
2025-01-23,154600000,9200000,42100000,8400000,12400000,0,0,0,0,,-49900000,11900000,188700000,https://farside.co.uk/bitcoin-etf-flow-all-data/
2025-01-24,155700000,186100000,-8600000,168700000,0,0,0,0,2800000,,0,13000000,517700000.00000006,https://farside.co.uk/bitcoin-etf-flow-all-data/
2025-01-27,63900000,-268600000,-88600000,-50100000,0,0,0,-5700000,0,,-108500000,0,-457600000,https://farside.co.uk/bitcoin-etf-flow-all-data/
2025-01-28,30100000,0,0,-11700000,0,0,0,0,0,,0,0,18400000,https://farside.co.uk/bitcoin-etf-flow-all-data/
2025-01-29,-28400000,18200000,-4000000,0,0,0,0,0,0,,0,106200000,92000000,https://farside.co.uk/bitcoin-etf-flow-all-data/
2025-01-30,321500000,209100000,23000000,12600000,5200000,6100000,0,6000000,0,,0,4600000,588100000,https://farside.co.uk/bitcoin-etf-flow-all-data/
2025-01-31,363800000,0,-56000000,35600000,0,0,0,5800000,0,,-30600000,0,318600000,https://farside.co.uk/bitcoin-etf-flow-all-data/
2025-02-03,0,-177600000,-5500000,-50700000,0,0,0,-8600000,0,,8000000,0,-234400000,https://farside.co.uk/bitcoin-etf-flow-all-data/
2025-02-04,249000000,0,16100000.000000002,56100000,0,0,0,0,0,,19500000,0,340700000,https://farside.co.uk/bitcoin-etf-flow-all-data/
2025-02-05,44400000,10600000,0,0,0,0,0,0,11400000,,0,0,66400000.00000001,https://farside.co.uk/bitcoin-etf-flow-all-data/
2025-02-06,0,-103200000,0,0,0,0,0,0,0,,-42200000,5200000,-140200000,https://farside.co.uk/bitcoin-etf-flow-all-data/
2025-02-07,21900000,52500000,10500000,59000000,0,5600000,0,21800000,0,,0,0,171300000,https://farside.co.uk/bitcoin-etf-flow-all-data/
2025-02-10,55400000,-136100000,0,0,-34000000,-19800000,0,-5500000,0,,-46300000,0,-186300000,https://farside.co.uk/bitcoin-etf-flow-all-data/
2025-02-11,23800000,-43600000,-9300000,0,-9500000,-11000000,0,0,-7100000,,0,0,-56700000,https://farside.co.uk/bitcoin-etf-flow-all-data/
2025-02-12,-22100000,-102000000,-25900000,-97000000,-9700000,0,-3700000,0,0,,-6900000,16300000,-251000000,https://farside.co.uk/bitcoin-etf-flow-all-data/
2025-02-13,26200000,-94500000,-15700000,-52700000,-4800000,-8400000,0,-1000000,0,,-6900000,0,-157800000,https://farside.co.uk/bitcoin-etf-flow-all-data/
2025-02-14,22300000,94000000,8000000,-13200000,0,0,0,-4400000,0,,-47000000,6500000,66200000,https://farside.co.uk/bitcoin-etf-flow-all-data/
2025-02-18,68400000,-16399999.999999998,-112700000,0,0,0,0,0,0,,0,0,-60700000,https://farside.co.uk/bitcoin-etf-flow-all-data/
2025-02-19,0,-48400000,0,-8700000,0,0,-9300000,-4800000,0,,0,0,-71200000,https://farside.co.uk/bitcoin-etf-flow-all-data/
2025-02-20,-112000000,-88200000,24100000,-98300000,0,0,0,4200000,0,,-33500000,-61100000,-364800000,https://farside.co.uk/bitcoin-etf-flow-all-data/
2025-02-21,21600000,-12500000,-16600000.000000002,0,0,0,0,4700000,0,,-60100000,0,-62900000,https://farside.co.uk/bitcoin-etf-flow-all-data/
2025-02-24,-158600000,-247000000,-10300000,-22600000,-15000000,0,-26900000,-7300000,-12500000,,-59500000,-6200000,-565900000,https://farside.co.uk/bitcoin-etf-flow-all-data/
2025-02-25,-164400000,-344700000,-88300000,-126200000,-62000000,-74100000,-74800000,-10000000,-17300000,,-66099999.99999999,-85800000,-1113700000,https://farside.co.uk/bitcoin-etf-flow-all-data/
2025-02-26,-418100000,-145700000,-13600000,-60500000,-16800000,-9700000,-3200000,0,-11500000,,-22700000,-56000000,-757800000,https://farside.co.uk/bitcoin-etf-flow-all-data/
2025-02-27,-189000000,-7300000,17600000,0,0,-7200000,-12800000,-10600000,-53800000,,-7300000,-5500000,-275900000,https://farside.co.uk/bitcoin-etf-flow-all-data/
2025-02-28,-244600000,176000000,4600000,193700000,0,0,0,-7700000,0,,-33299999.999999996,5600000,94300000,https://farside.co.uk/bitcoin-etf-flow-all-data/
2025-03-03,-78000000,0,0,58200000,0,0,0,0,0,,-54400000,0,-74200000,https://farside.co.uk/bitcoin-etf-flow-all-data/
2025-03-04,0,-46100000,-24000000,-43900000,-16500000,-35700000,0,0,-13100000,,0,35800000,-143500000,https://farside.co.uk/bitcoin-etf-flow-all-data/
2025-03-05,38900000,0,-6900000,0,-9900000,0,-60400000,0,0,,0,0,-38300000,https://farside.co.uk/bitcoin-etf-flow-all-data/
2025-03-06,-50600000,0,0,-17800000,0,-18000000,0,-8199999.999999999,-5200000,,-34500000,0,-134300000,https://farside.co.uk/bitcoin-etf-flow-all-data/
2025-03-07,-39900000,-154900000,-18600000,-160000000,0,0,0,600000,0,,-36500000,0,-409300000,https://farside.co.uk/bitcoin-etf-flow-all-data/
2025-03-10,-89200000,-134000000,-6800000,-90900000,-14200000,-13600000,-3200000,0,0,,-20600000,0,-372500000,https://farside.co.uk/bitcoin-etf-flow-all-data/
2025-03-11,-151300000,-107100000,-9100000,0,-14900000,-33700000,-28700000,-600000,-15400000,,-35500000,0,-396300000,https://farside.co.uk/bitcoin-etf-flow-all-data/
2025-03-12,-47100000,0,0,82600000,-12400000,0,0,0,-3500000,,-11800000,5500000,13300000,https://farside.co.uk/bitcoin-etf-flow-all-data/
2025-03-13,45700000,-75500000,-11000000,-60200000,0,-7000000,-8199999.999999999,0,-14500000,,-12700000,0,-143400000,https://farside.co.uk/bitcoin-etf-flow-all-data/
2025-03-14,-96200000,9200000,23000000,100500000,0,0,0,4800000,0,,0,0,41300000,https://farside.co.uk/bitcoin-etf-flow-all-data/
2025-03-17,42300000,127300000,2300000,88500000,0,0,0,0,0,,0,14200000,274600000,https://farside.co.uk/bitcoin-etf-flow-all-data/
2025-03-18,218100000,0,0,-9000000,0,0,0,0,0,,0,0,209100000,https://farside.co.uk/bitcoin-etf-flow-all-data/
2025-03-19,0,0,12100000,0,-10200000,0,0,0,0,,5400000,4500000,11800000,https://farside.co.uk/bitcoin-etf-flow-all-data/
2025-03-20,172100000,9200000,-17400000,0,0,-7300000,0,11900000,0,,-8000000,5200000,165700000,https://farside.co.uk/bitcoin-etf-flow-all-data/
2025-03-21,105000000,0,0,0,0,0,0,0,0,,-21900000,0,83100000,https://farside.co.uk/bitcoin-etf-flow-all-data/
2025-03-24,18100000,82900000,19200000,-41000000,0,0,-4500000,5000000,0,,0,0,79700000,https://farside.co.uk/bitcoin-etf-flow-all-data/
2025-03-25,42000000,0,-10100000,0,0,0,0,0,-5100000,,0,0,26800000,https://farside.co.uk/bitcoin-etf-flow-all-data/
2025-03-26,107900000,0,-18300000,0,0,0,0,0,0,,0,0,89600000,https://farside.co.uk/bitcoin-etf-flow-all-data/
2025-03-27,4000000,97100000,0,0,-7000000,0,-7300000,0,-5100000,,0,0,81700000,https://farside.co.uk/bitcoin-etf-flow-all-data/
2025-03-28,0,-93200000,0,0,0,0,-1700000,0,0,,0,0,-94900000,https://farside.co.uk/bitcoin-etf-flow-all-data/
2025-03-31,15100000,0,-19900000,-23200000,0,0,-10600000,0,-32600000,,0,0,-71200000,https://farside.co.uk/bitcoin-etf-flow-all-data/
2025-04-01,0,-85400000,24500000,-87400000,0,7400000,0,0,-6800000,,-10100000,0,-157800000,https://farside.co.uk/bitcoin-etf-flow-all-data/
2025-04-02,-115900000,118800000,33400000,130199999.99999999,0,10000000,2700000,7300000,0,,0,34300000,220800000,https://farside.co.uk/bitcoin-etf-flow-all-data/
2025-04-03,65300000,-23300000,-44200000,-20000000,0,0,0,-12200000,-5200000,,-60200000,0,-99800000,https://farside.co.uk/bitcoin-etf-flow-all-data/
2025-04-04,0,0,-17900000,-21800000,0,0,0,0,0,,-25200000,0,-64900000.00000001,https://farside.co.uk/bitcoin-etf-flow-all-data/
2025-04-07,0,0,0,-4700000,-12900000,0,-5300000,-6100000,-6200000,,-74000000,0,-109200000,https://farside.co.uk/bitcoin-etf-flow-all-data/
2025-04-08,-252900000,0,-21700000,-19900000,-6900000,-8900000,-1700000,0,0,,-8500000,-7500000,-328000000,https://farside.co.uk/bitcoin-etf-flow-all-data/
2025-04-09,-89700000,0,6700000,0,0,0,0,-4700000,-5700000,,-33800000,0,-127200000,https://farside.co.uk/bitcoin-etf-flow-all-data/
2025-04-10,0,-74600000,-10800000,-12700000,-7500000,-9200000,0,0,0,,-44600000,9900000,-149500000,https://farside.co.uk/bitcoin-etf-flow-all-data/
2025-04-11,0,0,-12300000,11300000,0,0,0,0,0,,0,0,-1000000,https://farside.co.uk/bitcoin-etf-flow-all-data/
2025-04-14,36700000,-35200000,0,0,0,0,0,0,0,,0,0,1500000,https://farside.co.uk/bitcoin-etf-flow-all-data/
2025-04-15,38200000,0,11000000,13400000,0,4900000,0,0,0,,0,8900000,76400000,https://farside.co.uk/bitcoin-etf-flow-all-data/
2025-04-16,30600000,-113800000,12800000,-113200000,6700000,0,1300000,2400000,0,,0,3400000,-169800000,https://farside.co.uk/bitcoin-etf-flow-all-data/
2025-04-17,81000000,25900000,0,0,0,0,0,0,0,,0,0,106900000,https://farside.co.uk/bitcoin-etf-flow-all-data/
2025-04-21,41600000,87600000,45100000,116100000,0,10100000,6100000,11700000,0,,36600000,32500000,387400000,https://farside.co.uk/bitcoin-etf-flow-all-data/
2025-04-22,193500000,253800000,76700000,267100000.00000003,18300000,10600000,23800000,6500000,0,,65099999.99999999,21100000,936500000,https://farside.co.uk/bitcoin-etf-flow-all-data/
2025-04-23,643200000,124400000,-15200000,129500000,0,0,0,5300000,0,,0,29800000,917000000,https://farside.co.uk/bitcoin-etf-flow-all-data/
2025-04-24,327300000,0,10200000,97000000,7500000,0,0,0,0,,0,0,442000000,https://farside.co.uk/bitcoin-etf-flow-all-data/
2025-04-25,240100000,108000000,0,11400000,0,0,0,8100000,0,,-7500000,19900000,380000000,https://farside.co.uk/bitcoin-etf-flow-all-data/
2025-04-28,970900000,-86900000,-21100000,-226300000,0,0,0,-2700000,0,,-42700000,0,591200000,https://farside.co.uk/bitcoin-etf-flow-all-data/
2025-04-29,216700000,-6200000,-24400000,-13300000,0,0,0,0,0,,0,0,172800000,https://farside.co.uk/bitcoin-etf-flow-all-data/
2025-04-30,267000000,-137500000,-23000000,-130800000.00000001,0,0,0,0,0,,-32000000,0,-56300000,https://farside.co.uk/bitcoin-etf-flow-all-data/
2025-05-01,351400000,29500000,38400000,-87200000,10600000,0,0,21900000,0,,16000000,41900000,422500000,https://farside.co.uk/bitcoin-etf-flow-all-data/
2025-05-02,674900000,0,0,0,0,0,0,0,0,,0,0,674900000,https://farside.co.uk/bitcoin-etf-flow-all-data/
2025-05-05,531200000.00000006,-57800000,-22700000,-6100000,0,-2700000,0,0,0,,-16399999.999999998,0,425500000,https://farside.co.uk/bitcoin-etf-flow-all-data/
2025-05-06,36700000,0,0,-16100000.000000002,0,-8300000.000000001,0,-8100000,0,,-89900000,0,-85700000,https://farside.co.uk/bitcoin-etf-flow-all-data/
2025-05-07,37200000,39900000,10500000,54700000,0,0,0,0,0,,0,0,142300000,https://farside.co.uk/bitcoin-etf-flow-all-data/
2025-05-08,69000000,35300000,0,13100000,0,0,0,0,0,,0,0,117400000,https://farside.co.uk/bitcoin-etf-flow-all-data/
2025-05-09,356200000,45000000,-14600000,0,0,0,0,13100000,0,,-65200000,0,334500000,https://farside.co.uk/bitcoin-etf-flow-all-data/
2025-05-12,69400000,-11100000,-17700000,0,-2500000,0,0,0,0,,-32900000,0,5200000,https://farside.co.uk/bitcoin-etf-flow-all-data/
2025-05-13,0,-91400000,0,0,0,0,0,0,0,,0,0,-91400000,https://farside.co.uk/bitcoin-etf-flow-all-data/
2025-05-14,232900000,36100000,2800000,5200000,0,0,0,7300000,0,,0,35200000,319500000,https://farside.co.uk/bitcoin-etf-flow-all-data/
2025-05-15,409700000,-123700000,0,-132000000,0,0,0,0,0,,-39100000,0,114900000,https://farside.co.uk/bitcoin-etf-flow-all-data/
2025-05-16,129699999.99999999,67900000,0,58000000,0,0,0,0,0,,0,4600000,260200000,https://farside.co.uk/bitcoin-etf-flow-all-data/
2025-05-19,305900000,188100000,16000000,155300000,-5300000,0,0,7400000,0,,0,0,667400000,https://farside.co.uk/bitcoin-etf-flow-all-data/
2025-05-20,287500000,23300000,5800000,6400000,0,0,0,0,0,,0,6200000,329200000,https://farside.co.uk/bitcoin-etf-flow-all-data/
2025-05-21,530600000,23500000,20500000,4300000,0,0,0,6100000,0,,0,22100000,607100000,https://farside.co.uk/bitcoin-etf-flow-all-data/
2025-05-22,877200000,48700000,0,8900000,0,0,0,0,0,,0,0,934800000,https://farside.co.uk/bitcoin-etf-flow-all-data/
2025-05-23,430800000,-73700000,0,-73900000,0,0,0,17700000,0,,-89200000,0,211700000,https://farside.co.uk/bitcoin-etf-flow-all-data/
2025-05-27,409300000,-4800000,1800000,-38300000,0,0,500000,7800000,0,,-26900000,36000000,385400000,https://farside.co.uk/bitcoin-etf-flow-all-data/
2025-05-28,481000000,-14000000,0,-34300000,0,0,0,0,0,,0,0,432700000,https://farside.co.uk/bitcoin-etf-flow-all-data/
2025-05-29,125100000,-166300000,-70800000,-89200000,-20000000,-6100000,0,-12000000,0,,-107500000,0,-346800000,https://farside.co.uk/bitcoin-etf-flow-all-data/
2025-05-30,-430800000,-13700000,-35300000,-120100000,0,0,0,0,0,,0,-16200000,-616100000,https://farside.co.uk/bitcoin-etf-flow-all-data/
2025-06-02,-130400000,-50100000,3400000,-73900000,0,0,0,0,0,,-16500000,0,-267500000,https://farside.co.uk/bitcoin-etf-flow-all-data/
2025-06-03,58000000,136800000,14500000,139900000,0,0,0,18800000,0,,0,7100000,375100000,https://farside.co.uk/bitcoin-etf-flow-all-data/
2025-06-04,284000000,-197000000,0,0,0,0,0,0,0,,0,0,87000000,https://farside.co.uk/bitcoin-etf-flow-all-data/
2025-06-05,0,-80200000,-36700000,-102000000,-12200000,0,0,-6500000,0,,-24100000,-16700000,-278400000,https://farside.co.uk/bitcoin-etf-flow-all-data/
2025-06-06,-130500000,22800000,31800000,11500000,0,0,0,7400000,0,,0,9200000,-47800000,https://farside.co.uk/bitcoin-etf-flow-all-data/
2025-06-09,120900000,173000000,68500000,10800000,0,0,0,7700000,0,,0,5300000,386200000,https://farside.co.uk/bitcoin-etf-flow-all-data/
2025-06-10,336700000,67099999.99999999,-600000,20300000,7700000,0,0,0,0,,0,0,431200000,https://farside.co.uk/bitcoin-etf-flow-all-data/
2025-06-11,131000000,11900000,0,0,0,6300000,0,15400000,0,,0,0,164600000,https://farside.co.uk/bitcoin-etf-flow-all-data/
2025-06-12,288300000,-197200000,0,-10700000,0,0,0,0,0,,5900000,0,86300000,https://farside.co.uk/bitcoin-etf-flow-all-data/
2025-06-13,239000000,25200000,14900000,21000000,0,0,0,6000000,0,,9100000,7500000,322700000,https://farside.co.uk/bitcoin-etf-flow-all-data/
2025-06-16,266600000.00000003,83000000,41400000,3600000,0,0,0,0,0,,12800000,4800000,412200000,https://farside.co.uk/bitcoin-etf-flow-all-data/
2025-06-17,639200000,-208500000,-22800000,-191400000,0,0,0,0,0,,0,0,216500000,https://farside.co.uk/bitcoin-etf-flow-all-data/
2025-06-18,278900000,104400000,11300000,0,0,0,0,0,0,,-16399999.999999998,10100000,388300000,https://farside.co.uk/bitcoin-etf-flow-all-data/
2025-06-20,46900000,-40500000,0,0,0,0,0,0,0,,0,0,6400000,https://farside.co.uk/bitcoin-etf-flow-all-data/
2025-06-23,217600000,105700000,14600000,2100000,6200000,0,0,0,0,,-5700000,10100000,350600000,https://farside.co.uk/bitcoin-etf-flow-all-data/
2025-06-24,436300000,85200000,9800000,43800000,0,0,0,6000000,0,,0,7500000,588600000,https://farside.co.uk/bitcoin-etf-flow-all-data/
2025-06-25,340300000,115200000,12900000,70200000,0,0,0,9100000,0,,0,0,547700000,https://farside.co.uk/bitcoin-etf-flow-all-data/
2025-06-26,163700000,32900000,25200000,1800000,0,3100000,0,0,0,,0,0,226700000,https://farside.co.uk/bitcoin-etf-flow-all-data/
2025-06-27,153000000,165500000,11600000,150300000,3700000,3100000,0,6000000,0,,0,8000000,501200000,https://farside.co.uk/bitcoin-etf-flow-all-data/
2025-06-30,112300000,0,0,-10200000,0,0,0,0,0,,0,0,102100000,https://farside.co.uk/bitcoin-etf-flow-all-data/
2025-07-01,0,-172700000,-23000000,-27000000,0,0,0,0,0,,-119500000,0,-342200000,https://farside.co.uk/bitcoin-etf-flow-all-data/
2025-07-02,0,184000000,64900000.00000001,83000000,9900000,9500000,0,5400000,0,,34600000,16500000,407800000,https://farside.co.uk/bitcoin-etf-flow-all-data/
2025-07-03,224500000,237100000,15500000,114200000,0,0,0,4700000,0,,0,5800000,601800000,https://farside.co.uk/bitcoin-etf-flow-all-data/
2025-07-07,164600000,66000000,0,-10100000,0,0,0,0,0,,-10200000,6200000,216500000,https://farside.co.uk/bitcoin-etf-flow-all-data/
2025-07-08,66800000,4800000,0,0,0,0,3700000,0,0,,0,4800000,80100000,https://farside.co.uk/bitcoin-etf-flow-all-data/
2025-07-09,125600000,4800000,3000000,57000000,9500000,0,0,0,0,,0,15800000,215700000,https://farside.co.uk/bitcoin-etf-flow-all-data/
2025-07-10,448500000,324300000,77200000,268700000,0,0,0,15200000,0,,-40200000,81900000,1175600000,https://farside.co.uk/bitcoin-etf-flow-all-data/
2025-07-11,953500000,0,6400000,23500000,5300000,0,0,20000000,0,,0,20900000,1029599999.9999999,https://farside.co.uk/bitcoin-etf-flow-all-data/
2025-07-14,394700000,-26100000,7200000,-99600000,0,0,0,8500000,0,,0,12700000,297400000,https://farside.co.uk/bitcoin-etf-flow-all-data/
2025-07-15,416300000,-22900000,12700000,-6200000,0,6800000,0,19000000,0,,-41200000,18600000,403100000,https://farside.co.uk/bitcoin-etf-flow-all-data/
2025-07-16,763900000,10400000,0,19800000,0,0,0,0,0,,0,5300000,799400000,https://farside.co.uk/bitcoin-etf-flow-all-data/
2025-07-17,497300000,7800000,0,0,7100000,0,0,5100000,0,,0,5300000,522600000,https://farside.co.uk/bitcoin-etf-flow-all-data/
2025-07-18,496800000,-17900000,-1900000,-33600000,0,0,0,-1700000,3100000,,-81300000,0,363500000,https://farside.co.uk/bitcoin-etf-flow-all-data/
2025-07-21,0,-12800000,-1900000,-77500000,0,0,0,-2500000,0,,-36700000,0,-131400000,https://farside.co.uk/bitcoin-etf-flow-all-data/
2025-07-22,0,0,-42300000,-33200000.000000004,0,0,0,0,0,,7500000,0,-68000000,https://farside.co.uk/bitcoin-etf-flow-all-data/
2025-07-23,142600000,-227200000,-1900000,-9800000,0,0,0,0,0,,0,10500000,-85800000,https://farside.co.uk/bitcoin-etf-flow-all-data/
2025-07-24,32500000,106600000,29800000,0,0,3500000,0,46400000,0,,0,7900000,226700000,https://farside.co.uk/bitcoin-etf-flow-all-data/
2025-07-25,92800000,10200000,21000000,30300000,0,0,0,18200000,0,,-50500000,8800000,130800000.00000001,https://farside.co.uk/bitcoin-etf-flow-all-data/
2025-07-28,147400000,30900000,-14800000,-17400000,0,0,0,0,0,,0,11000000,157100000,https://farside.co.uk/bitcoin-etf-flow-all-data/
2025-07-29,157600000,0,-26200000,-8199999.999999999,0,0,0,5800000,0,,-49000000,0,80000000,https://farside.co.uk/bitcoin-etf-flow-all-data/
2025-07-30,34400000,0,12700000,0,0,0,0,0,0,,0,0,47100000,https://farside.co.uk/bitcoin-etf-flow-all-data/
2025-07-31,18600000,-53600000,0,-89900000,3500000,6800000,0,3300000,0,,-9200000,5700000,-114800000,https://farside.co.uk/bitcoin-etf-flow-all-data/
2025-08-01,-2600000,-331400000,-38300000,-327900000,-5100000,-6600000,0,0,0,,-66800000,-33600000,-812300000,https://farside.co.uk/bitcoin-etf-flow-all-data/
2025-08-04,-292200000,-40100000,18700000,0,0,0,0,0,0,,-9900000,0,-323500000,https://farside.co.uk/bitcoin-etf-flow-all-data/
2025-08-05,-77400000,-99100000,0,0,0,0,0,0,0,,-19700000,0,-196200000,https://farside.co.uk/bitcoin-etf-flow-all-data/
2025-08-06,41900000,10100000,26400000,-5400000,0,0,0,4099999.9999999995,0,,14500000,0,91600000,https://farside.co.uk/bitcoin-etf-flow-all-data/
2025-08-07,156600000,43400000,17200000,-400000,0,3400000,0,21500000,0,,18500000,17200000,277400000,https://farside.co.uk/bitcoin-etf-flow-all-data/
2025-08-08,360000000,30500000,0,0,0,0,0,0,0,,0,13400000,403900000,https://farside.co.uk/bitcoin-etf-flow-all-data/
2025-08-11,138200000,13000000,5200000,0,0,0,0,0,0,,7500000,14200000,178100000,https://farside.co.uk/bitcoin-etf-flow-all-data/
2025-08-12,111400000,0,0,-23900000,0,0,0,0,0,,-21600000,0,65900000.00000001,https://farside.co.uk/bitcoin-etf-flow-all-data/
2025-08-13,0,26700000,7300000,36600000,4900000,0,0,0,0,,0,11400000,86900000,https://farside.co.uk/bitcoin-etf-flow-all-data/
2025-08-14,523700000.00000006,-113500000,-30900000,-149900000,0,0,0,-5900000,0,,0,7300000,230800000,https://farside.co.uk/bitcoin-etf-flow-all-data/
2025-08-15,114400000,0,0,-46700000,0,0,0,0,0,,-81800000,0,-14100000,https://farside.co.uk/bitcoin-etf-flow-all-data/
2025-08-18,-68700000,0,12700000,-65700000,0,0,0,0,0,,0,0,-121700000,https://farside.co.uk/bitcoin-etf-flow-all-data/
2025-08-19,0,-246900000,-86800000,-63300000,0,-3300000,0,0,0,,-115500000,-7500000,-523299999.99999994,https://farside.co.uk/bitcoin-etf-flow-all-data/
2025-08-20,-220000000,-7500000,600000,-75700000,0,0,-4300000,0,0,,-9000000,0,-315900000,https://farside.co.uk/bitcoin-etf-flow-all-data/
2025-08-21,-127500000,-31800000,0,-43300000,0,3200000,0,0,0,,0,5000000,-194400000,https://farside.co.uk/bitcoin-etf-flow-all-data/
2025-08-22,-198800000,50900000,12700000,65700000,0,13500000,0,26400000,0,,6400000,0,-23200000,https://farside.co.uk/bitcoin-etf-flow-all-data/
2025-08-25,63400000,65599999.99999999,15200000,61200000,0,0,0,6300000,0,,0,7400000,219100000,https://farside.co.uk/bitcoin-etf-flow-all-data/
2025-08-26,45300000,14500000,9000000,4099999.9999999995,0,0,0,3900000,0,,0,11300000,88100000,https://farside.co.uk/bitcoin-etf-flow-all-data/
2025-08-27,50900000,14700000,-3000000,5600000,6700000,6500000,0,0,0,,0,0,81400000,https://farside.co.uk/bitcoin-etf-flow-all-data/
2025-08-28,63700000,4900000,25000000,79800000,0,0,0,0,0,,0,5500000,178900000,https://farside.co.uk/bitcoin-etf-flow-all-data/
2025-08-29,24600000,-66200000,0,-72100000,0,0,0,0,2300000,,-15300000,0,-126700000,https://farside.co.uk/bitcoin-etf-flow-all-data/
2025-09-02,72900000,132699999.99999999,39100000,71900000,2200000,0,0,4700000,0,,0,9300000,332800000,https://farside.co.uk/bitcoin-etf-flow-all-data/
2025-09-03,289800000,9800000,0,-27900000,0,0,0,0,0,,0,28800000,300500000,https://farside.co.uk/bitcoin-etf-flow-all-data/
2025-09-04,134800000,-117400000,-66400000.00000001,-125500000,0,-3200000,0,-17900000,0,,-22400000,-4900000,-222900000,https://farside.co.uk/bitcoin-etf-flow-all-data/
2025-09-05,-63200000,0,-49600000,0,0,0,0,0,0,,-47300000,0,-160100000,https://farside.co.uk/bitcoin-etf-flow-all-data/
2025-09-08,25500000,156500000,42700000,89500000,6700000,6500000,0,20600000,0,,4400000,11900000,364300000,https://farside.co.uk/bitcoin-etf-flow-all-data/
2025-09-09,169300000,-55800000,-18200000,-72300000,0,0,0,0,0,,0,0,23000000,https://farside.co.uk/bitcoin-etf-flow-all-data/
2025-09-10,211200000,299000000,44400000,145100000,0,3300000,0,12000000,0,,8900000,17600000,741500000,https://farside.co.uk/bitcoin-etf-flow-all-data/
2025-09-11,366200000,134700000,40400000,0,5700000,3300000,0,2400000,0,,0,0,552700000,https://farside.co.uk/bitcoin-etf-flow-all-data/
2025-09-12,264700000,315200000,29200000,19400000,0,0,0,8199999.999999999,0,,0,5700000,642400000,https://farside.co.uk/bitcoin-etf-flow-all-data/
2025-09-15,261800000,7500000,-18800000,0,0,3300000,0,0,0,,0,6100000,259899999.99999997,https://farside.co.uk/bitcoin-etf-flow-all-data/
2025-09-16,209200000,45800000,-10800000,40700000,0,0,0,7400000,0,,0,0,292300000,https://farside.co.uk/bitcoin-etf-flow-all-data/
2025-09-17,149700000,-116000000,-12600000,-32299999.999999996,0,0,0,0,0,,-62600000,22500000,-51300000,https://farside.co.uk/bitcoin-etf-flow-all-data/
2025-09-18,0,97400000,12800000,25000000,3500000,6800000,0,6600000,0,,0,10900000,163000000,https://farside.co.uk/bitcoin-etf-flow-all-data/
2025-09-19,246100000,0,0,0,0,0,0,0,0,,-23500000,0,222600000,https://farside.co.uk/bitcoin-etf-flow-all-data/
2025-09-22,0,-276700000,0,-52300000,0,0,0,-9500000,0,,-24600000,0,-363100000,https://farside.co.uk/bitcoin-etf-flow-all-data/
2025-09-23,2500000,-75600000,-12800000,-27900000,10000000,0,0,0,0,,0,0,-103800000,https://farside.co.uk/bitcoin-etf-flow-all-data/
2025-09-24,128900000,29700000,24700000,37700000,0,0,0,6400000,0,,0,13600000,241000000,https://farside.co.uk/bitcoin-etf-flow-all-data/
2025-09-25,79700000,-114800000,-80500000,-63000000,0,-6300000,0,-10100000,0,,-42900000,-15500000,-253400000,https://farside.co.uk/bitcoin-etf-flow-all-data/
2025-09-26,-37300000,-300400000,-23800000,-17800000,0,0,0,-9300000,0,,-17100000,-12600000,-418300000,https://farside.co.uk/bitcoin-etf-flow-all-data/
2025-09-29,-46600000,298700000,47200000,62200000,35300000,16500000,0,30700000,0,,26900000,47100000,518000000,https://farside.co.uk/bitcoin-etf-flow-all-data/
2025-09-30,199400000,54700000,70100000,105700000,0,0,0,0,0,,0,0,429900000,https://farside.co.uk/bitcoin-etf-flow-all-data/
2025-10-01,405500000,179300000,59400000,5900000,0,0,0,6600000,0,,9200000,9900000,675800000,https://farside.co.uk/bitcoin-etf-flow-all-data/
2025-10-02,466500000,89600000,11200000,45200000,0,0,0,1700000,0,,2800000,10200000,627200000,https://farside.co.uk/bitcoin-etf-flow-all-data/
2025-10-03,791600000,69600000,24000000,35500000,0,0,0,26000000,0,,18300000,20100000,985100000,https://farside.co.uk/bitcoin-etf-flow-all-data/
2025-10-06,970000000,112300000,60100000,0,7500000,3600000,0,15100000,6000000,,0,30600000,1205200000,https://farside.co.uk/bitcoin-etf-flow-all-data/
2025-10-07,899400000,0,0,0,0,0,4800000,0,0,,-28600000,0,875600000,https://farside.co.uk/bitcoin-etf-flow-all-data/
2025-10-08,426200000,0,13400000,0,0,0,0,0,0,,0,1100000,440700000,https://farside.co.uk/bitcoin-etf-flow-all-data/
2025-10-09,255500000,-13200000,6600000,-5600000,0,0,0,0,0,,-45500000,0,197800000,https://farside.co.uk/bitcoin-etf-flow-all-data/
2025-10-10,74200000,-10200000,-37400000,-6200000,0,0,0,0,0,,-19200000,-5700000,-4500000,https://farside.co.uk/bitcoin-etf-flow-all-data/
2025-10-13,60400000,-93300000,-115600000,-21100000,0,0,0,-11400000,0,,-145400000,0,-326400000,https://farside.co.uk/bitcoin-etf-flow-all-data/
2025-10-14,-30800000,132699999.99999999,8000000,6800000,0,0,-14000000,0,0,,0,0,102700000,https://farside.co.uk/bitcoin-etf-flow-all-data/
2025-10-15,-10100000,0,0,0,-11100000,0,0,0,0,,-82900000,0,-104100000,https://farside.co.uk/bitcoin-etf-flow-all-data/
2025-10-16,-29500000,-132000000,-20600000,-275200000,0,0,0,-6100000,0,,-45000000,-22500000,-530900000,https://farside.co.uk/bitcoin-etf-flow-all-data/
2025-10-17,-268600000,-67400000,0,0,0,0,-5600000,0,0,,-25000000,0,-366600000,https://farside.co.uk/bitcoin-etf-flow-all-data/
2025-10-20,-100700000,9700000,12100000,0,9900000,0,0,21200000,0,,0,7400000,-40400000,https://farside.co.uk/bitcoin-etf-flow-all-data/
2025-10-21,210900000,34100000,20100000,162900000,8900000,6500000,2500000,17400000,0,,0,13900000,477200000,https://farside.co.uk/bitcoin-etf-flow-all-data/
2025-10-22,73600000,-56600000,-10000000,-53900000,0,0,2100000,0,0,,-56600000,0,-101400000,https://farside.co.uk/bitcoin-etf-flow-all-data/
2025-10-23,107800000,7200000,17400000,-55000000,0,0,0,0,0,,-60500000,3400000,20300000,https://farside.co.uk/bitcoin-etf-flow-all-data/
2025-10-24,32700000.000000004,57900000,0,0,0,0,0,0,0,,0,0,90600000,https://farside.co.uk/bitcoin-etf-flow-all-data/
2025-10-27,65300000,0,0,76400000,0,0,0,0,0,,0,7600000,149300000,https://farside.co.uk/bitcoin-etf-flow-all-data/
2025-10-28,59600000,67000000,0,75800000,0,0,0,0,0,,0,0,202400000,https://farside.co.uk/bitcoin-etf-flow-all-data/
2025-10-29,-88100000,-164400000,-6000000,-143800000,0,0,0,0,0,,-65000000,-3400000,-470700000,https://farside.co.uk/bitcoin-etf-flow-all-data/
2025-10-30,-290900000,-46500000,-55100000,-65599999.99999999,-8000000,0,0,-3800000,0,,-10000000,-8500000,-488400000,https://farside.co.uk/bitcoin-etf-flow-all-data/
2025-10-31,-149300000,-12000000,-17900000,-19300000,0,0,0,0,0,,6900000,0,-191600000,https://farside.co.uk/bitcoin-etf-flow-all-data/
2025-11-03,-186500000,0,0,0,0,0,0,0,0,,0,0,-186500000,https://farside.co.uk/bitcoin-etf-flow-all-data/
2025-11-04,0,-356600000,-7100000,-128100000,0,-8700000,0,-17000000,0,,-48900000,0,-566400000,https://farside.co.uk/bitcoin-etf-flow-all-data/
2025-11-05,-375500000,113300000,17000000,82900000,0,0,0,3700000,0,,0,21600000,-137000000,https://farside.co.uk/bitcoin-etf-flow-all-data/
2025-11-06,112400000,61600000,5500000,60400000,0,0,0,0,0,,0,0,239900000,https://farside.co.uk/bitcoin-etf-flow-all-data/
2025-11-07,-131400000,-256700000,-10700000,-144200000,0,0,0,0,0,,-15400000,0,-558400000,https://farside.co.uk/bitcoin-etf-flow-all-data/
2025-11-10,0,0,1200000,0,0,0,0,0,0,,0,0,1200000,https://farside.co.uk/bitcoin-etf-flow-all-data/
2025-11-11,224200000,165900000,7300000,102500000,0,0,0,0,0,,0,24100000,524000000,https://farside.co.uk/bitcoin-etf-flow-all-data/
2025-11-12,-36900000,-132900000,0,-85200000,0,0,0,0,0,,-23100000,0,-278100000,https://farside.co.uk/bitcoin-etf-flow-all-data/
2025-11-13,-256600000.00000003,-119900000,-47000000,-15700000,-30800000,-5700000,0,-8300000.000000001,0,,-64500000,-318200000,-866700000,https://farside.co.uk/bitcoin-etf-flow-all-data/
2025-11-14,-463100000,-2100000,0,0,0,0,0,0,-6000000,,-25100000,4200000,-492100000,https://farside.co.uk/bitcoin-etf-flow-all-data/
2025-11-17,-145600000,-12000000,-9500000,-29700000,0,0,0,-23300000,0,,-34500000,0,-254600000,https://farside.co.uk/bitcoin-etf-flow-all-data/
2025-11-18,-523200000.00000006,0,0,0,0,10800000,0,0,0,,0,139600000,-372800000,https://farside.co.uk/bitcoin-etf-flow-all-data/
2025-11-19,60600000,-21400000,0,0,0,0,0,-17600000,0,,0,53800000,75400000,https://farside.co.uk/bitcoin-etf-flow-all-data/
2025-11-20,-355500000,-190400000,-21200000,-94400000,0,-7500000,0,-30600000,0,,-199400000,-4200000,-903200000,https://farside.co.uk/bitcoin-etf-flow-all-data/
2025-11-21,-122000000,108000000,22800000,39100000,35800000,0,0,8300000.000000001,0,,61500000,84900000,238400000,https://farside.co.uk/bitcoin-etf-flow-all-data/
2025-11-24,-149100000,15500000,-5800000,-11600000,0,0,0,0,0,,0,0,-151000000,https://farside.co.uk/bitcoin-etf-flow-all-data/
2025-11-25,83000000,170800000,-12300000,-75900000,0,0,0,-36900000,0,,0,0,128699999.99999999,https://farside.co.uk/bitcoin-etf-flow-all-data/
2025-11-26,42800000,-33299999.999999996,0,6000000,0,0,0,0,0,,5600000,0,21100000,https://farside.co.uk/bitcoin-etf-flow-all-data/
2025-11-28,-113700000,77500000,0,88000000,0,0,0,0,0,,10700000,8900000,71400000,https://farside.co.uk/bitcoin-etf-flow-all-data/
2025-12-01,-65900000.00000001,67000000,0,7400000,0,0,0,0,0,,0,0,8500000,https://farside.co.uk/bitcoin-etf-flow-all-data/
2025-12-02,120100000,21900000,7400000,-90900000,0,0,0,0,0,,0,0,58500000,https://farside.co.uk/bitcoin-etf-flow-all-data/
2025-12-03,42200000,0,0,-37100000,0,0,0,0,0,,-19600000,-400000,-14900000,https://farside.co.uk/bitcoin-etf-flow-all-data/
2025-12-04,-113000000,-54200000,-3000000,0,0,0,0,-14300000,0,,-10100000,0,-194600000,https://farside.co.uk/bitcoin-etf-flow-all-data/
2025-12-05,-32500000,27300000,4900000,42800000,0,0,0,11400000,900000,,0,0,54800000,https://farside.co.uk/bitcoin-etf-flow-all-data/
2025-12-08,28800000,-39400000,0,0,0,0,0,-5800000,0,,-44000000,0,-60400000,https://farside.co.uk/bitcoin-etf-flow-all-data/
2025-12-09,-135400000,198900000,16200000,5300000,6500000,8100000,0,0,1000000,,17500000,33800000,151900000,https://farside.co.uk/bitcoin-etf-flow-all-data/
2025-12-10,192900000,30600000,0,0,0,0,0,0,0,,0,0,223500000,https://farside.co.uk/bitcoin-etf-flow-all-data/
2025-12-11,76700000,-103600000,8400000,-16399999.999999998,0,0,0,-19400000,0,,-12200000,-11000000,-77500000,https://farside.co.uk/bitcoin-etf-flow-all-data/
2025-12-12,51100000,-2000000,0,0,0,0,0,0,0,,0,0,49100000,https://farside.co.uk/bitcoin-etf-flow-all-data/
2025-12-15,0,-230100000,-44300000,-34500000,0,0,0,-21200000,0,,-27500000,0,-357600000,https://farside.co.uk/bitcoin-etf-flow-all-data/
2025-12-16,-210700000,26700000,-50900000,-16900000,0,0,0,-18000000,0,,0,-7400000,-277200000,https://farside.co.uk/bitcoin-etf-flow-all-data/
2025-12-17,111200000,391500000,-8400000,-37000000,0,0,0,0,0,,0,0,457300000,https://farside.co.uk/bitcoin-etf-flow-all-data/
2025-12-18,32799999.999999996,-170300000,-11500000,-12300000,0,0,0,0,0,,0,0,-161300000,https://farside.co.uk/bitcoin-etf-flow-all-data/
2025-12-19,-173600000,15300000,0,0,0,0,0,0,0,,0,0,-158300000,https://farside.co.uk/bitcoin-etf-flow-all-data/
2025-12-22,6000000,-3800000,-35000000,-21400000,0,0,0,-33600000,0,,-29000000,-25400000,-142200000,https://farside.co.uk/bitcoin-etf-flow-all-data/
2025-12-23,-157300000,-15300000,-5700000,0,0,0,0,0,0,,-10300000,0,-188600000,https://farside.co.uk/bitcoin-etf-flow-all-data/
2025-12-24,-91400000,-17200000,-13300000,-9900000,0,-5100000,0,-8000000,0,,-24600000,-5800000,-175300000,https://farside.co.uk/bitcoin-etf-flow-all-data/
2025-12-26,-192600000,-74400000,0,0,0,0,0,0,0,,-8900000,0,-275900000,https://farside.co.uk/bitcoin-etf-flow-all-data/
2025-12-29,-7900000,5700000,0,-6700000,-10400000,0,0,0,0,,0,0,-19300000,https://farside.co.uk/bitcoin-etf-flow-all-data/
2025-12-30,143700000,78600000,13900000,109600000,0,0,0,5000000,0,,0,4300000,355100000,https://farside.co.uk/bitcoin-etf-flow-all-data/
2025-12-31,-99000000,-66599999.99999999,-13800000,-76500000,0,-5100000,0,-6800000,0,,-69100000,-11200000,-348100000,https://farside.co.uk/bitcoin-etf-flow-all-data/
2026-01-02,287400000,88100000,41500000,6700000,4500000,13000000,0,8300000.000000001,0,,15400000,6400000,471300000,https://farside.co.uk/bitcoin-etf-flow-all-data/
2026-01-05,372500000,191200000,38500000,36000000,15000000,13600000,7200000,5300000,0,,0,17900000,697200000,https://farside.co.uk/bitcoin-etf-flow-all-data/
2026-01-06,228700000,-312200000,0,-29500000,0,0,0,-14400000,0,,-83100000,-32700000.000000004,-243200000,https://farside.co.uk/bitcoin-etf-flow-all-data/
2026-01-07,-130000000,-247600000,-39000000,-42300000,0,0,0,-11600000,0,,-15600000,0,-486100000,https://farside.co.uk/bitcoin-etf-flow-all-data/
2026-01-08,-193300000,-120500000,3000000,-9600000,0,0,0,0,1900000,,-73100000,-7200000,-398800000,https://farside.co.uk/bitcoin-etf-flow-all-data/
2026-01-09,-252000000,7900000,-5900000,0,0,0,0,0,0,,0,0,-250000000,https://farside.co.uk/bitcoin-etf-flow-all-data/
2026-01-12,-70700000,111700000,0,0,0,0,0,6500000,0,,64300000,4900000,116700000,https://farside.co.uk/bitcoin-etf-flow-all-data/
2026-01-13,126300000,351400000,159400000,84900000,0,0,0,10000000,3000000,,0,18800000,753800000,https://farside.co.uk/bitcoin-etf-flow-all-data/
2026-01-14,648400000,125400000,10600000,27000000,0,5600000,0,8300000.000000001,0,,15300000,0,840600000,https://farside.co.uk/bitcoin-etf-flow-all-data/
2026-01-15,315800000,-188900000,0,0,0,0,3000000,0,0,,-36400000,6700000,100200000,https://farside.co.uk/bitcoin-etf-flow-all-data/
2026-01-16,15100000,-205200000,-90400000,-69400000,0,0,0,0,0,,-44800000,0,-394700000,https://farside.co.uk/bitcoin-etf-flow-all-data/
2026-01-20,-56900000,-152100000,-40400000,-46400000,0,-10400000,0,-12700000,0,,-160800000,0,-479700000,https://farside.co.uk/bitcoin-etf-flow-all-data/
2026-01-21,-356600000,-287700000,-25900000,-29800000,0,0,-3800000,6400000,0,,-11300000,0,-708700000,https://farside.co.uk/bitcoin-etf-flow-all-data/
2026-01-22,-22400000,-9800000,0,0,0,0,0,0,0,,0,0,-32200000.000000004,https://farside.co.uk/bitcoin-etf-flow-all-data/
2026-01-23,-101600000,-1900000,0,0,0,0,0,0,0,,0,0,-103500000,https://farside.co.uk/bitcoin-etf-flow-all-data/
2026-01-26,15900000,-5700000,-11000000,-2900000,0,0,0,0,2800000,,0,7700000,6800000,https://farside.co.uk/bitcoin-etf-flow-all-data/
2026-01-27,-102800000,-44600000,0,0,0,0,0,0,0,,0,0,-147400000,https://farside.co.uk/bitcoin-etf-flow-all-data/
2026-01-28,-14200000,19500000,-12600000,-12300000,0,0,0,0,0,,0,0,-19600000,https://farside.co.uk/bitcoin-etf-flow-all-data/
2026-01-29,-317800000,-168000000,-88900000,-71600000,-8400000,0,0,-6500000,0,,-119400000,-37200000,-817800000,https://farside.co.uk/bitcoin-etf-flow-all-data/
2026-01-30,-528299999.99999994,7300000,0,8300000.000000001,0,0,0,3000000,0,,0,0,-509700000,https://farside.co.uk/bitcoin-etf-flow-all-data/
2026-02-02,142000000,153300000,96500000,65099999.99999999,10100000,0,0,24300000,3300000,,0,67200000,561800000,https://farside.co.uk/bitcoin-etf-flow-all-data/
2026-02-03,60000000,-148700000,-23400000,-62500000,0,-2200000,0,-4800000,0,,-56600000,-33800000,-272000000,https://farside.co.uk/bitcoin-etf-flow-all-data/
2026-02-04,-373400000,-86400000,0,-31700000,0,-6400000,0,-5200000,0,,-41800000,0,-544900000,https://farside.co.uk/bitcoin-etf-flow-all-data/
2026-02-05,-175300000,-109500000,-15600000,-23100000,0,0,0,0,0,,-75400000,-35200000,-434100000,https://farside.co.uk/bitcoin-etf-flow-all-data/
2026-02-06,231600000,24500000,28700000,43300000,7000000,0,0,15900000,0,,0,20100000,371100000,https://farside.co.uk/bitcoin-etf-flow-all-data/
2026-02-09,-20900000,3100000,0,14100000,0,6100000,0,12000000,0,,0,130500000,144900000,https://farside.co.uk/bitcoin-etf-flow-all-data/
2026-02-10,26500000,56900000,0,68500000,0,0,4900000,0,3600000,,0,6100000,166500000,https://farside.co.uk/bitcoin-etf-flow-all-data/
2026-02-11,-73400000,-92600000,-22000000,-70500000,0,0,0,-6700000,6800000,,-17900000,0,-276300000,https://farside.co.uk/bitcoin-etf-flow-all-data/
2026-02-12,-157600000,-104100000,-7800000,-31500000,-6800000,-3800000,-2800000,-3200000,0,,-59100000,-33500000,-410200000,https://farside.co.uk/bitcoin-etf-flow-all-data/
2026-02-13,-9400000,12000000,0,0,0,0,0,1900000,3600000,,0,7000000,15100000,https://farside.co.uk/bitcoin-etf-flow-all-data/
2026-02-17,-119700000,5900000,-10300000,-8300000.000000001,0,0,0,0,0,,-8500000,36000000,-104900000,https://farside.co.uk/bitcoin-etf-flow-all-data/
2026-02-18,-84200000,-49100000,0,0,0,0,0,0,0,,0,0,-133300000.00000001,https://farside.co.uk/bitcoin-etf-flow-all-data/
2026-02-19,-164100000,0,0,0,0,0,-1700000,0,0,,0,0,-165800000,https://farside.co.uk/bitcoin-etf-flow-all-data/
2026-02-20,64500000,23600000,0,0,0,0,0,0,0,,0,0,88100000,https://farside.co.uk/bitcoin-etf-flow-all-data/
2026-02-23,-116400000,-27900000,-43600000,-9200000,0,0,0,6400000,0,,-13100000,0,-203800000,https://farside.co.uk/bitcoin-etf-flow-all-data/
2026-02-24,78900000,82800000,3500000,71100000,0,0,0,12800000,0,,0,8600000,257700000,https://farside.co.uk/bitcoin-etf-flow-all-data/
2026-02-25,297400000,30100000,39400000,2300000,0,0,0,15600000,0,,102500000,19300000,506600000,https://farside.co.uk/bitcoin-etf-flow-all-data/
2026-02-26,275800000,-51500000,69000000,-44900000,0,0,0,0,0,,0,6000000,254400000,https://farside.co.uk/bitcoin-etf-flow-all-data/
2026-02-27,-32700000.000000004,0,0,0,3300000,1900000,0,0,0,,0,0,-27500000,https://farside.co.uk/bitcoin-etf-flow-all-data/
2026-03-02,263200000,94800000,36400000,5700000,6200000,14000000,0,19500000,0,,0,18400000,458200000,https://farside.co.uk/bitcoin-etf-flow-all-data/
2026-03-03,322400000,-89300000,0,0,0,0,11600000,0,8700000,,-28200000,0,225200000,https://farside.co.uk/bitcoin-etf-flow-all-data/
2026-03-04,306600000,48000000,8000000,14600000,9100000,8500000,0,5200000,7800000,,21700000,32400000,461900000,https://farside.co.uk/bitcoin-etf-flow-all-data/
2026-03-05,-88700000,-48000000,-46400000,-22700000,0,0,5400000,-8600000,0,,-18900000,0,-227900000,https://farside.co.uk/bitcoin-etf-flow-all-data/
2026-03-06,-143500000,-158500000,-22200000,-4500000,0,0,0,-5800000,0,,-9600000,-4800000,-348900000,https://farside.co.uk/bitcoin-etf-flow-all-data/
2026-03-09,109300000,60100000,-4500000,-2700000,0,0,0,4900000,0,,0,0,167100000,https://farside.co.uk/bitcoin-etf-flow-all-data/
2026-03-10,185800000,33500000,16399999.999999998,4099999.9999999995,0,0,-4099999.9999999995,5900000,0,,0,5300000,246900000,https://farside.co.uk/bitcoin-etf-flow-all-data/
2026-03-11,115300000,15400000,0,0,0,0,0,-4500000,0,,-16000000,5000000,115200000,https://farside.co.uk/bitcoin-etf-flow-all-data/
2026-03-12,46100000,15300000,-5700000,3000000,0,0,0,0,0,,-9900000,5000000,53800000,https://farside.co.uk/bitcoin-etf-flow-all-data/
2026-03-13,143600000,23200000,3100000,2400000,0,0,0,8100000,0,,0,0,180400000,https://farside.co.uk/bitcoin-etf-flow-all-data/
2026-03-16,139400000,64500000,2800000,-3100000,0,2100000,0,-6300000,0,,0,0,199400000,https://farside.co.uk/bitcoin-etf-flow-all-data/
2026-03-17,169300000,24400000,0,2500000,0,0,0,3200000,0,,0,0,199400000,https://farside.co.uk/bitcoin-etf-flow-all-data/
2026-03-18,-33900000,-103800000,-7000000,0,0,0,0,0,0,,-18800000,0,-163500000,https://farside.co.uk/bitcoin-etf-flow-all-data/
2026-03-19,-38300000,-26000000,-17200000,-15200000,0,4099999.9999999995,3200000,0,0,,-5500000,4700000,-90200000,https://farside.co.uk/bitcoin-etf-flow-all-data/
2026-03-20,-45900000,-9100000,0,0,0,0,0,3000000,0,,0,0,-52000000,https://farside.co.uk/bitcoin-etf-flow-all-data/
2026-03-23,160800000,41700000,0,-9400000,0,0,0,0,0,,-25900000,0,167200000,https://farside.co.uk/bitcoin-etf-flow-all-data/
2026-03-24,-4700000,-45300000,-16600000.000000002,0,0,0,0,-7900000,0,,0,0,-74500000,https://farside.co.uk/bitcoin-etf-flow-all-data/
2026-03-25,-70700000,83300000,0,-4800000,0,0,0,0,0,,0,0,7800000,https://farside.co.uk/bitcoin-etf-flow-all-data/
2026-03-26,-41900000,-32799999.999999996,-33100000,-30500000,0,0,0,-2400000,0,,-25100000,-5500000,-171300000,https://farside.co.uk/bitcoin-etf-flow-all-data/
2026-03-27,-201500000,0,-18600000,-5400000,0,0,0,0,0,,0,0,-225500000,https://farside.co.uk/bitcoin-etf-flow-all-data/
2026-03-30,7500000,28900000,0,33000000,0,0,0,0,0,,0,0,69400000,https://farside.co.uk/bitcoin-etf-flow-all-data/
2026-03-31,98400000,16200000,1800000,1100000,0,0,0,0,0,,0,0,117500000,https://farside.co.uk/bitcoin-etf-flow-all-data/
2026-04-01,-86500000,-78600000,-5600000,0,0,0,0,0,0,,-13300000,10300000,-173700000,https://farside.co.uk/bitcoin-etf-flow-all-data/
2026-04-02,-3000000,7300000,0,0,0,0,0,4700000,0,,0,0,9000000,https://farside.co.uk/bitcoin-etf-flow-all-data/
2026-04-06,181900000,147300000,3800000,118800000,0,0,0,2000000,0,,0,17600000,471400000,https://farside.co.uk/bitcoin-etf-flow-all-data/
2026-04-07,-17100000,-47800000,0,-34200000,0,0,2300000,-20400000,0,,-41900000,0,-159100000,https://farside.co.uk/bitcoin-etf-flow-all-data/
2026-04-08,40400000,-79100000,0,-74700000,0,0,0,0,0,30600000,-11100000,0,-93900000,https://farside.co.uk/bitcoin-etf-flow-all-data/
2026-04-09,269300000,53300000,11700000,4800000,0,2100000,0,2000000,0,14900000,0,0,358100000,https://farside.co.uk/bitcoin-etf-flow-all-data/
2026-04-10,137600000,78000000,9500000,3600000,0,0,0,2600000,0,16300000,0,9100000,256700000,https://farside.co.uk/bitcoin-etf-flow-all-data/
2026-04-13,34700000,-229200000,11900000,-62900000,0,0,0,-2600000,0,6300000,-38200000,-11000000,-291000000,https://farside.co.uk/bitcoin-etf-flow-all-data/
2026-04-14,213800000,45300000,12500000,113100000,0,0,0,6300000,0,15500000,0,4900000,411400000,https://farside.co.uk/bitcoin-etf-flow-all-data/
2026-04-15,291900000,-47300000,-8500000,-42200000,0,0,0,-3700000,0,19300000,-23400000,0,186100000,https://farside.co.uk/bitcoin-etf-flow-all-data/
2026-04-16,81700000,-36000000,0,-27400000,0,0,0,0,0,13400000,-22300000,16700000,26100000,https://farside.co.uk/bitcoin-etf-flow-all-data/
2026-04-17,284000000,163400000,38200000,117900000,3900000,0,0,6600000,0,16600000.000000002,4200000,29100000,663900000,https://farside.co.uk/bitcoin-etf-flow-all-data/
2026-04-20,256000000,-6600000,0,0,0,0,5800000,0,0,8100000,-24900000,0,238400000,https://farside.co.uk/bitcoin-etf-flow-all-data/
2026-04-21,39300000,-6600000,-12700000,-14500000,0,0,0,-4300000,0,10800000,-17500000,17300000,11800000,https://farside.co.uk/bitcoin-etf-flow-all-data/
2026-04-22,246900000,56700000,15400000,11900000,0,0,0,3900000,6300000,11300000,-16600000.000000002,0,335800000,https://farside.co.uk/bitcoin-etf-flow-all-data/
2026-04-23,167500000,-16900000,-7600000,71200000,0,0,0,-5500000,0,9400000,0,5200000,223300000,https://farside.co.uk/bitcoin-etf-flow-all-data/
2026-04-24,22900000,-1700000,-8900000,-9000000,0,0,0,0,0,11100000,0,0,14400000,https://farside.co.uk/bitcoin-etf-flow-all-data/
2026-04-27,0,-150400000,-8800000,-43300000,0,0,0,-14100000,0,0,-46600000,0,-263200000,https://farside.co.uk/bitcoin-etf-flow-all-data/
2026-04-28,-112200000,-5000000,-13700000,41200000,0,0,0,0,0,0,0,0,-89700000,https://farside.co.uk/bitcoin-etf-flow-all-data/
2026-04-29,-54700000,-36100000,0,-30000000,0,-6500000,0,0,0,10800000,-21100000,0,-137600000,https://farside.co.uk/bitcoin-etf-flow-all-data/
2026-04-30,19100000,26600000,-2900000,-6300000,-4900000,0,0,-2200000,0,0,-5900000,0,23500000,https://farside.co.uk/bitcoin-etf-flow-all-data/
2026-05-01,284400000,213400000,27300000,88500000,0,0,0,5500000,0,4500000,0,6200000,629800000,https://farside.co.uk/bitcoin-etf-flow-all-data/
2026-05-04,335500000,184600000,0,0,0,0,0,0,0,12200000,0,0,532299999.99999994,https://farside.co.uk/bitcoin-etf-flow-all-data/
2026-05-05,251400000,133199999.99999999,14600000,92300000,0,0,0,-5800000,0,0,-18400000,0,467300000,https://farside.co.uk/bitcoin-etf-flow-all-data/
2026-05-06,134600000,-39000000,-25200000,0,0,-7100000,0,0,0,0,-17100000,0,46200000,https://farside.co.uk/bitcoin-etf-flow-all-data/
2026-05-07,-98000000,-129000000,0,-12600000,-10000000,0,0,-5100000,0,7300000,-26800000,5700000,-268500000,https://farside.co.uk/bitcoin-etf-flow-all-data/
2026-05-08,-27200000,-97600000,0,-26600000,0,0,0,0,0,5700000,0,0,-145700000,https://farside.co.uk/bitcoin-etf-flow-all-data/
2026-05-11,-7400000,-3600000,0,0,7300000,0,0,4600000,0,26300000,0,0,27200000,https://farside.co.uk/bitcoin-etf-flow-all-data/
2026-05-12,-32900000,-86100000,-17500000,-85100000,0,0,0,0,0,6000000,-17600000,0,-233200000,https://farside.co.uk/bitcoin-etf-flow-all-data/
2026-05-13,-284700000,-133199999.99999999,-35400000,-177100000,0,0,0,0,0,0,0,0,-630400000,https://farside.co.uk/bitcoin-etf-flow-all-data/
2026-05-14,144100000,3500000,17700000,-9500000,-5700000,-14100000,0,7500000,0,6800000,-31600000,12600000,131300000.00000001,https://farside.co.uk/bitcoin-etf-flow-all-data/
2026-05-15,-136200000,-39600000,-11600000,-52500000,0,-6900000,0,0,0,0,-43600000,0,-290400000,https://farside.co.uk/bitcoin-etf-flow-all-data/
2026-05-18,-448400000,-63400000,-9200000,-109600000,-3800000,-6600000,0,-7600000,0,0,0,0,-648600000,https://farside.co.uk/bitcoin-etf-flow-all-data/
2026-05-19,-325600000,-1700000,0,0,0,0,-3800000,0,0,0,0,0,-331100000,https://farside.co.uk/bitcoin-etf-flow-all-data/
2026-05-20,-61500000,-10100000,0,0,0,0,0,0,0,1100000,0,0,-70500000,https://farside.co.uk/bitcoin-etf-flow-all-data/
2026-05-21,-103700000,0,0,2800000,0,0,0,0,0,0,0,0,-100900000,https://farside.co.uk/bitcoin-etf-flow-all-data/
2026-05-22,-68900000,-36300000,0,0,0,0,0,0,0,0,0,0,-105200000,https://farside.co.uk/bitcoin-etf-flow-all-data/
2026-05-26,-192400000,-57700000,-28800000,0,0,0,0,0,0,0,-41300000,-13400000,-333600000,https://farside.co.uk/bitcoin-etf-flow-all-data/
2026-05-27,-527799999.99999994,-60300000,-17500000,-17400000,0,0,0,0,0,4300000,-104800000,-9900000,-733400000,https://farside.co.uk/bitcoin-etf-flow-all-data/
2026-05-28,-177900000,-19200000,0,0,0,0,0,0,0,0,-26200000,0,-223300000,https://farside.co.uk/bitcoin-etf-flow-all-data/
2026-05-29,-68200000,-31900000,0,-7300000,0,0,0,0,0,-5300000,-2900000,-9700000,-125300000,https://farside.co.uk/bitcoin-etf-flow-all-data/
2026-06-01,-440300000,-37300000,0,-12300000,0,0,0,0,0,6100000,0,0,-483800000,https://farside.co.uk/bitcoin-etf-flow-all-data/
2026-06-02,-388600000,-45100000,0,-16700000,0,0,0,0,0,14800000,-83500000,0,-519100000,https://farside.co.uk/bitcoin-etf-flow-all-data/
2026-06-03,-342300000,-54300000,0,0,0,0,0,0,0,0,0,0,-396600000,https://farside.co.uk/bitcoin-etf-flow-all-data/
2026-06-04,47700000,-5500000,-15600000,-20700000,-12600000,0,0,0,0,9900000,0,0,3200000,https://farside.co.uk/bitcoin-etf-flow-all-data/
2026-06-05,-213700000,-59700000,0,0,0,0,0,4200000,0,4300000,-60800000,0,-325700000,https://farside.co.uk/bitcoin-etf-flow-all-data/
2026-06-08,-232900000,59400000,14100000,63100000,0,0,0,0,0,4900000,0,0,-91400000,https://farside.co.uk/bitcoin-etf-flow-all-data/
2026-06-09,-61600000,-20200000,0,0,0,0,0,0,0,0,0,4400000,-77400000,https://farside.co.uk/bitcoin-etf-flow-all-data/
2026-06-10,-148500000,4000000,0,0,0,0,0,0,1000000,0,-87900000,17500000,-213900000,https://farside.co.uk/bitcoin-etf-flow-all-data/
2026-06-11,30300000,-5500000,-13100000,-27200000,0,0,0,-14800000,0,2200000,0,5600000,-22500000,https://farside.co.uk/bitcoin-etf-flow-all-data/
2026-06-12,57700000,18000000,5200000,3200000,0,0,0,1800000,0,0,0,0,85900000,https://farside.co.uk/bitcoin-etf-flow-all-data/
2026-06-15,66400000.00000001,-8700000,0,-6600000,0,-5800000,0,-6100000,0,9400000,-124000000,10600000,-64800000,https://farside.co.uk/bitcoin-etf-flow-all-data/
2026-06-16,16399999.999999998,4300000,0,0,0,0,0,0,0,1900000,-16800000,4400000,10200000,https://farside.co.uk/bitcoin-etf-flow-all-data/
2026-06-17,-30800000,14000000,0,-43500000,-6400000,0,0,-4099999.9999999995,0,4099999.9999999995,-15500000,0,-82200000,https://farside.co.uk/bitcoin-etf-flow-all-data/
2026-06-18,-96700000,0,0,0,0,0,0,-4400000,0,10400000,0,0,-90700000,https://farside.co.uk/bitcoin-etf-flow-all-data/
2026-06-22,-172000000,57400000,0,64000000,0,3700000,0,0,3400000,8100000,-81000000,48100000,-68300000,https://farside.co.uk/bitcoin-etf-flow-all-data/
2026-06-23,-182000000,23000000,0,31000000,0,0,0,5300000,0,8900000,0,0,-113800000,https://farside.co.uk/bitcoin-etf-flow-all-data/
2026-06-24,-239300000,-120800000,-27500000,-50700000,0,0,0,0,0,0,-54300000,23600000,-469000000,https://farside.co.uk/bitcoin-etf-flow-all-data/
2026-06-25,-265700000,-274500000,-7100000,-82100000,-53000000,-6800000,0,-11700000,0,9200000,0,0,-691700000,https://farside.co.uk/bitcoin-etf-flow-all-data/
2026-06-26,-444500000,0,0,0,0,0,0,0,0,0,0,0,-444500000,https://farside.co.uk/bitcoin-etf-flow-all-data/
2026-06-29,-300400000,-3900000,0,50000000,0,0,0,3800000,0,7300000,35100000,-22900000,-231000000,https://farside.co.uk/bitcoin-etf-flow-all-data/
2026-06-30,-212400000,-10200000,0,0,0,0,0,0,0,0,0,0,-222600000,https://farside.co.uk/bitcoin-etf-flow-all-data/
2026-07-01,-219400000,-51000000,0,-39900000,5400000,3500000,0,2100000,0,29800000,-62800000,36300000,-296000000,https://farside.co.uk/bitcoin-etf-flow-all-data/
2026-07-02,-40400000,166000000,0,91800000,0,0,1700000,4400000,0,0,0,0,223500000,https://farside.co.uk/bitcoin-etf-flow-all-data/
2026-07-06,209400000,9700000,4800000,33000000,0,0,0,0,0,11000000,-44500000,42300000,265700000,https://farside.co.uk/bitcoin-etf-flow-all-data/
2026-07-07,54800000,-24900000,0,-8400000,0,0,0,0,0,0,0,0,21500000,https://farside.co.uk/bitcoin-etf-flow-all-data/
2026-07-08,-59100000,-14900000,0,0,0,0,0,0,0,0,-63700000,52800000,-84900000,https://farside.co.uk/bitcoin-etf-flow-all-data/
2026-07-09,0,-63300000,300000,-39900000,0,0,0,5400000,0,2200000,0,0,-95300000,https://farside.co.uk/bitcoin-etf-flow-all-data/
2026-07-10,86800000,0,0,0,0,0,0,3600000,0,0,0,0,90400000,https://farside.co.uk/bitcoin-etf-flow-all-data/
2026-07-13,-185500000,-245600000,0,0,0,0,0,6100000,0,0,-53100000,53400000,-424700000,https://farside.co.uk/bitcoin-etf-flow-all-data/
2026-07-14,138900000,21100000,3500000,3600000,0,0,0,0,0,7400000,0,6600000,181100000,https://farside.co.uk/bitcoin-etf-flow-all-data/
2026-07-15,80800000,16900000,0,0,0,0,0,0,0,0,0,10000000,107700000,https://farside.co.uk/bitcoin-etf-flow-all-data/
2026-07-16,33400000,30700000,15000000,0,0,0,0,0,0,0,0,0,79100000,https://farside.co.uk/bitcoin-etf-flow-all-data/
2026-07-17,136500000,-4200000,0,0,0,0,0,0,0,0,0,0,132300000.00000001,https://farside.co.uk/bitcoin-etf-flow-all-data/
2026-07-20,116500000,24100000,8800000,72700000,0,0,0,1800000,0,6900000,-45400000,41400000,226800000,https://farside.co.uk/bitcoin-etf-flow-all-data/
2026-07-21,163900000,23100000,0,9700000,0,0,0,0,0,0,0,6500000,203200000,https://farside.co.uk/bitcoin-etf-flow-all-data/
2026-07-22,38800000,21500000,5400000,0,0,0,0,0,0,3800000,-38300000,37900000,69100000,https://farside.co.uk/bitcoin-etf-flow-all-data/
2026-07-23,-202500000,-5600000,-7000000,-4300000,0,-5600000,0,0,-5100000,5000000,0,0,-225100000,https://farside.co.uk/bitcoin-etf-flow-all-data/
2026-07-24,-212200000,-27900000,0,0,0,0,0,0,0,0,0,0,-240100000,https://farside.co.uk/bitcoin-etf-flow-all-data/
2026-07-27,-8800000,-2800000,0,0,,0,0,0,0,0,0,0,-11600000,https://farside.co.uk/bitcoin-etf-flow-all-data/
2026-07-28,-54800000,0,0,0,0,0,0,0,0,0,0,5100000,-49700000,https://farside.co.uk/bitcoin-etf-flow-all-data/
2026-07-29,89800000,-43100000,0,-14600000,0,0,0,0,0,0,0,0,32100000,https://farside.co.uk/bitcoin-etf-flow-all-data/
2026-07-30,183400000,15500000,20700000,1500000,0,0,0,2300000,0,7400000,0,2300000,233100000,https://farside.co.uk/bitcoin-etf-flow-all-data/
