Report_Date,Asset_Category,Amount_USD,Report_URL,Share_of_Extracted_Reserves
2021-06-30,Cash & Bank Deposits,6282756692.0,https://assets.ctfassets.net/vyse88cgwfbl/VcNv0hgvQ2a3Ochjs5TqR/59e77f0c076544a88f977d1d36b76dbf/tether_assuranceconsolidated_reserves_report_2021-06-30.pdf,0.07224690462825036
2021-06-30,Certificates of Deposit,30807654349.0,https://assets.ctfassets.net/vyse88cgwfbl/VcNv0hgvQ2a3Ochjs5TqR/59e77f0c076544a88f977d1d36b76dbf/tether_assuranceconsolidated_reserves_report_2021-06-30.pdf,0.3542645011872609
2021-06-30,Commercial Paper,30807654349.0,https://assets.ctfassets.net/vyse88cgwfbl/VcNv0hgvQ2a3Ochjs5TqR/59e77f0c076544a88f977d1d36b76dbf/tether_assuranceconsolidated_reserves_report_2021-06-30.pdf,0.3542645011872609
2021-06-30,Corporate Bonds,4830821277.0,https://assets.ctfassets.net/vyse88cgwfbl/VcNv0hgvQ2a3Ochjs5TqR/59e77f0c076544a88f977d1d36b76dbf/tether_assuranceconsolidated_reserves_report_2021-06-30.pdf,0.05555075601128206
2021-06-30,Funds,4830821277.0,https://assets.ctfassets.net/vyse88cgwfbl/VcNv0hgvQ2a3Ochjs5TqR/59e77f0c076544a88f977d1d36b76dbf/tether_assuranceconsolidated_reserves_report_2021-06-30.pdf,0.05555075601128206
2021-06-30,Other Investments,2054626204.0,https://assets.ctfassets.net/vyse88cgwfbl/VcNv0hgvQ2a3Ochjs5TqR/59e77f0c076544a88f977d1d36b76dbf/tether_assuranceconsolidated_reserves_report_2021-06-30.pdf,0.023626632493361572
2021-06-30,Precious Metals,4830821277.0,https://assets.ctfassets.net/vyse88cgwfbl/VcNv0hgvQ2a3Ochjs5TqR/59e77f0c076544a88f977d1d36b76dbf/tether_assuranceconsolidated_reserves_report_2021-06-30.pdf,0.05555075601128206
2021-06-30,Secured Loans,2517140390.0,https://assets.ctfassets.net/vyse88cgwfbl/VcNv0hgvQ2a3Ochjs5TqR/59e77f0c076544a88f977d1d36b76dbf/tether_assuranceconsolidated_reserves_report_2021-06-30.pdf,0.028945192470020118
2021-09-30,Cash & Bank Deposits,7237204694.0,https://assets.ctfassets.net/vyse88cgwfbl/01lZdtaNYx7jZ4jU5xmlYO/90aa0d5b1e3559c393ff135f987ddbd0/tether-assurance-sept-30-2021.pdf,0.08899915596669983
2021-09-30,Certificates of Deposit,30595197667.0,https://assets.ctfassets.net/vyse88cgwfbl/01lZdtaNYx7jZ4jU5xmlYO/90aa0d5b1e3559c393ff135f987ddbd0/tether-assurance-sept-30-2021.pdf,0.37624288439082026
2021-09-30,Commercial Paper,30595197667.0,https://assets.ctfassets.net/vyse88cgwfbl/01lZdtaNYx7jZ4jU5xmlYO/90aa0d5b1e3559c393ff135f987ddbd0/tether-assurance-sept-30-2021.pdf,0.37624288439082026
2021-09-30,Corporate Bonds,3607629331.0,https://assets.ctfassets.net/vyse88cgwfbl/01lZdtaNYx7jZ4jU5xmlYO/90aa0d5b1e3559c393ff135f987ddbd0/tether-assurance-sept-30-2021.pdf,0.044364637878198714
2021-09-30,Funds,999989000.0,https://assets.ctfassets.net/vyse88cgwfbl/01lZdtaNYx7jZ4jU5xmlYO/90aa0d5b1e3559c393ff135f987ddbd0/tether-assurance-sept-30-2021.pdf,0.012297313774994933
2021-09-30,Money Market Funds,999989000.0,https://assets.ctfassets.net/vyse88cgwfbl/01lZdtaNYx7jZ4jU5xmlYO/90aa0d5b1e3559c393ff135f987ddbd0/tether-assurance-sept-30-2021.pdf,0.012297313774994933
2021-09-30,Other Investments,3830441303.0,https://assets.ctfassets.net/vyse88cgwfbl/01lZdtaNYx7jZ4jU5xmlYO/90aa0d5b1e3559c393ff135f987ddbd0/tether-assurance-sept-30-2021.pdf,0.0471046567509157
2021-09-30,Secured Loans,3452029190.0,https://assets.ctfassets.net/vyse88cgwfbl/01lZdtaNYx7jZ4jU5xmlYO/90aa0d5b1e3559c393ff135f987ddbd0/tether-assurance-sept-30-2021.pdf,0.0424511530725554
2021-12-31,Cash & Bank Deposits,4187004507.0,https://assets.ctfassets.net/vyse88cgwfbl/4hiNJsZ98LlZqCJHKzrLpV/2b6338482ef0093382885f80ba6f1083/Tether_Assurance-12-31-21.pdf,0.0587125211301889
2021-12-31,Certificates of Deposit,24165815363.0,https://assets.ctfassets.net/vyse88cgwfbl/4hiNJsZ98LlZqCJHKzrLpV/2b6338482ef0093382885f80ba6f1083/Tether_Assurance-12-31-21.pdf,0.33886659131995556
2021-12-31,Commercial Paper,24165815363.0,https://assets.ctfassets.net/vyse88cgwfbl/4hiNJsZ98LlZqCJHKzrLpV/2b6338482ef0093382885f80ba6f1083/Tether_Assurance-12-31-21.pdf,0.33886659131995556
2021-12-31,Corporate Bonds,3628506483.0,https://assets.ctfassets.net/vyse88cgwfbl/4hiNJsZ98LlZqCJHKzrLpV/2b6338482ef0093382885f80ba6f1083/Tether_Assurance-12-31-21.pdf,0.05088094918407617
2021-12-31,Funds,3000083600.0,https://assets.ctfassets.net/vyse88cgwfbl/4hiNJsZ98LlZqCJHKzrLpV/2b6338482ef0093382885f80ba6f1083/Tether_Assurance-12-31-21.pdf,0.04206885172032923
2021-12-31,Money Market Funds,3000083600.0,https://assets.ctfassets.net/vyse88cgwfbl/4hiNJsZ98LlZqCJHKzrLpV/2b6338482ef0093382885f80ba6f1083/Tether_Assurance-12-31-21.pdf,0.04206885172032923
2021-12-31,Other Investments,5023389246.0,https://assets.ctfassets.net/vyse88cgwfbl/4hiNJsZ98LlZqCJHKzrLpV/2b6338482ef0093382885f80ba6f1083/Tether_Assurance-12-31-21.pdf,0.07044077615819454
2021-12-31,Secured Loans,4142957365.0,https://assets.ctfassets.net/vyse88cgwfbl/4hiNJsZ98LlZqCJHKzrLpV/2b6338482ef0093382885f80ba6f1083/Tether_Assurance-12-31-21.pdf,0.05809486744697078
2022-03-31,Cash & Bank Deposits,4100485805.0,https://assets.ctfassets.net/vyse88cgwfbl/1np5dpcwuHrWJ4AgUgI3Vn/e0dac722de3cea07766e05c52773748b/Tether_Assurance_Consolidated_Reserves_Report_2022-03-31__3_.pdf,0.03754534703134516
2022-03-31,Certificates of Deposit,20096579998.0,https://assets.ctfassets.net/vyse88cgwfbl/1np5dpcwuHrWJ4AgUgI3Vn/e0dac722de3cea07766e05c52773748b/Tether_Assurance_Consolidated_Reserves_Report_2022-03-31__3_.pdf,0.1840106528958219
2022-03-31,Commercial Paper,20096579998.0,https://assets.ctfassets.net/vyse88cgwfbl/1np5dpcwuHrWJ4AgUgI3Vn/e0dac722de3cea07766e05c52773748b/Tether_Assurance_Consolidated_Reserves_Report_2022-03-31__3_.pdf,0.1840106528958219
2022-03-31,Corporate Bonds,3729529946.0,https://assets.ctfassets.net/vyse88cgwfbl/1np5dpcwuHrWJ4AgUgI3Vn/e0dac722de3cea07766e05c52773748b/Tether_Assurance_Consolidated_Reserves_Report_2022-03-31__3_.pdf,0.03414875767052289
2022-03-31,Funds,6798150552.0,https://assets.ctfassets.net/vyse88cgwfbl/1np5dpcwuHrWJ4AgUgI3Vn/e0dac722de3cea07766e05c52773748b/Tether_Assurance_Consolidated_Reserves_Report_2022-03-31__3_.pdf,0.06224602005326797
2022-03-31,Money Market Funds,6798150552.0,https://assets.ctfassets.net/vyse88cgwfbl/1np5dpcwuHrWJ4AgUgI3Vn/e0dac722de3cea07766e05c52773748b/Tether_Assurance_Consolidated_Reserves_Report_2022-03-31__3_.pdf,0.06224602005326797
2022-03-31,Non-U.S. Treasury Bills,286155289.0,https://assets.ctfassets.net/vyse88cgwfbl/1np5dpcwuHrWJ4AgUgI3Vn/e0dac722de3cea07766e05c52773748b/Tether_Assurance_Consolidated_Reserves_Report_2022-03-31__3_.pdf,0.0026201284777670063
2022-03-31,Other Investments,4959634446.0,https://assets.ctfassets.net/vyse88cgwfbl/1np5dpcwuHrWJ4AgUgI3Vn/e0dac722de3cea07766e05c52773748b/Tether_Assurance_Consolidated_Reserves_Report_2022-03-31__3_.pdf,0.04541198415968747
2022-03-31,Secured Loans,3149732368.0,https://assets.ctfassets.net/vyse88cgwfbl/1np5dpcwuHrWJ4AgUgI3Vn/e0dac722de3cea07766e05c52773748b/Tether_Assurance_Consolidated_Reserves_Report_2022-03-31__3_.pdf,0.028839947371167785
2022-03-31,U.S. Treasury Bills,39199221428.0,https://assets.ctfassets.net/vyse88cgwfbl/1np5dpcwuHrWJ4AgUgI3Vn/e0dac722de3cea07766e05c52773748b/Tether_Assurance_Consolidated_Reserves_Report_2022-03-31__3_.pdf,0.3589204893913299
2022-06-30,Cash & Bank Deposits,5418232067.0,https://assets.ctfassets.net/vyse88cgwfbl/2xJyKdUKicdRUWpC9buRWR/6fe2987698dbbf39b947af718d736ddb/Std_ISAE_3000R_Opinion_30-6-2022_RC134792022BD0303.pdf,0.05728128508832062
2022-06-30,Certificates of Deposit,8402426505.0,https://assets.ctfassets.net/vyse88cgwfbl/2xJyKdUKicdRUWpC9buRWR/6fe2987698dbbf39b947af718d736ddb/Std_ISAE_3000R_Opinion_30-6-2022_RC134792022BD0303.pdf,0.08883004310538078
2022-06-30,Commercial Paper,28856434491.0,https://assets.ctfassets.net/vyse88cgwfbl/2xJyKdUKicdRUWpC9buRWR/6fe2987698dbbf39b947af718d736ddb/Std_ISAE_3000R_Opinion_30-6-2022_RC134792022BD0303.pdf,0.3050688177013846
2022-06-30,Corporate Bonds,3486896735.0,https://assets.ctfassets.net/vyse88cgwfbl/2xJyKdUKicdRUWpC9buRWR/6fe2987698dbbf39b947af718d736ddb/Std_ISAE_3000R_Opinion_30-6-2022_RC134792022BD0303.pdf,0.0368633021770253
2022-06-30,Funds,6810253431.0,https://assets.ctfassets.net/vyse88cgwfbl/2xJyKdUKicdRUWpC9buRWR/6fe2987698dbbf39b947af718d736ddb/Std_ISAE_3000R_Opinion_30-6-2022_RC134792022BD0303.pdf,0.07199766703990913
2022-06-30,Money Market Funds,6810253431.0,https://assets.ctfassets.net/vyse88cgwfbl/2xJyKdUKicdRUWpC9buRWR/6fe2987698dbbf39b947af718d736ddb/Std_ISAE_3000R_Opinion_30-6-2022_RC134792022BD0303.pdf,0.07199766703990913
2022-06-30,Non-U.S. Treasury Bills,397150678.0,https://assets.ctfassets.net/vyse88cgwfbl/2xJyKdUKicdRUWpC9buRWR/6fe2987698dbbf39b947af718d736ddb/Std_ISAE_3000R_Opinion_30-6-2022_RC134792022BD0303.pdf,0.004198657593146208
2022-06-30,Other Investments,5551836303.0,https://assets.ctfassets.net/vyse88cgwfbl/2xJyKdUKicdRUWpC9buRWR/6fe2987698dbbf39b947af718d736ddb/Std_ISAE_3000R_Opinion_30-6-2022_RC134792022BD0303.pdf,0.05869374255353965
2022-06-30,U.S. Treasury Bills,28856434491.0,https://assets.ctfassets.net/vyse88cgwfbl/2xJyKdUKicdRUWpC9buRWR/6fe2987698dbbf39b947af718d736ddb/Std_ISAE_3000R_Opinion_30-6-2022_RC134792022BD0303.pdf,0.3050688177013846
2022-09-30,Cash & Bank Deposits,6077722223.0,https://assets.ctfassets.net/vyse88cgwfbl/1Xfu4398CIoMiuKjPhvnHM/6d1608c90bb775d2d432b7b24264da28/ESO.02_Std_ISAE_3000R_Opinion_30-9-2022_RC134792022BD0548.pdf,0.05750938963454997
2022-09-30,Certificates of Deposit,49981855.0,https://assets.ctfassets.net/vyse88cgwfbl/1Xfu4398CIoMiuKjPhvnHM/6d1608c90bb775d2d432b7b24264da28/ESO.02_Std_ISAE_3000R_Opinion_30-9-2022_RC134792022BD0548.pdf,0.0004729446112187973
2022-09-30,Commercial Paper,39678465980.0,https://assets.ctfassets.net/vyse88cgwfbl/1Xfu4398CIoMiuKjPhvnHM/6d1608c90bb775d2d432b7b24264da28/ESO.02_Std_ISAE_3000R_Opinion_30-9-2022_RC134792022BD0548.pdf,0.37545058435044826
2022-09-30,Corporate Bonds,3194369894.0,https://assets.ctfassets.net/vyse88cgwfbl/1Xfu4398CIoMiuKjPhvnHM/6d1608c90bb775d2d432b7b24264da28/ESO.02_Std_ISAE_3000R_Opinion_30-9-2022_RC134792022BD0548.pdf,0.030226169629095613
2022-09-30,Funds,7101935591.0,https://assets.ctfassets.net/vyse88cgwfbl/1Xfu4398CIoMiuKjPhvnHM/6d1608c90bb775d2d432b7b24264da28/ESO.02_Std_ISAE_3000R_Opinion_30-9-2022_RC134792022BD0548.pdf,0.0672008305211248
2022-09-30,Money Market Funds,7101935591.0,https://assets.ctfassets.net/vyse88cgwfbl/1Xfu4398CIoMiuKjPhvnHM/6d1608c90bb775d2d432b7b24264da28/ESO.02_Std_ISAE_3000R_Opinion_30-9-2022_RC134792022BD0548.pdf,0.0672008305211248
2022-09-30,Non-U.S. Treasury Bills,182114357.0,https://assets.ctfassets.net/vyse88cgwfbl/1Xfu4398CIoMiuKjPhvnHM/6d1608c90bb775d2d432b7b24264da28/ESO.02_Std_ISAE_3000R_Opinion_30-9-2022_RC134792022BD0548.pdf,0.0017232254338844818
2022-09-30,Other Investments,2617267750.0,https://assets.ctfassets.net/vyse88cgwfbl/1Xfu4398CIoMiuKjPhvnHM/6d1608c90bb775d2d432b7b24264da28/ESO.02_Std_ISAE_3000R_Opinion_30-9-2022_RC134792022BD0548.pdf,0.024765440948104993
2022-09-30,U.S. Treasury Bills,39678465980.0,https://assets.ctfassets.net/vyse88cgwfbl/1Xfu4398CIoMiuKjPhvnHM/6d1608c90bb775d2d432b7b24264da28/ESO.02_Std_ISAE_3000R_Opinion_30-9-2022_RC134792022BD0548.pdf,0.37545058435044826
2022-12-31,Cash & Bank Deposits,5318311794.0,https://assets.ctfassets.net/vyse88cgwfbl/53L8YRM4ZHCEeqlpKbc3Q8/2e6cbcd1593b3e5ea867718c5938d6c8/Std_ISAE_3000R_Opinion_BDO_31-12-2022_Tether_CRR.pdf,0.047433536425209935
2022-12-31,Certificates of Deposit,7372926391.0,https://assets.ctfassets.net/vyse88cgwfbl/53L8YRM4ZHCEeqlpKbc3Q8/2e6cbcd1593b3e5ea867718c5938d6c8/Std_ISAE_3000R_Opinion_BDO_31-12-2022_Tether_CRR.pdf,0.06575845608045035
2022-12-31,Commercial Paper,39230259046.0,https://assets.ctfassets.net/vyse88cgwfbl/53L8YRM4ZHCEeqlpKbc3Q8/2e6cbcd1593b3e5ea867718c5938d6c8/Std_ISAE_3000R_Opinion_BDO_31-12-2022_Tether_CRR.pdf,0.3498910920431948
2022-12-31,Corporate Bonds,3444097599.0,https://assets.ctfassets.net/vyse88cgwfbl/53L8YRM4ZHCEeqlpKbc3Q8/2e6cbcd1593b3e5ea867718c5938d6c8/Std_ISAE_3000R_Opinion_BDO_31-12-2022_Tether_CRR.pdf,0.03071759145419983
2022-12-31,Funds,7372926391.0,https://assets.ctfassets.net/vyse88cgwfbl/53L8YRM4ZHCEeqlpKbc3Q8/2e6cbcd1593b3e5ea867718c5938d6c8/Std_ISAE_3000R_Opinion_BDO_31-12-2022_Tether_CRR.pdf,0.06575845608045035
2022-12-31,Money Market Funds,7372926391.0,https://assets.ctfassets.net/vyse88cgwfbl/53L8YRM4ZHCEeqlpKbc3Q8/2e6cbcd1593b3e5ea867718c5938d6c8/Std_ISAE_3000R_Opinion_BDO_31-12-2022_Tether_CRR.pdf,0.06575845608045035
2022-12-31,Non-U.S. Treasury Bills,93849833.0,https://assets.ctfassets.net/vyse88cgwfbl/53L8YRM4ZHCEeqlpKbc3Q8/2e6cbcd1593b3e5ea867718c5938d6c8/Std_ISAE_3000R_Opinion_BDO_31-12-2022_Tether_CRR.pdf,0.0008370380760916646
2022-12-31,Other Investments,2685786230.0,https://assets.ctfassets.net/vyse88cgwfbl/53L8YRM4ZHCEeqlpKbc3Q8/2e6cbcd1593b3e5ea867718c5938d6c8/Std_ISAE_3000R_Opinion_BDO_31-12-2022_Tether_CRR.pdf,0.023954281716757928
2022-12-31,U.S. Treasury Bills,39230259046.0,https://assets.ctfassets.net/vyse88cgwfbl/53L8YRM4ZHCEeqlpKbc3Q8/2e6cbcd1593b3e5ea867718c5938d6c8/Std_ISAE_3000R_Opinion_BDO_31-12-2022_Tether_CRR.pdf,0.3498910920431948
2023-03-31,Bitcoin,1500064140.0,https://assets.ctfassets.net/vyse88cgwfbl/24G4DuQ0HE7h7EQE6vGy4J/8a8a170edf687ea07b3f86048af8b87b/ESO.03.01_Std_ISAE_3000R_Opinion_31-03-2023_BDO_Tether_CRR.pdf,0.01862365254240262
2023-03-31,Cash & Bank Deposits,481350555.0,https://assets.ctfassets.net/vyse88cgwfbl/24G4DuQ0HE7h7EQE6vGy4J/8a8a170edf687ea07b3f86048af8b87b/ESO.03.01_Std_ISAE_3000R_Opinion_31-03-2023_BDO_Tether_CRR.pdf,0.005976081454365453
2023-03-31,Corporate Bonds,140669244.0,https://assets.ctfassets.net/vyse88cgwfbl/24G4DuQ0HE7h7EQE6vGy4J/8a8a170edf687ea07b3f86048af8b87b/ESO.03.01_Std_ISAE_3000R_Opinion_31-03-2023_BDO_Tether_CRR.pdf,0.0017464420712426701
2023-03-31,Funds,7453204896.0,https://assets.ctfassets.net/vyse88cgwfbl/24G4DuQ0HE7h7EQE6vGy4J/8a8a170edf687ea07b3f86048af8b87b/ESO.03.01_Std_ISAE_3000R_Opinion_31-03-2023_BDO_Tether_CRR.pdf,0.09253330881600706
2023-03-31,Money Market Funds,7453204896.0,https://assets.ctfassets.net/vyse88cgwfbl/24G4DuQ0HE7h7EQE6vGy4J/8a8a170edf687ea07b3f86048af8b87b/ESO.03.01_Std_ISAE_3000R_Opinion_31-03-2023_BDO_Tether_CRR.pdf,0.09253330881600706
2023-03-31,Non-U.S. Treasury Bills,47680940.0,https://assets.ctfassets.net/vyse88cgwfbl/24G4DuQ0HE7h7EQE6vGy4J/8a8a170edf687ea07b3f86048af8b87b/ESO.03.01_Std_ISAE_3000R_Opinion_31-03-2023_BDO_Tether_CRR.pdf,0.0005919701936579504
2023-03-31,Other Investments,2138395675.0,https://assets.ctfassets.net/vyse88cgwfbl/24G4DuQ0HE7h7EQE6vGy4J/8a8a170edf687ea07b3f86048af8b87b/ESO.03.01_Std_ISAE_3000R_Opinion_31-03-2023_BDO_Tether_CRR.pdf,0.026548690144260444
2023-03-31,Overnight Reverse Repurchase Agreements,7500000000.0,https://assets.ctfassets.net/vyse88cgwfbl/24G4DuQ0HE7h7EQE6vGy4J/8a8a170edf687ea07b3f86048af8b87b/ESO.03.01_Std_ISAE_3000R_Opinion_31-03-2023_BDO_Tether_CRR.pdf,0.09311428114535134
2023-03-31,Term Reverse Repurchase Agreements,786850807.0,https://assets.ctfassets.net/vyse88cgwfbl/24G4DuQ0HE7h7EQE6vGy4J/8a8a170edf687ea07b3f86048af8b87b/ESO.03.01_Std_ISAE_3000R_Opinion_31-03-2023_BDO_Tether_CRR.pdf,0.00976893963499261
2023-03-31,U.S. Treasury Bills,53044762609.0,https://assets.ctfassets.net/vyse88cgwfbl/24G4DuQ0HE7h7EQE6vGy4J/8a8a170edf687ea07b3f86048af8b87b/ESO.03.01_Std_ISAE_3000R_Opinion_31-03-2023_BDO_Tether_CRR.pdf,0.6585633251817128
2023-06-30,Bitcoin,1676229360.0,https://assets.ctfassets.net/vyse88cgwfbl/63oJePOHqIvrcnXWMPZ1M0/4cfaf2e7cdf80c30b17fdc70faaf741f/ESO.03.01_Std_ISAE_3000R_Opinion_30-06-2023_BDO_Tether_CRR.pdf,0.019523137109204582
2023-06-30,Cash & Bank Deposits,90811797.0,https://assets.ctfassets.net/vyse88cgwfbl/63oJePOHqIvrcnXWMPZ1M0/4cfaf2e7cdf80c30b17fdc70faaf741f/ESO.03.01_Std_ISAE_3000R_Opinion_30-06-2023_BDO_Tether_CRR.pdf,0.001057690078859049
2023-06-30,Corporate Bonds,115496758.0,https://assets.ctfassets.net/vyse88cgwfbl/63oJePOHqIvrcnXWMPZ1M0/4cfaf2e7cdf80c30b17fdc70faaf741f/ESO.03.01_Std_ISAE_3000R_Opinion_30-06-2023_BDO_Tether_CRR.pdf,0.001345197200282079
2023-06-30,Funds,8133865426.0,https://assets.ctfassets.net/vyse88cgwfbl/63oJePOHqIvrcnXWMPZ1M0/4cfaf2e7cdf80c30b17fdc70faaf741f/ESO.03.01_Std_ISAE_3000R_Opinion_30-06-2023_BDO_Tether_CRR.pdf,0.09473558555233559
2023-06-30,Money Market Funds,8133865426.0,https://assets.ctfassets.net/vyse88cgwfbl/63oJePOHqIvrcnXWMPZ1M0/4cfaf2e7cdf80c30b17fdc70faaf741f/ESO.03.01_Std_ISAE_3000R_Opinion_30-06-2023_BDO_Tether_CRR.pdf,0.09473558555233559
2023-06-30,Non-U.S. Treasury Bills,62937172.0,https://assets.ctfassets.net/vyse88cgwfbl/63oJePOHqIvrcnXWMPZ1M0/4cfaf2e7cdf80c30b17fdc70faaf741f/ESO.03.01_Std_ISAE_3000R_Opinion_30-06-2023_BDO_Tether_CRR.pdf,0.0007330327624267311
2023-06-30,Other Investments,2365438303.0,https://assets.ctfassets.net/vyse88cgwfbl/63oJePOHqIvrcnXWMPZ1M0/4cfaf2e7cdf80c30b17fdc70faaf741f/ESO.03.01_Std_ISAE_3000R_Opinion_30-06-2023_BDO_Tether_CRR.pdf,0.02755039221651219
2023-06-30,Overnight Reverse Repurchase Agreements,8893000000.0,https://assets.ctfassets.net/vyse88cgwfbl/63oJePOHqIvrcnXWMPZ1M0/4cfaf2e7cdf80c30b17fdc70faaf741f/ESO.03.01_Std_ISAE_3000R_Opinion_30-06-2023_BDO_Tether_CRR.pdf,0.10357726839491485
2023-06-30,Term Reverse Repurchase Agreements,577232281.0,https://assets.ctfassets.net/vyse88cgwfbl/63oJePOHqIvrcnXWMPZ1M0/4cfaf2e7cdf80c30b17fdc70faaf741f/ESO.03.01_Std_ISAE_3000R_Opinion_30-06-2023_BDO_Tether_CRR.pdf,0.00672305666202023
2023-06-30,U.S. Treasury Bills,55809730658.0,https://assets.ctfassets.net/vyse88cgwfbl/63oJePOHqIvrcnXWMPZ1M0/4cfaf2e7cdf80c30b17fdc70faaf741f/ESO.03.01_Std_ISAE_3000R_Opinion_30-06-2023_BDO_Tether_CRR.pdf,0.6500190544711091
2023-09-30,Bitcoin,1661948724.0,https://assets.ctfassets.net/vyse88cgwfbl/36XORApdEYAq3AsH1FTXRT/9205ac62f2f57178c47ac5e2eca098c0/Std_ISAE_3000R_Opinion_30-09-2023_BDO_Tether_CRR_RC134792023BD0430.pdf,0.019257729113367185
2023-09-30,Cash & Bank Deposits,292641978.0,https://assets.ctfassets.net/vyse88cgwfbl/36XORApdEYAq3AsH1FTXRT/9205ac62f2f57178c47ac5e2eca098c0/Std_ISAE_3000R_Opinion_30-09-2023_BDO_Tether_CRR_RC134792023BD0430.pdf,0.003390971007793836
2023-09-30,Corporate Bonds,88570555.0,https://assets.ctfassets.net/vyse88cgwfbl/36XORApdEYAq3AsH1FTXRT/9205ac62f2f57178c47ac5e2eca098c0/Std_ISAE_3000R_Opinion_30-09-2023_BDO_Tether_CRR_RC134792023BD0430.pdf,0.00102630588476001
2023-09-30,Funds,8233687005.0,https://assets.ctfassets.net/vyse88cgwfbl/36XORApdEYAq3AsH1FTXRT/9205ac62f2f57178c47ac5e2eca098c0/Std_ISAE_3000R_Opinion_30-09-2023_BDO_Tether_CRR_RC134792023BD0430.pdf,0.09540734419586194
2023-09-30,Money Market Funds,8233687005.0,https://assets.ctfassets.net/vyse88cgwfbl/36XORApdEYAq3AsH1FTXRT/9205ac62f2f57178c47ac5e2eca098c0/Std_ISAE_3000R_Opinion_30-09-2023_BDO_Tether_CRR_RC134792023BD0430.pdf,0.09540734419586194
2023-09-30,Non-U.S. Treasury Bills,65248902.0,https://assets.ctfassets.net/vyse88cgwfbl/36XORApdEYAq3AsH1FTXRT/9205ac62f2f57178c47ac5e2eca098c0/Std_ISAE_3000R_Opinion_30-09-2023_BDO_Tether_CRR_RC134792023BD0430.pdf,0.0007560676581142478
2023-09-30,Other Investments,2257992725.0,https://assets.ctfassets.net/vyse88cgwfbl/36XORApdEYAq3AsH1FTXRT/9205ac62f2f57178c47ac5e2eca098c0/Std_ISAE_3000R_Opinion_30-09-2023_BDO_Tether_CRR_RC134792023BD0430.pdf,0.026164352491782294
2023-09-30,Overnight Reverse Repurchase Agreements,8203000000.0,https://assets.ctfassets.net/vyse88cgwfbl/36XORApdEYAq3AsH1FTXRT/9205ac62f2f57178c47ac5e2eca098c0/Std_ISAE_3000R_Opinion_30-09-2023_BDO_Tether_CRR_RC134792023BD0430.pdf,0.09505176040374097
2023-09-30,Term Reverse Repurchase Agreements,652002048.0,https://assets.ctfassets.net/vyse88cgwfbl/36XORApdEYAq3AsH1FTXRT/9205ac62f2f57178c47ac5e2eca098c0/Std_ISAE_3000R_Opinion_30-09-2023_BDO_Tether_CRR_RC134792023BD0430.pdf,0.007555033822899478
2023-09-30,U.S. Treasury Bills,56611569049.0,https://assets.ctfassets.net/vyse88cgwfbl/36XORApdEYAq3AsH1FTXRT/9205ac62f2f57178c47ac5e2eca098c0/Std_ISAE_3000R_Opinion_30-09-2023_BDO_Tether_CRR_RC134792023BD0430.pdf,0.6559830912258181
2023-12-31,Bitcoin,2820162484.0,https://assets.ctfassets.net/vyse88cgwfbl/7DZ8nVyr8zTaWhJqTIsMsH/b8e55bc151c9bb74adf20ff840e84088/ESO.03.01_Std_ISAE_3000R_Opinion_31-12-2023_BDO_Tether_CRR_RC134792023BD0684__1_.pdf,0.0290618162938846
2023-12-31,Cash & Bank Deposits,394746540.0,https://assets.ctfassets.net/vyse88cgwfbl/7DZ8nVyr8zTaWhJqTIsMsH/b8e55bc151c9bb74adf20ff840e84088/ESO.03.01_Std_ISAE_3000R_Opinion_31-12-2023_BDO_Tether_CRR_RC134792023BD0684__1_.pdf,0.004067868959044903
2023-12-31,Corporate Bonds,44412069.0,https://assets.ctfassets.net/vyse88cgwfbl/7DZ8nVyr8zTaWhJqTIsMsH/b8e55bc151c9bb74adf20ff840e84088/ESO.03.01_Std_ISAE_3000R_Opinion_31-12-2023_BDO_Tether_CRR_RC134792023BD0684__1_.pdf,0.0004576670308296063
2023-12-31,Funds,8339339590.0,https://assets.ctfassets.net/vyse88cgwfbl/7DZ8nVyr8zTaWhJqTIsMsH/b8e55bc151c9bb74adf20ff840e84088/ESO.03.01_Std_ISAE_3000R_Opinion_31-12-2023_BDO_Tether_CRR_RC134792023BD0684__1_.pdf,0.08593701836397413
2023-12-31,Money Market Funds,8339339590.0,https://assets.ctfassets.net/vyse88cgwfbl/7DZ8nVyr8zTaWhJqTIsMsH/b8e55bc151c9bb74adf20ff840e84088/ESO.03.01_Std_ISAE_3000R_Opinion_31-12-2023_BDO_Tether_CRR_RC134792023BD0684__1_.pdf,0.08593701836397413
2023-12-31,Non-U.S. Treasury Bills,69259151.0,https://assets.ctfassets.net/vyse88cgwfbl/7DZ8nVyr8zTaWhJqTIsMsH/b8e55bc151c9bb74adf20ff840e84088/ESO.03.01_Std_ISAE_3000R_Opinion_31-12-2023_BDO_Tether_CRR_RC134792023BD0684__1_.pdf,0.0007137165799672463
2023-12-31,Other Investments,3772433767.0,https://assets.ctfassets.net/vyse88cgwfbl/7DZ8nVyr8zTaWhJqTIsMsH/b8e55bc151c9bb74adf20ff840e84088/ESO.03.01_Std_ISAE_3000R_Opinion_31-12-2023_BDO_Tether_CRR_RC134792023BD0684__1_.pdf,0.03887498601211839
2023-12-31,Overnight Reverse Repurchase Agreements,9359124175.0,https://assets.ctfassets.net/vyse88cgwfbl/7DZ8nVyr8zTaWhJqTIsMsH/b8e55bc151c9bb74adf20ff840e84088/ESO.03.01_Std_ISAE_3000R_Opinion_31-12-2023_BDO_Tether_CRR_RC134792023BD0684__1_.pdf,0.09644591366229388
2023-12-31,Term Reverse Repurchase Agreements,815301051.0,https://assets.ctfassets.net/vyse88cgwfbl/7DZ8nVyr8zTaWhJqTIsMsH/b8e55bc151c9bb74adf20ff840e84088/ESO.03.01_Std_ISAE_3000R_Opinion_31-12-2023_BDO_Tether_CRR_RC134792023BD0684__1_.pdf,0.00840168944264739
2023-12-31,U.S. Treasury Bills,63086013400.0,https://assets.ctfassets.net/vyse88cgwfbl/7DZ8nVyr8zTaWhJqTIsMsH/b8e55bc151c9bb74adf20ff840e84088/ESO.03.01_Std_ISAE_3000R_Opinion_31-12-2023_BDO_Tether_CRR_RC134792023BD0684__1_.pdf,0.6501023052912657
2024-03-31,Cash & Bank Deposits,100264024.0,https://assets.ctfassets.net/vyse88cgwfbl/2JwUN6EeDvWi02CyuQd2nJ/d7b3b4c3800ec70abd7282cc79fa2973/ISAE_3000R_-_Opinion_on_Consolidated_Financials_Figures_and_Reserves_Report_31.03.2024_RC134792024BD0043.pdf,0.0009752516943816457
2024-03-31,Corporate Bonds,25111317.0,https://assets.ctfassets.net/vyse88cgwfbl/2JwUN6EeDvWi02CyuQd2nJ/d7b3b4c3800ec70abd7282cc79fa2973/ISAE_3000R_-_Opinion_on_Consolidated_Financials_Figures_and_Reserves_Report_31.03.2024_RC134792024BD0043.pdf,0.000244253656250667
2024-03-31,Funds,6279586483.0,https://assets.ctfassets.net/vyse88cgwfbl/2JwUN6EeDvWi02CyuQd2nJ/d7b3b4c3800ec70abd7282cc79fa2973/ISAE_3000R_-_Opinion_on_Consolidated_Financials_Figures_and_Reserves_Report_31.03.2024_RC134792024BD0043.pdf,0.061080506379455
2024-03-31,Money Market Funds,6279586483.0,https://assets.ctfassets.net/vyse88cgwfbl/2JwUN6EeDvWi02CyuQd2nJ/d7b3b4c3800ec70abd7282cc79fa2973/ISAE_3000R_-_Opinion_on_Consolidated_Financials_Figures_and_Reserves_Report_31.03.2024_RC134792024BD0043.pdf,0.061080506379455
2024-03-31,Non-U.S. Treasury Bills,122452086.0,https://assets.ctfassets.net/vyse88cgwfbl/2JwUN6EeDvWi02CyuQd2nJ/d7b3b4c3800ec70abd7282cc79fa2973/ISAE_3000R_-_Opinion_on_Consolidated_Financials_Figures_and_Reserves_Report_31.03.2024_RC134792024BD0043.pdf,0.0011910713293540563
2024-03-31,Other Investments,3805605037.0,https://assets.ctfassets.net/vyse88cgwfbl/2JwUN6EeDvWi02CyuQd2nJ/d7b3b4c3800ec70abd7282cc79fa2973/ISAE_3000R_-_Opinion_on_Consolidated_Financials_Figures_and_Reserves_Report_31.03.2024_RC134792024BD0043.pdf,0.03701649517359861
2024-03-31,Overnight Reverse Repurchase Agreements,11311946813.0,https://assets.ctfassets.net/vyse88cgwfbl/2JwUN6EeDvWi02CyuQd2nJ/d7b3b4c3800ec70abd7282cc79fa2973/ISAE_3000R_-_Opinion_on_Consolidated_Financials_Figures_and_Reserves_Report_31.03.2024_RC134792024BD0043.pdf,0.11002944880940851
2024-03-31,Term Reverse Repurchase Agreements,838514084.0,https://assets.ctfassets.net/vyse88cgwfbl/2JwUN6EeDvWi02CyuQd2nJ/d7b3b4c3800ec70abd7282cc79fa2973/ISAE_3000R_-_Opinion_on_Consolidated_Financials_Figures_and_Reserves_Report_31.03.2024_RC134792024BD0043.pdf,0.008156088779998233
2024-03-31,U.S. Treasury Bills,74045290303.0,https://assets.ctfassets.net/vyse88cgwfbl/2JwUN6EeDvWi02CyuQd2nJ/d7b3b4c3800ec70abd7282cc79fa2973/ISAE_3000R_-_Opinion_on_Consolidated_Financials_Figures_and_Reserves_Report_31.03.2024_RC134792024BD0043.pdf,0.7202263777980983
2024-06-30,Cash & Bank Deposits,109867228.0,https://assets.ctfassets.net/vyse88cgwfbl/6h4YWqZOXbwtBaPtYgICGy/d7462f312aa15b872f8474322ba90363/ISAE_3000R_-_Opinion_on_Consolidated_Financials_Figures_30.06.2024_RC134792024BD0209.pdf,0.0010634026325706664
2024-06-30,Corporate Bonds,17377107.0,https://assets.ctfassets.net/vyse88cgwfbl/6h4YWqZOXbwtBaPtYgICGy/d7462f312aa15b872f8474322ba90363/ISAE_3000R_-_Opinion_on_Consolidated_Financials_Figures_30.06.2024_RC134792024BD0209.pdf,0.00016819266005566424
2024-06-30,Money Market Funds,6355402510.0,https://assets.ctfassets.net/vyse88cgwfbl/6h4YWqZOXbwtBaPtYgICGy/d7462f312aa15b872f8474322ba90363/ISAE_3000R_-_Opinion_on_Consolidated_Financials_Figures_30.06.2024_RC134792024BD0209.pdf,0.0615138097429765
2024-06-30,Non-U.S. Treasury Bills,72412344.0,https://assets.ctfassets.net/vyse88cgwfbl/6h4YWqZOXbwtBaPtYgICGy/d7462f312aa15b872f8474322ba90363/ISAE_3000R_-_Opinion_on_Consolidated_Financials_Figures_30.06.2024_RC134792024BD0209.pdf,0.0007008775832608856
2024-06-30,Other Investments,3528626010.0,https://assets.ctfassets.net/vyse88cgwfbl/6h4YWqZOXbwtBaPtYgICGy/d7462f312aa15b872f8474322ba90363/ISAE_3000R_-_Opinion_on_Consolidated_Financials_Figures_30.06.2024_RC134792024BD0209.pdf,0.03415349833338224
2024-06-30,Overnight Reverse Repurchase Agreements,11286972273.0,https://assets.ctfassets.net/vyse88cgwfbl/6h4YWqZOXbwtBaPtYgICGy/d7462f312aa15b872f8474322ba90363/ISAE_3000R_-_Opinion_on_Consolidated_Financials_Figures_30.06.2024_RC134792024BD0209.pdf,0.10924637171022752
2024-06-30,Term Reverse Repurchase Agreements,997373133.0,https://assets.ctfassets.net/vyse88cgwfbl/6h4YWqZOXbwtBaPtYgICGy/d7462f312aa15b872f8474322ba90363/ISAE_3000R_-_Opinion_on_Consolidated_Financials_Figures_30.06.2024_RC134792024BD0209.pdf,0.009653553972322423
2024-06-30,U.S. Treasury Bills,80948647984.0,https://assets.ctfassets.net/vyse88cgwfbl/6h4YWqZOXbwtBaPtYgICGy/d7462f312aa15b872f8474322ba90363/ISAE_3000R_-_Opinion_on_Consolidated_Financials_Figures_30.06.2024_RC134792024BD0209.pdf,0.7835002933652041
2024-12-31,Cash & Bank Deposits,108844601.0,https://assets.ctfassets.net/vyse88cgwfbl/6L2yLNnLltcCP6ZcTxJrll/aea0ec279fea08637445c8be57f63d87/ISAE_3000R_-_Opinion_on_Tether_Consolidated_Financials_Figures_31.12.2024.pdf,0.0010350846252494832
2024-12-31,Corporate Bonds,14270773.0,https://assets.ctfassets.net/vyse88cgwfbl/6L2yLNnLltcCP6ZcTxJrll/aea0ec279fea08637445c8be57f63d87/ISAE_3000R_-_Opinion_on_Tether_Consolidated_Financials_Figures_31.12.2024.pdf,0.00013571144169774156
2024-12-31,Money Market Funds,6506444067.0,https://assets.ctfassets.net/vyse88cgwfbl/6L2yLNnLltcCP6ZcTxJrll/aea0ec279fea08637445c8be57f63d87/ISAE_3000R_-_Opinion_on_Tether_Consolidated_Financials_Figures_31.12.2024.pdf,0.06187463739058052
2024-12-31,Non-U.S. Treasury Bills,69263354.0,https://assets.ctfassets.net/vyse88cgwfbl/6L2yLNnLltcCP6ZcTxJrll/aea0ec279fea08637445c8be57f63d87/ISAE_3000R_-_Opinion_on_Tether_Consolidated_Financials_Figures_31.12.2024.pdf,0.0006586769776354115
2024-12-31,Other Investments,3984793433.0,https://assets.ctfassets.net/vyse88cgwfbl/6L2yLNnLltcCP6ZcTxJrll/aea0ec279fea08637445c8be57f63d87/ISAE_3000R_-_Opinion_on_Tether_Consolidated_Financials_Figures_31.12.2024.pdf,0.037894377666866604
2024-12-31,U.S. Treasury Bills,94471651607.0,https://assets.ctfassets.net/vyse88cgwfbl/6L2yLNnLltcCP6ZcTxJrll/aea0ec279fea08637445c8be57f63d87/ISAE_3000R_-_Opinion_on_Tether_Consolidated_Financials_Figures_31.12.2024.pdf,0.8984015118979702
2025-03-31,Cash & Bank Deposits,64302555.0,https://assets.ctfassets.net/vyse88cgwfbl/1LdSmP3HBynDxm6wvkDSsL/c4bcbd1f6fc18a0e8b3a12444ac8ae97/ISAE_3000R_-_Opinion_Tether_International_Financial_Figures___Reserves_Report_31.03.2025_RC187322025BD0040.pdf,0.0005557619193260465
2025-03-31,Corporate Bonds,14354777.0,https://assets.ctfassets.net/vyse88cgwfbl/1LdSmP3HBynDxm6wvkDSsL/c4bcbd1f6fc18a0e8b3a12444ac8ae97/ISAE_3000R_-_Opinion_Tether_International_Financial_Figures___Reserves_Report_31.03.2025_RC187322025BD0040.pdf,0.000124067207236437
2025-03-31,Funds,6285638008.0,https://assets.ctfassets.net/vyse88cgwfbl/1LdSmP3HBynDxm6wvkDSsL/c4bcbd1f6fc18a0e8b3a12444ac8ae97/ISAE_3000R_-_Opinion_Tether_International_Financial_Figures___Reserves_Report_31.03.2025_RC187322025BD0040.pdf,0.05432627433723011
2025-03-31,Money Market Funds,6285638008.0,https://assets.ctfassets.net/vyse88cgwfbl/1LdSmP3HBynDxm6wvkDSsL/c4bcbd1f6fc18a0e8b3a12444ac8ae97/ISAE_3000R_-_Opinion_Tether_International_Financial_Figures___Reserves_Report_31.03.2025_RC187322025BD0040.pdf,0.05432627433723011
2025-03-31,Non-U.S. Treasury Bills,65886184.0,https://assets.ctfassets.net/vyse88cgwfbl/1LdSmP3HBynDxm6wvkDSsL/c4bcbd1f6fc18a0e8b3a12444ac8ae97/ISAE_3000R_-_Opinion_Tether_International_Financial_Figures___Reserves_Report_31.03.2025_RC187322025BD0040.pdf,0.0005694491000693371
2025-03-31,Other Investments,4462144209.0,https://assets.ctfassets.net/vyse88cgwfbl/1LdSmP3HBynDxm6wvkDSsL/c4bcbd1f6fc18a0e8b3a12444ac8ae97/ISAE_3000R_-_Opinion_Tether_International_Financial_Figures___Reserves_Report_31.03.2025_RC187322025BD0040.pdf,0.03856596102446386
2025-03-31,U.S. Treasury Bills,98523657338.0,https://assets.ctfassets.net/vyse88cgwfbl/1LdSmP3HBynDxm6wvkDSsL/c4bcbd1f6fc18a0e8b3a12444ac8ae97/ISAE_3000R_-_Opinion_Tether_International_Financial_Figures___Reserves_Report_31.03.2025_RC187322025BD0040.pdf,0.8515322120744441
2025-06-30,Bitcoin,107240.0,https://assets.ctfassets.net/vyse88cgwfbl/2SGAAXnsb1wKByIzkhcbSx/9efa4682b3cd4c62d87a4c88ee729693/ISAE_3000R_-_Opinion_Tether_International_Financial_Figure_RC187322025BD0201.pdf,8.710097597524174e-07
2025-06-30,Cash & Bank Deposits,32430726.0,https://assets.ctfassets.net/vyse88cgwfbl/2SGAAXnsb1wKByIzkhcbSx/9efa4682b3cd4c62d87a4c88ee729693/ISAE_3000R_-_Opinion_Tether_International_Financial_Figure_RC187322025BD0201.pdf,0.0002634043161307019
2025-06-30,Corporate Bonds,14605090.0,https://assets.ctfassets.net/vyse88cgwfbl/2SGAAXnsb1wKByIzkhcbSx/9efa4682b3cd4c62d87a4c88ee729693/ISAE_3000R_-_Opinion_Tether_International_Financial_Figure_RC187322025BD0201.pdf,0.00011862342346197719
2025-06-30,Funds,6345999587.0,https://assets.ctfassets.net/vyse88cgwfbl/2SGAAXnsb1wKByIzkhcbSx/9efa4682b3cd4c62d87a4c88ee729693/ISAE_3000R_-_Opinion_Tether_International_Financial_Figure_RC187322025BD0201.pdf,0.05154259208934922
2025-06-30,Money Market Funds,6345999587.0,https://assets.ctfassets.net/vyse88cgwfbl/2SGAAXnsb1wKByIzkhcbSx/9efa4682b3cd4c62d87a4c88ee729693/ISAE_3000R_-_Opinion_Tether_International_Financial_Figure_RC187322025BD0201.pdf,0.05154259208934922
2025-06-30,Non-U.S. Treasury Bills,48169774.0,https://assets.ctfassets.net/vyse88cgwfbl/2SGAAXnsb1wKByIzkhcbSx/9efa4682b3cd4c62d87a4c88ee729693/ISAE_3000R_-_Opinion_Tether_International_Financial_Figure_RC187322025BD0201.pdf,0.00039123781498571656
2025-06-30,Other Investments,4815162084.0,https://assets.ctfassets.net/vyse88cgwfbl/2SGAAXnsb1wKByIzkhcbSx/9efa4682b3cd4c62d87a4c88ee729693/ISAE_3000R_-_Opinion_Tether_International_Financial_Figure_RC187322025BD0201.pdf,0.039109037392332985
2025-06-30,U.S. Treasury Bills,105518993610.0,https://assets.ctfassets.net/vyse88cgwfbl/2SGAAXnsb1wKByIzkhcbSx/9efa4682b3cd4c62d87a4c88ee729693/ISAE_3000R_-_Opinion_Tether_International_Financial_Figure_RC187322025BD0201.pdf,0.8570316418646304
2025-09-30,Bitcoin,114160.0,https://assets.ctfassets.net/vyse88cgwfbl/6GbUTVK4tTYAytefu5daIi/6cac18eb4b526c9c52640a3d2bed9642/ISAE_3000R_-_Opinion_Tether_International_Financial_Figure_31-10-2025.pdf,8.835651385826256e-07
2025-09-30,Cash & Bank Deposits,30100334.0,https://assets.ctfassets.net/vyse88cgwfbl/6GbUTVK4tTYAytefu5daIi/6cac18eb4b526c9c52640a3d2bed9642/ISAE_3000R_-_Opinion_Tether_International_Financial_Figure_31-10-2025.pdf,0.00023296781519002556
2025-09-30,Corporate Bonds,14672361.0,https://assets.ctfassets.net/vyse88cgwfbl/6GbUTVK4tTYAytefu5daIi/6cac18eb4b526c9c52640a3d2bed9642/ISAE_3000R_-_Opinion_Tether_International_Financial_Figure_31-10-2025.pdf,0.00011355979923177393
2025-09-30,Funds,6409774689.0,https://assets.ctfassets.net/vyse88cgwfbl/6GbUTVK4tTYAytefu5daIi/6cac18eb4b526c9c52640a3d2bed9642/ISAE_3000R_-_Opinion_Tether_International_Financial_Figure_31-10-2025.pdf,0.04960978855439463
2025-09-30,Money Market Funds,6409774689.0,https://assets.ctfassets.net/vyse88cgwfbl/6GbUTVK4tTYAytefu5daIi/6cac18eb4b526c9c52640a3d2bed9642/ISAE_3000R_-_Opinion_Tether_International_Financial_Figure_31-10-2025.pdf,0.04960978855439463
2025-09-30,Non-U.S. Treasury Bills,47901280.0,https://assets.ctfassets.net/vyse88cgwfbl/6GbUTVK4tTYAytefu5daIi/6cac18eb4b526c9c52640a3d2bed9642/ISAE_3000R_-_Opinion_Tether_International_Financial_Figure_31-10-2025.pdf,0.00037074195078385736
2025-09-30,Other Investments,3874458261.0,https://assets.ctfassets.net/vyse88cgwfbl/6GbUTVK4tTYAytefu5daIi/6cac18eb4b526c9c52640a3d2bed9642/ISAE_3000R_-_Opinion_Tether_International_Financial_Figure_31-10-2025.pdf,0.029987178086134054
2025-09-30,U.S. Treasury Bills,112417034272.0,https://assets.ctfassets.net/vyse88cgwfbl/6GbUTVK4tTYAytefu5daIi/6cac18eb4b526c9c52640a3d2bed9642/ISAE_3000R_-_Opinion_Tether_International_Financial_Figure_31-10-2025.pdf,0.8700750916747324
2025-12-31,Cash & Bank Deposits,33952735.0,https://assets.ctfassets.net/vyse88cgwfbl/20d2BoOAd28ZfkiQPYPjGN/4ed12f5939e1e06ee5aceccad4effbe4/ISAE_3000R_-_Opinion_Tether_International_Financial_Figure_31-12-2025.pdf,0.00027134932543203776
2025-12-31,Corporate Bonds,3031239.0,https://assets.ctfassets.net/vyse88cgwfbl/20d2BoOAd28ZfkiQPYPjGN/4ed12f5939e1e06ee5aceccad4effbe4/ISAE_3000R_-_Opinion_Tether_International_Financial_Figure_31-12-2025.pdf,2.422557881929938e-05
2025-12-31,Other Investments,2762856288.0,https://assets.ctfassets.net/vyse88cgwfbl/20d2BoOAd28ZfkiQPYPjGN/4ed12f5939e1e06ee5aceccad4effbe4/ISAE_3000R_-_Opinion_Tether_International_Financial_Figure_31-12-2025.pdf,0.022080671557518528
2025-12-31,U.S. Treasury Bills,122325714946.0,https://assets.ctfassets.net/vyse88cgwfbl/20d2BoOAd28ZfkiQPYPjGN/4ed12f5939e1e06ee5aceccad4effbe4/ISAE_3000R_-_Opinion_Tether_International_Financial_Figure_31-12-2025.pdf,0.9776237535382302
2026-03-31,Cash & Bank Deposits,107021630.0,https://assets.ctfassets.net/vyse88cgwfbl/6crn1tXbl6AtWZBWucZnfg/c4ff472d70c1b48c2f689f27b54c84f5/ISAE_3000R_-_Opinion_Tether_International_Financial_Figure_31-03-2026.pdf,0.0007159779764418393
2026-03-31,Corporate Bonds,3000586.0,https://assets.ctfassets.net/vyse88cgwfbl/6crn1tXbl6AtWZBWucZnfg/c4ff472d70c1b48c2f689f27b54c84f5/ISAE_3000R_-_Opinion_Tether_International_Financial_Figure_31-03-2026.pdf,2.0074012070454473e-05
2026-03-31,Other Investments,4842567748.0,https://assets.ctfassets.net/vyse88cgwfbl/6crn1tXbl6AtWZBWucZnfg/c4ff472d70c1b48c2f689f27b54c84f5/ISAE_3000R_-_Opinion_Tether_International_Financial_Figure_31-03-2026.pdf,0.03239692627551603
2026-03-31,Overnight Reverse Repurchase Agreements,19334717169.0,https://assets.ctfassets.net/vyse88cgwfbl/6crn1tXbl6AtWZBWucZnfg/c4ff472d70c1b48c2f689f27b54c84f5/ISAE_3000R_-_Opinion_Tether_International_Financial_Figure_31-03-2026.pdf,0.12934984893928364
2026-03-31,Public Equities,3407550615.0,https://assets.ctfassets.net/vyse88cgwfbl/6crn1tXbl6AtWZBWucZnfg/c4ff472d70c1b48c2f689f27b54c84f5/ISAE_3000R_-_Opinion_Tether_International_Financial_Figure_31-03-2026.pdf,0.022796617786057315
2026-03-31,Term Reverse Repurchase Agreements,4745558242.0,https://assets.ctfassets.net/vyse88cgwfbl/6crn1tXbl6AtWZBWucZnfg/c4ff472d70c1b48c2f689f27b54c84f5/ISAE_3000R_-_Opinion_Tether_International_Financial_Figure_31-03-2026.pdf,0.0317479297147133
2026-03-31,U.S. Treasury Bills,117035732050.0,https://assets.ctfassets.net/vyse88cgwfbl/6crn1tXbl6AtWZBWucZnfg/c4ff472d70c1b48c2f689f27b54c84f5/ISAE_3000R_-_Opinion_Tether_International_Financial_Figure_31-03-2026.pdf,0.7829726252959174
