Date,UK_1M_Bill_Yield,UK_3M_Bill_Yield
2020-01-02,0.6795,0.7175
2020-01-03,0.6765,0.7085
2020-01-06,0.678,0.705
2020-01-07,0.683,0.664
2020-01-08,0.681,0.6655
2020-01-09,0.679,0.661
2020-01-10,0.677,0.6635
2020-01-13,0.678,0.642
2020-01-14,0.5745,0.673
2020-01-15,0.667,0.644
2020-01-16,0.6645,0.6405
2020-01-17,0.662,0.515
2020-01-20,0.661,0.6605
2020-01-21,0.6695,0.648
2020-01-22,0.639,0.649
2020-01-23,0.6355,0.636
2020-01-24,0.647,0.6425
2020-01-27,0.6435,0.633
2020-01-28,0.6155,0.6985
2020-01-29,0.611,0.6325
2020-01-30,0.621,0.644
2020-01-31,0.6925,0.71
2020-02-03,0.6955,0.7115
2020-02-04,0.683,0.664
2020-02-05,0.681,0.6695
2020-02-06,0.679,0.669
2020-02-07,0.677,0.6595
2020-02-10,0.661,0.655
2020-02-11,0.6695,0.6725
2020-02-12,0.681,0.6775
2020-02-13,0.679,0.673
2020-02-14,0.677,0.6685
2020-02-17,0.678,0.668
2020-02-18,0.6425,0.632
2020-02-19,0.639,0.6325
2020-02-20,0.6355,0.627
2020-02-21,0.6465,0.6265
2020-02-24,0.6435,0.62
2020-02-25,0.683,0.653
2020-02-26,0.681,0.652
2020-02-27,0.679,0.6445
2020-02-28,0.6465,0.594
2020-03-02,0.591,0.5225
2020-03-03,0.5885,0.5585
2020-03-04,0.4845,0.4225
2020-03-05,0.562,0.49
2020-03-06,0.5555,0.4575
2020-03-09,0.504,0.407
2020-03-10,0.4665,0.4525
2020-03-11,0.2035,0.2545
2020-03-12,0.197,0.324
2020-03-13,0.2055,0.3655
2020-03-16,0.191,0.35
2020-03-17,0.2085,0.3635
2020-03-18,0.1825,0.355
2020-03-19,0.1895,0.3945
2020-03-20,0.146,0.3445
2020-03-23,0.141,0.326
2020-03-24,0.1825,0.193
2020-03-25,0.1895,0.207
2020-03-26,0.19,0.2155
2020-03-27,0.1825,0.2095
2020-03-30,0.165,0.2
2020-03-31,0.196,0.152
2020-04-01,0.1755,0.146
2020-04-02,0.168,0.1785
2020-04-03,0.16,0.1725
2020-04-06,0.139,0.161
2020-04-07,0.142,0.298
2020-04-08,0.1335,0.302
2020-04-09,0.117,0.3155
2020-04-14,0.1095,0.2815
2020-04-15,0.1335,0.088
2020-04-16,0.146,0.083
2020-04-17,0.137,0.0795
2020-04-20,0.113,0.05
2020-04-21,0.0745,0.079
2020-04-22,0.049,0.068
2020-04-23,0.029,0.0375
2020-04-24,0.015,0.0295
2020-04-27,0.009,0.024
2020-04-28,-0.026,0.067
2020-04-29,-0.0205,0.051
2020-04-30,-0.035,0.0085
2020-05-01,-0.044,-0.0335
2020-05-04,-0.0745,-0.106
2020-05-05,-0.115,-0.12
2020-05-06,-0.1335,-0.17
2020-05-07,0.058,0.079
2020-05-08,,
2020-05-11,0.0435,0.063
2020-05-12,0.0205,0.051
2020-05-13,0.007,0.031
2020-05-14,0.015,0.0
2020-05-15,0.015,-0.0045
2020-05-18,-0.009,-0.041
2020-05-19,0.0,-0.044
2020-05-20,0.035,0.014
2020-05-21,0.015,0.054
2020-05-22,0.03,0.0165
2020-05-25,,
2020-05-26,0.0365,0.031
2020-05-27,0.007,0.0225
2020-05-28,0.015,0.0335
2020-05-29,0.015,0.0045
2020-06-01,0.026,-0.024
2020-06-02,0.018,0.013
2020-06-03,0.019,0.0
2020-06-04,0.03,-0.0065
2020-06-05,0.015,-0.0335
2020-06-08,0.009,-0.015
2020-06-09,-0.0205,-0.059
2020-06-10,-0.021,-0.031
2020-06-11,-0.015,-0.0335
2020-06-12,-0.015,-0.0375
2020-06-15,-0.026,-0.028
2020-06-16,0.0335,-0.03
2020-06-17,0.021,-0.0595
2020-06-18,0.029,-0.029
2020-06-19,0.046,-0.0255
2020-06-22,0.009,-0.024
2020-06-23,-0.0205,-0.043
2020-06-24,-0.021,-0.0635
2020-06-25,-0.015,-0.0415
2020-06-26,-0.03,-0.0465
2020-06-29,-0.009,-0.067
2020-06-30,-0.0335,-0.034
2020-07-01,-0.021,-0.047
2020-07-02,-0.044,-0.0705
2020-07-03,-0.03,-0.0835
2020-07-06,-0.0435,-0.063
2020-07-07,-0.0335,-0.047
2020-07-08,-0.035,-0.072
2020-07-09,-0.102,-0.0915
2020-07-10,-0.1065,-0.0625
2020-07-13,-0.078,-0.067
2020-07-14,-0.0605,-0.067
2020-07-15,-0.063,-0.055
2020-07-16,-0.058,-0.0495
2020-07-17,-0.015,-0.0545
2020-07-20,-0.0435,-0.059
2020-07-21,-0.0335,-0.034
2020-07-22,-0.035,-0.039
2020-07-23,-0.058,-0.0335
2020-07-24,-0.061,-0.0465
2020-07-27,-0.0435,-0.041
2020-07-28,-0.0475,-0.047
2020-07-29,-0.049,-0.031
2020-07-30,-0.044,-0.0625
2020-07-31,-0.046,-0.0415
2020-08-03,-0.061,-0.046
2020-08-04,-0.039,-0.047
2020-08-05,-0.0335,-0.055
2020-08-06,-0.007,-0.0165
2020-08-07,-0.022,-0.0165
2020-08-10,-0.0165,-0.011
2020-08-11,-0.0205,-0.0225
2020-08-12,-0.021,-0.0205
2020-08-13,-0.022,-0.0165
2020-08-14,0.023,-0.0165
2020-08-17,0.017,-0.015
2020-08-18,-0.0205,-0.006
2020-08-19,-0.021,-0.033
2020-08-20,-0.022,-0.021
2020-08-21,-0.0075,-0.0335
2020-08-24,0.002,-0.028
2020-08-25,0.0065,-0.0345
2020-08-26,0.007,-0.033
2020-08-27,-0.007,-0.033
2020-08-28,-0.0075,-0.0335
2020-08-31,,
2020-09-01,0.0095,-0.0375
2020-09-02,-0.007,-0.0285
2020-09-03,-0.022,-0.0165
2020-09-04,-0.023,-0.0335
2020-09-07,-0.035,-0.037
2020-09-08,-0.0335,-0.0265
2020-09-09,-0.035,-0.0285
2020-09-10,-0.0365,-0.029
2020-09-11,-0.038,-0.0335
2020-09-14,-0.035,-0.028
2020-09-15,-0.0205,-0.0425
2020-09-16,-0.021,-0.045
2020-09-17,-0.0365,-0.0455
2020-09-18,-0.038,-0.0465
2020-09-21,-0.035,-0.046
2020-09-22,-0.0335,-0.0265
2020-09-23,-0.049,-0.045
2020-09-24,-0.0365,-0.0455
2020-09-25,-0.038,-0.0505
2020-09-28,-0.017,-0.028
2020-09-29,-0.0205,-0.014
2020-09-30,0.007,-0.0305
2020-10-01,-0.007,-0.0165
2020-10-02,-0.0075,-0.025
2020-10-05,0.052,-0.0275
2020-10-06,-0.0475,-0.0465
2020-10-07,-0.049,-0.053
2020-10-08,-0.051,-0.0665
2020-10-09,-0.038,-0.0585
2020-10-12,-0.017,-0.063
2020-10-13,-0.0475,-0.0425
2020-10-14,-0.021,-0.053
2020-10-15,-0.022,-0.033
2020-10-16,-0.023,-0.042
2020-10-19,-0.017,-0.028
2020-10-20,-0.0065,-0.0305
2020-10-21,-0.035,-0.0205
2020-10-22,-0.0365,-0.021
2020-10-23,-0.038,-0.025
2020-10-26,-0.035,-0.024
2020-10-27,-0.0205,-0.0345
2020-10-28,-0.021,-0.033
2020-10-29,-0.0365,-0.033
2020-10-30,-0.038,-0.0295
2020-11-02,-0.035,-0.028
2020-11-03,-0.0335,-0.0345
2020-11-04,-0.021,-0.074
2020-11-05,-0.0365,-0.033
2020-11-06,-0.023,-0.0375
2020-11-09,-0.039,-0.098
2020-11-10,-0.0475,-0.0585
2020-11-11,-0.098,-0.053
2020-11-12,-0.0365,-0.0785
2020-11-13,-0.0835,-0.0755
2020-11-16,-0.091,-0.054
2020-11-17,-0.088,-0.0625
2020-11-18,-0.091,-0.0615
2020-11-19,-0.095,-0.054
2020-11-20,-0.114,-0.0505
2020-11-23,-0.139,-0.037
2020-11-24,-0.0745,-0.0585
2020-11-25,-0.077,-0.053
2020-11-26,-0.066,-0.058
2020-11-27,-0.0685,-0.0585
2020-11-30,-0.0695,-0.1325
2020-12-01,-0.052,-0.14
2020-12-02,-0.0475,-0.1395
2020-12-03,-0.049,-0.141
2020-12-04,-0.0365,-0.063
2020-12-07,-0.033,-0.063
2020-12-08,-0.1015,-0.0995
2020-12-09,-0.105,-0.09
2020-12-10,-0.1095,-0.1035
2020-12-11,-0.114,-0.1045
2020-12-14,-0.104,-0.089
2020-12-15,-0.1015,-0.071
2020-12-16,-0.063,-0.0655
2020-12-17,-0.066,-0.0745
2020-12-18,-0.0685,-0.0755
2020-12-21,-0.0695,-0.085
2020-12-22,-0.088,-0.075
2020-12-23,-0.091,-0.078
2020-12-24,-0.095,-0.0785
2020-12-28,,
2020-12-29,-0.082,-0.0725
2020-12-30,-0.021,-0.074
2020-12-31,-0.022,-0.0745
2021-01-04,-0.191,-0.093
2021-01-05,-0.155,-0.1035
2021-01-06,-0.144,-0.102
2021-01-07,-0.152,-0.1035
2021-01-08,-0.1395,-0.082
2021-01-11,-0.078,-0.064
2021-01-12,-0.0745,-0.079
2021-01-13,-0.077,-0.0655
2021-01-14,-0.066,-0.0705
2021-01-15,-0.114,-0.1135
2021-01-18,-0.087,-0.041
2021-01-19,-0.0335,-0.0425
2021-01-20,-0.007,-0.0245
2021-01-21,-0.007,-0.0455
2021-01-22,-0.0075,-0.0335
2021-01-25,-0.087,-0.046
2021-01-26,-0.0095,-0.0375
2021-01-27,-0.007,-0.053
2021-01-28,-0.022,-0.054
2021-01-29,-0.023,-0.0505
2021-02-01,-0.035,-0.072
2021-02-02,-0.1015,-0.03
2021-02-03,-0.021,-0.0305
2021-02-04,-0.022,-0.0205
2021-02-05,-0.023,-0.0125
2021-02-08,0.052,-0.0105
2021-02-09,-0.0205,-0.0425
2021-02-10,-0.021,-0.037
2021-02-11,-0.022,-0.0415
2021-02-12,-0.038,-0.0375
2021-02-15,-0.104,-0.037
2021-02-16,-0.0335,-0.0345
2021-02-17,-0.049,-0.033
2021-02-18,-0.051,-0.021
2021-02-19,-0.053,-0.0335
2021-02-22,-0.052,-0.033
2021-02-23,-0.0475,-0.0505
2021-02-24,-0.007,-0.049
2021-02-25,-0.007,-0.05
2021-02-26,-0.038,-0.025
2021-03-01,0.017,-0.028
2021-03-02,0.0205,0.002
2021-03-03,0.021,-0.03
2021-03-04,0.007,-0.025
2021-03-05,-0.023,-0.021
2021-03-08,-0.017,-0.007
2021-03-09,0.013,-0.0145
2021-03-10,0.0205,-0.0125
2021-03-11,0.021,-0.0125
2021-03-12,0.007,-0.0125
2021-03-15,-0.0165,-0.015
2021-03-16,0.017,-0.0155
2021-03-17,0.007,0.0125
2021-03-18,0.007,-0.0125
2021-03-19,-0.023,-0.0125
2021-03-22,0.017,-0.011
2021-03-23,0.0205,0.002
2021-03-24,0.021,0.008
2021-03-25,-0.007,-0.004
2021-03-26,-0.0075,0.004
2021-03-29,0.017,0.002
2021-03-30,-0.0065,-0.0145
2021-03-31,-0.007,-0.0125
2021-04-01,-0.022,-0.0125
2021-04-06,-0.0275,-0.0195
2021-04-07,0.0065,-0.004
2021-04-08,0.035,0.004
2021-04-09,0.022,0.004
2021-04-12,0.0165,0.011
2021-04-13,0.0065,-0.0185
2021-04-14,0.007,-0.0165
2021-04-15,-0.007,-0.021
2021-04-16,-0.0075,-0.021
2021-04-19,0.052,-0.0195
2021-04-20,0.0205,-0.006
2021-04-21,0.021,-0.004
2021-04-22,0.022,-0.004
2021-04-23,0.0075,-0.004
2021-04-26,0.017,-0.0065
2021-04-27,0.0205,0.0185
2021-04-28,0.021,0.0165
2021-04-29,0.007,0.025
2021-04-30,0.0075,0.021
2021-05-03,,
2021-05-04,0.0275,-0.0025
2021-05-05,-0.034,0.0245
2021-05-06,-0.04,0.0125
2021-05-07,-0.0085,0.021
2021-05-10,0.05,0.0195
2021-05-11,-0.0205,0.0185
2021-05-12,-0.021,0.0245
2021-05-13,-0.0365,0.021
2021-05-14,-0.038,0.021
2021-05-17,-0.035,0.0195
2021-05-18,0.0335,0.006
2021-05-19,0.021,0.049
2021-05-20,0.022,0.05
2021-05-21,0.0075,0.0085
2021-05-24,0.052,-0.011
2021-05-25,0.0065,0.0425
2021-05-26,0.021,0.041
2021-05-27,0.007,0.0415
2021-05-28,-0.0075,0.0295
2021-05-31,,
2021-06-01,0.0275,0.0375
2021-06-02,0.007,0.01
2021-06-03,0.007,0.0125
2021-06-04,0.0075,0.0165
2021-06-07,0.052,0.0325
2021-06-08,0.0335,0.0305
2021-06-09,0.035,0.033
2021-06-10,0.0365,0.0375
2021-06-11,-0.023,0.0295
2021-06-14,0.052,0.028
2021-06-15,0.0065,0.01
2021-06-16,0.049,0.049
2021-06-17,0.022,0.021
2021-06-18,0.023,0.0165
2021-06-21,0.035,0.0195
2021-06-22,0.0205,0.0185
2021-06-23,-0.007,0.0205
2021-06-24,-0.007,0.021
2021-06-25,-0.0075,0.0165
2021-06-28,-0.017,-0.002
2021-06-29,0.0205,0.0185
2021-06-30,0.021,0.0165
2021-07-01,0.022,0.025
2021-07-02,0.0075,0.025
2021-07-05,0.052,0.028
2021-07-06,0.0205,0.006
2021-07-07,0.021,0.0285
2021-07-08,0.007,-0.025
2021-07-09,0.0075,0.025
2021-07-12,0.017,0.033
2021-07-13,-0.0065,0.0265
2021-07-14,-0.007,0.0285
2021-07-15,-0.007,0.025
2021-07-16,0.0075,0.0085
2021-07-19,0.052,0.015
2021-07-20,0.0205,0.002
2021-07-21,0.021,0.004
2021-07-22,0.007,0.0125
2021-07-23,-0.0075,0.05
2021-07-26,-0.035,-0.011
2021-07-27,-0.0065,0.0225
2021-07-28,-0.007,0.0245
2021-07-29,-0.007,0.025
2021-07-30,-0.0075,0.0125
2021-08-02,-0.017,0.024
2021-08-03,-0.013,-0.01
2021-08-04,-0.0335,-0.004
2021-08-05,-0.049,-0.0125
2021-08-06,-0.007,-0.0125
2021-08-09,0.05,0.011
2021-08-10,-0.0205,-0.002
2021-08-11,-0.021,0.049
2021-08-12,-0.022,0.05
2021-08-13,-0.023,0.05
2021-08-16,-0.017,-0.002
2021-08-17,0.0065,-0.002
2021-08-18,0.007,0.049
2021-08-19,0.007,-0.004
2021-08-20,-0.038,-0.004
2021-08-23,0.052,-0.0065
2021-08-24,0.0065,0.0145
2021-08-25,-0.049,0.004
2021-08-26,-0.0365,0.004
2021-08-27,-0.038,0.05
2021-08-30,,
2021-08-31,0.0065,0.002
2021-09-01,-0.007,0.004
2021-09-02,0.007,0.004
2021-09-03,-0.0075,0.004
2021-09-06,0.035,0.0065
2021-09-07,0.0065,0.006
2021-09-08,0.007,0.0125
2021-09-09,-0.007,0.0165
2021-09-10,-0.023,0.004
2021-09-13,0.052,0.0065
2021-09-14,-0.0065,0.006
2021-09-15,0.021,0.008
2021-09-16,0.022,0.0085
2021-09-17,0.0075,0.0165
2021-09-20,-0.035,-0.0065
2021-09-21,-0.0205,0.002
2021-09-22,-0.035,0.004
2021-09-23,-0.0365,0.05
2021-09-24,-0.038,0.0265
2021-09-27,-0.017,0.006
2021-09-28,-0.0065,0.018
2021-09-29,-0.0165,0.01
2021-09-30,-0.017,0.0265
2021-10-01,0.047,0.033
2021-10-04,-0.013,0.0255
2021-10-05,-0.0065,0.042
2021-10-06,-0.021,0.0585
2021-10-07,-0.022,0.0165
2021-10-08,-0.0075,0.021
2021-10-11,0.052,0.0405
2021-10-12,-0.0065,0.006
2021-10-13,-0.007,0.0165
2021-10-14,-0.007,0.0165
2021-10-15,-0.0075,0.004
2021-10-18,0.017,0.089
2021-10-19,0.0205,0.067
2021-10-20,0.049,0.086
2021-10-21,0.0365,0.087
2021-10-22,-0.0075,0.0715
2021-10-25,0.017,0.124
2021-10-26,0.0335,0.063
2021-10-27,0.021,0.0615
2021-10-28,0.0365,0.108
2021-10-29,0.0075,0.0795
2021-11-01,0.052,0.085
2021-11-02,0.0475,0.083
2021-11-03,0.021,0.086
2021-11-04,-0.007,0.083
2021-11-05,-0.1295,-0.042
2021-11-08,-0.052,0.089
2021-11-09,-0.0455,0.0905
2021-11-10,-0.035,0.0245
2021-11-11,-0.0365,0.0745
2021-11-12,-0.038,0.063
2021-11-15,-0.035,0.059
2021-11-16,0.0205,0.0225
2021-11-17,-0.035,0.0285
2021-11-18,-0.051,0.004
2021-11-19,-0.053,0.0085
2021-11-22,-0.052,0.0065
2021-11-23,0.0065,0.0585
2021-11-24,0.007,-0.0125
2021-11-25,-0.007,-0.025
2021-11-26,-0.023,0.021
2021-11-29,0.017,0.0195
2021-11-30,0.0455,0.0505
2021-12-01,0.039,0.0535
2021-12-02,0.0205,0.0125
2021-12-03,0.035,0.025
2021-12-06,-0.016,-0.0065
2021-12-07,0.078,0.0385
2021-12-08,0.088,0.041
2021-12-09,0.049,0.05
2021-12-10,0.051,0.0465
2021-12-13,0.05,0.059
2021-12-14,0.0475,0.079
2021-12-15,0.077,0.0945
2021-12-16,0.139,0.1495
2021-12-17,0.251,0.2685
2021-12-20,0.261,0.2805
2021-12-21,0.1285,0.136
2021-12-22,0.1335,0.07
2021-12-23,0.124,0.133
2021-12-24,0.1295,0.1425
2021-12-27,,
2021-12-28,,
2021-12-29,0.144,0.138
2021-12-30,0.124,0.133
2021-12-31,0.1295,0.1385
2022-01-03,,
2022-01-04,0.2285,0.4025
2022-01-05,0.125,0.08
2022-01-06,0.0915,0.1445
2022-01-07,0.0755,0.1095
2022-01-10,0.104,0.14
2022-01-11,0.0745,0.144
2022-01-12,0.1195,0.152
2022-01-13,0.1095,0.1495
2022-01-14,0.114,0.151
2022-01-17,0.1305,0.1885
2022-01-18,0.1015,0.1825
2022-01-19,0.1335,0.213
2022-01-20,0.1095,0.189
2022-01-21,0.099,0.187
2022-01-24,0.139,0.2295
2022-01-25,0.1285,0.2255
2022-01-26,0.1195,0.238
2022-01-27,0.197,0.278
2022-01-28,0.175,0.256
2022-01-31,0.226,0.307
2022-02-01,0.196,0.307
2022-02-02,0.232,0.331
2022-02-03,0.314,0.4395
2022-02-04,0.3425,0.548
2022-02-07,0.174,0.5355
2022-02-08,0.356,0.52
2022-02-09,0.386,0.5335
2022-02-10,0.358,0.536
2022-02-11,0.388,0.6045
2022-02-14,0.4,0.563
2022-02-15,0.4125,0.6275
2022-02-16,0.4,0.616
2022-02-17,0.3725,0.631
2022-02-18,0.388,0.6215
2022-02-21,0.417,0.585
2022-02-22,0.4125,0.5585
2022-02-23,0.428,0.505
2022-02-24,0.431,0.486
2022-02-25,0.4335,0.4915
2022-02-28,0.417,0.529
2022-03-01,0.426,0.5665
2022-03-02,0.428,0.5995
2022-03-03,0.431,0.6105
2022-03-04,0.449,0.5925
2022-03-07,0.4345,0.611
2022-03-08,0.507,0.587
2022-03-09,0.4705,0.4185
2022-03-10,0.475,0.59
2022-03-11,0.3425,0.5845
2022-03-14,0.33,0.598
2022-03-15,0.4125,0.5625
2022-03-16,0.4705,0.5505
2022-03-17,0.46,0.544
2022-03-18,0.3575,0.4495
2022-03-21,0.417,0.446
2022-03-22,0.404,0.648
2022-03-23,0.453,0.5915
2022-03-24,0.372,0.59
2022-03-25,0.343,0.5585
2022-03-28,0.365,0.563
2022-03-29,0.426,0.579
2022-03-30,0.4705,0.5875
2022-03-31,0.431,0.586
2022-04-01,0.403,0.5675
2022-04-04,0.4345,0.5895
2022-04-05,0.443,0.636
2022-04-06,0.4395,0.6405
2022-04-07,0.316,0.636
2022-04-08,0.314,0.6215
2022-04-11,0.3815,0.633
2022-04-12,0.345,0.64
2022-04-13,0.33,0.6775
2022-04-14,0.299,0.631
2022-04-19,0.3715,0.668
2022-04-20,0.33,0.6615
2022-04-21,0.358,0.673
2022-04-22,0.403,0.7395
2022-04-25,0.6085,0.738
2022-04-26,0.7235,0.974
2022-04-27,0.723,0.9705
2022-04-28,0.723,0.956
2022-04-29,0.7225,0.9295
2022-05-02,,
2022-05-03,0.6665,0.976
2022-05-04,0.695,0.999
2022-05-05,0.9715,0.985
2022-05-06,0.9815,0.984
2022-05-09,0.939,0.96
2022-05-10,0.849,0.9675
2022-05-11,0.836,0.8585
2022-05-12,0.84,0.86
2022-05-13,0.8295,0.9375
2022-05-16,0.835,0.9385
2022-05-17,0.8995,0.9085
2022-05-18,0.906,0.8875
2022-05-19,0.8985,0.8895
2022-05-20,0.89,0.845
2022-05-23,0.904,0.9295
2022-05-24,0.9535,0.929
2022-05-25,0.948,0.9205
2022-05-26,0.942,0.881
2022-05-27,0.951,0.8995
2022-05-30,0.9565,0.8905
2022-05-31,0.9805,0.8865
2022-06-01,0.906,0.8595
2022-06-02,,
2022-06-03,,
2022-06-06,0.904,0.936
2022-06-07,0.8995,1.076
2022-06-08,0.864,1.0735
2022-06-09,0.8545,1.077
2022-06-10,0.875,1.0515
2022-06-13,0.887,1.078
2022-06-14,0.886,1.178
2022-06-15,0.878,1.1805
2022-06-16,0.8985,1.211
2022-06-17,0.89,1.2115
2022-06-20,0.904,1.183
2022-06-21,0.9675,1.206
2022-06-22,0.9765,1.1725
2022-06-23,0.9715,1.148
2022-06-24,0.9665,1.1275
2022-06-27,0.974,1.1525
2022-06-28,0.9675,1.186
2022-06-29,0.934,1.1765
2022-06-30,0.913,1.144
2022-07-01,0.8295,1.1145
2022-07-04,0.9565,1.157
2022-07-05,0.9805,1.288
2022-07-06,0.948,1.2715
2022-07-07,0.957,1.2815
2022-07-08,0.9815,1.2495
2022-07-11,0.991,1.336
2022-07-12,0.9675,1.424
2022-07-13,0.92,1.4325
2022-07-14,0.928,1.503
2022-07-15,0.9055,1.482
2022-07-18,0.939,1.6115
2022-07-19,1.1295,1.727
2022-07-20,1.0465,1.7255
2022-07-21,1.059,1.733
2022-07-22,1.1035,1.761
2022-07-25,1.1305,1.7605
2022-07-26,1.1705,1.813
2022-07-27,1.117,1.8
2022-07-28,1.103,1.758
2022-07-29,1.149,1.727
2022-08-01,1.1305,1.7345
2022-08-02,1.161,1.817
2022-08-03,1.184,1.767
2022-08-04,1.173,1.745
2022-08-05,1.352,1.761
2022-08-08,1.345,1.7735
2022-08-09,1.3735,1.78
2022-08-10,1.4265,1.767
2022-08-11,1.425,1.7745
2022-08-12,1.3625,1.875
2022-08-15,1.3915,1.8215
2022-08-16,1.4005,1.8375
2022-08-17,1.398,1.887
2022-08-18,1.3955,1.8915
2022-08-19,1.5455,1.977
2022-08-22,1.531,1.9795
2022-08-23,1.6445,2.054
2022-08-24,1.6515,2.065
2022-08-25,1.6445,2.0215
2022-08-26,1.652,2.0235
2022-08-29,,
2022-08-30,1.6445,2.001
2022-08-31,1.6935,2.318
2022-09-01,1.703,2.3235
2022-09-02,1.728,2.371
2022-09-05,1.7225,2.3745
2022-09-06,1.8615,2.3825
2022-09-07,1.8205,2.3675
2022-09-08,1.8345,2.3735
2022-09-09,1.8655,2.358
2022-09-12,1.8615,2.3615
2022-09-13,1.9295,2.53
2022-09-14,1.9045,2.4965
2022-09-15,1.893,2.4825
2022-09-16,2.0025,2.532
2022-09-19,,
2022-09-20,2.019,2.539
2022-09-21,1.933,2.459
2022-09-22,2.0105,2.4655
2022-09-23,2.0025,2.486
2022-09-26,2.524,2.9775
2022-09-27,2.0645,2.823
2022-09-28,2.0315,3.09
2022-09-29,2.1275,3.0895
2022-09-30,1.9265,2.899
2022-10-03,1.9315,2.8995
2022-10-04,2.0915,2.854
2022-10-05,2.0315,2.8175
2022-10-06,1.82,2.8915
2022-10-07,2.0635,2.8455
2022-10-10,2.1055,2.9675
2022-10-11,2.1865,3.003
2022-10-12,2.2005,3.057
2022-10-13,2.142,2.9575
2022-10-14,2.155,2.864
2022-10-17,2.0535,2.8145
2022-10-18,2.2815,2.9575
2022-10-19,2.2425,2.937
2022-10-20,2.2005,2.9235
2022-10-21,2.2465,2.851
2022-10-24,2.2105,2.8405
2022-10-25,2.2955,2.8385
2022-10-26,2.271,2.775
2022-10-27,2.4205,2.8015
2022-10-28,2.3995,2.775
2022-10-31,2.402,2.647
2022-11-01,2.4855,2.678
2022-11-02,2.3975,2.7205
2022-11-03,2.303,2.7855
2022-11-04,2.628,2.792
2022-11-07,2.576,2.7705
2022-11-08,2.5255,2.756
2022-11-09,2.5665,2.791
2022-11-10,2.596,2.8985
2022-11-11,2.5825,2.949
2022-11-14,2.611,2.8625
2022-11-15,2.7835,2.8915
2022-11-16,2.6795,2.92
2022-11-17,2.6695,3.0965
2022-11-18,2.689,2.945
2022-11-21,2.698,3.0345
2022-11-22,2.6615,3.0355
2022-11-23,2.609,3.041
2022-11-24,2.6105,3.0715
2022-11-25,2.5825,3.0575
2022-11-28,2.6285,3.074
2022-11-29,2.9015,3.1145
2022-11-30,2.992,3.182
2022-12-01,3.0145,3.1765
2022-12-02,2.9895,3.202
2022-12-05,2.989,3.1755
2022-12-06,2.9525,3.2415
2022-12-07,3.0415,3.241
2022-12-08,3.0035,3.2435
2022-12-09,2.992,3.262
2022-12-12,2.942,3.2855
2022-12-13,3.0825,3.2995
2022-12-14,2.9755,3.257
2022-12-15,2.9775,3.2645
2022-12-16,3.0705,3.236
2022-12-19,3.0645,3.2105
2022-12-20,3.3815,3.3405
2022-12-21,3.1445,3.341
2022-12-22,2.9625,3.4375
2022-12-23,2.9485,3.4025
2022-12-27,,
2022-12-28,2.992,3.495
2022-12-29,2.8015,3.4545
2022-12-30,2.9795,3.394
2023-01-02,,
2023-01-03,2.9885,3.417
2023-01-04,2.934,3.4
2023-01-05,2.9345,3.4095
2023-01-06,3.021,3.499
2023-01-09,3.028,3.4495
2023-01-10,3.2995,3.757
2023-01-11,3.3135,3.7655
2023-01-12,3.3435,3.754
2023-01-13,3.3915,3.767
2023-01-16,3.4655,3.8015
2023-01-17,3.6395,3.8605
2023-01-18,3.6385,3.858
2023-01-19,3.637,3.8385
2023-01-20,3.6815,3.851
2023-01-23,3.4485,3.785
2023-01-24,3.626,3.7905
2023-01-25,3.6385,3.804
2023-01-26,3.5195,3.843
2023-01-27,3.5285,3.821
2023-01-30,3.6575,3.8955
2023-01-31,3.4495,3.896
2023-02-01,3.4545,3.9105
2023-02-02,3.4755,3.871
2023-02-03,3.6515,3.9485
2023-02-06,3.6925,3.924
2023-02-07,3.5715,3.925
2023-02-08,3.582,3.9475
2023-02-09,3.5785,3.946
2023-02-10,3.5745,3.9275
2023-02-13,3.6925,3.9545
2023-02-14,3.7755,3.96
2023-02-15,3.737,3.95
2023-02-16,3.784,3.923
2023-02-17,3.804,3.962
2023-02-20,3.8495,3.953
2023-02-21,3.8975,3.9805
2023-02-22,3.8925,3.9585
2023-02-23,3.8865,3.915
2023-02-24,3.8345,3.838
2023-02-27,3.8675,4.006
2023-02-28,3.9115,4.039
2023-03-01,3.9205,4.0675
2023-03-02,3.872,4.0255
2023-03-03,3.8655,4.0925
2023-03-06,3.902,4.1035
2023-03-07,3.9655,4.1005
2023-03-08,3.9915,4.172
2023-03-09,3.9895,4.1345
2023-03-10,3.9725,4.1245
2023-03-13,3.9895,4.059
2023-03-14,4.0795,4.1875
2023-03-15,4.0745,4.034
2023-03-16,4.0195,4.0245
2023-03-17,4.0335,4.0175
2023-03-20,3.875,3.979
2023-03-21,3.9525,4.0265
2023-03-22,4.1465,4.285
2023-03-23,4.1215,4.2615
2023-03-24,4.1095,4.2485
2023-03-27,4.0415,4.148
2023-03-28,4.0745,4.0635
2023-03-29,4.076,4.0545
2023-03-30,4.0625,4.0585
2023-03-31,4.0635,4.06
2023-04-03,4.129,4.059
2023-04-04,4.0145,4.2375
2023-04-05,4.0205,4.222
2023-04-06,4.0335,4.232
2023-04-11,4.0415,4.2715
2023-04-12,4.0885,4.2515
2023-04-13,4.076,4.2615
2023-04-14,4.0775,4.227
2023-04-17,4.058,4.267
2023-04-18,4.0885,4.291
2023-04-19,4.2175,4.4315
2023-04-20,4.151,4.342
2023-04-21,4.1705,4.3255
2023-04-24,4.2515,4.289
2023-04-25,4.1835,4.432
2023-04-26,4.189,4.356
2023-04-27,4.2095,4.393
2023-04-28,4.2325,4.4025
2023-05-02,4.308,4.487
2023-05-03,4.3055,4.444
2023-05-04,4.2875,4.393
2023-05-05,4.2245,4.407
2023-05-08,,
2023-05-09,4.4085,4.46
2023-05-10,4.4145,4.4275
2023-05-11,4.3855,4.418
2023-05-12,4.3235,4.4325
2023-05-15,4.3215,4.502
2023-05-16,4.2785,4.552
2023-05-17,4.2875,4.511
2023-05-18,4.4005,4.52
2023-05-19,4.4155,4.527
2023-05-22,4.426,4.547
2023-05-23,4.4825,4.5895
2023-05-24,4.6555,4.658
2023-05-25,4.518,4.685
2023-05-26,4.4005,4.7455
2023-05-29,,
2023-05-30,4.4365,4.7835
2023-05-31,4.4005,4.7805
2023-06-01,4.3125,4.771
2023-06-02,4.385,4.8
2023-06-05,4.3035,4.8135
2023-06-06,4.3465,4.7805
2023-06-07,4.2175,4.767
2023-06-08,4.1655,4.745
2023-06-09,4.3545,4.8185
2023-06-12,4.3215,4.826
2023-06-13,4.6325,4.855
2023-06-14,4.6695,4.855
2023-06-15,4.6945,4.847
2023-06-16,4.691,4.8355
2023-06-19,4.6535,4.853
2023-06-20,4.7055,4.8785
2023-06-21,4.576,4.61
2023-06-22,5.156,5.257
2023-06-23,5.1425,5.287
2023-06-26,4.979,5.3615
2023-06-27,4.896,5.177
2023-06-28,4.9135,5.1505
2023-06-29,4.894,5.143
2023-06-30,4.906,5.1405
2023-07-03,4.9425,5.2305
2023-07-04,4.935,5.25
2023-07-05,4.9465,5.294
2023-07-06,4.967,5.2895
2023-07-07,4.988,5.3225
2023-07-10,4.9485,5.277
2023-07-11,4.948,5.337
2023-07-12,4.955,5.3425
2023-07-13,4.9345,5.3525
2023-07-14,4.9125,5.3665
2023-07-17,4.9155,5.376
2023-07-18,5.114,5.455
2023-07-19,5.072,5.407
2023-07-20,5.1275,5.468
2023-07-21,5.1435,5.483
2023-07-24,5.1435,5.483
2023-07-25,5.3455,5.3625
2023-07-26,5.3535,5.3765
2023-07-27,5.347,5.365
2023-07-28,5.343,5.354
2023-07-31,5.4065,5.4075
2023-08-01,5.467,5.408
2023-08-02,5.3465,5.398
2023-08-03,5.2725,5.312
2023-08-04,5.265,5.318
2023-08-07,5.3815,5.325
2023-08-08,5.1455,5.3735
2023-08-09,5.148,5.3755
2023-08-10,5.1485,5.3435
2023-08-11,5.1515,5.3495
2023-08-14,5.118,5.3935
2023-08-15,5.1475,5.4495
2023-08-16,5.148,5.452
2023-08-17,5.1515,5.4725
2023-08-18,5.184,5.458
2023-08-21,5.172,5.4745
2023-08-22,5.2065,5.5145
2023-08-23,5.1945,5.5125
2023-08-24,5.1975,5.52
2023-08-25,5.3085,5.4545
2023-08-28,,
2023-08-29,5.1475,5.476
2023-08-30,5.2135,5.5345
2023-08-31,5.2405,5.496
2023-09-01,5.221,5.4755
2023-09-04,5.249,5.515
2023-09-05,5.3135,5.525
2023-09-06,5.2855,5.4885
2023-09-07,5.279,5.496
2023-09-08,5.2685,5.4895
2023-09-11,5.2685,5.4895
2023-09-12,5.28,5.444
2023-09-13,5.2865,5.417
2023-09-14,5.3075,5.453
2023-09-15,5.2965,5.492
2023-09-18,5.2835,5.4745
2023-09-19,5.4135,5.5425
2023-09-20,5.368,5.478
2023-09-21,5.258,5.318
2023-09-22,5.278,5.331
2023-09-25,5.227,5.361
2023-09-26,5.2215,5.342
2023-09-27,5.2135,5.3035
2023-09-28,5.2045,5.3375
2023-09-29,5.227,5.3385
2023-10-02,5.2215,5.331
2023-10-03,5.2485,5.32
2023-10-04,5.2385,5.329
2023-10-05,5.2255,5.3095
2023-10-06,5.245,5.297
2023-10-09,5.242,5.2835
2023-10-10,5.2545,5.3
2023-10-11,5.2475,5.2925
2023-10-12,5.253,5.28
2023-10-13,5.2145,5.3045
2023-10-16,5.242,5.282
2023-10-17,5.301,5.296
2023-10-18,5.3075,5.2885
2023-10-19,5.258,5.28
2023-10-20,5.3125,5.3125
2023-10-23,5.267,5.34
2023-10-24,5.3335,5.304
2023-10-25,5.342,5.3005
2023-10-26,5.336,5.25
2023-10-27,5.3765,5.2825
2023-10-30,5.3575,5.242
2023-10-31,5.28,5.288
2023-11-01,5.286,5.2375
2023-11-02,5.249,5.246
2023-11-03,5.2865,5.231
2023-11-06,5.272,5.233
2023-11-07,5.286,5.258
2023-11-08,5.2485,5.267
2023-11-09,5.2095,5.25
2023-11-10,5.2115,5.2565
2023-11-13,5.2065,5.2465
2023-11-14,5.2145,5.3
2023-11-15,5.219,5.2715
2023-11-16,5.208,5.284
2023-11-17,5.21,5.2955
2023-11-20,5.204,5.3
2023-11-21,5.3105,5.3
2023-11-22,5.261,5.3095
2023-11-23,5.239,5.323
2023-11-24,5.261,5.3085
2023-11-27,5.245,5.2865
2023-11-28,5.2575,5.279
2023-11-29,5.2485,5.2755
2023-11-30,5.2725,5.2715
2023-12-01,5.3055,5.2785
2023-12-04,5.254,5.273
2023-12-05,5.1955,5.288
2023-12-06,5.1905,5.267
2023-12-07,5.2205,5.2715
2023-12-08,5.2085,5.2875
2023-12-11,5.209,5.273
2023-12-12,5.218,5.254
2023-12-13,5.2205,5.2715
2023-12-14,5.2085,5.2545
2023-12-15,5.196,5.2785
2023-12-18,5.2125,5.251
2023-12-19,5.218,5.271
2023-12-20,5.2205,5.246
2023-12-21,5.2085,5.2545
2023-12-22,5.2115,5.2525
2023-12-27,5.23,5.247
2023-12-28,5.1945,5.229
2023-12-29,5.1805,5.2435
2024-01-02,5.1885,5.2465
2024-01-03,5.2105,5.247
2024-01-04,5.215,5.2425
2024-01-05,5.219,5.208
2024-01-08,5.1985,5.2165
2024-01-09,5.2315,5.238
2024-01-10,5.1925,5.2085
2024-01-11,5.2235,5.238
2024-01-12,5.2115,5.2055
2024-01-15,5.2125,5.198
2024-01-16,5.218,5.2
2024-01-17,5.2205,5.1915
2024-01-18,5.1945,5.212
2024-01-19,5.2115,5.1965
2024-01-22,5.2125,5.211
2024-01-23,5.218,5.221
2024-01-24,5.2065,5.2205
2024-01-25,5.2085,5.216
2024-01-26,5.2115,5.2185
2024-01-29,5.195,5.193
2024-01-30,5.177,5.179
2024-01-31,5.1925,5.1535
2024-02-01,5.1645,5.165
2024-02-02,5.1805,5.1535
2024-02-05,5.1775,5.149
2024-02-06,5.177,5.1715
2024-02-07,5.1785,5.171
2024-02-08,5.1945,5.2035
2024-02-09,5.1805,5.2035
2024-02-12,5.195,5.1825
2024-02-13,5.1905,5.188
2024-02-14,5.1925,5.1785
2024-02-15,5.1945,5.195
2024-02-16,5.1805,5.201
2024-02-19,5.195,5.202
2024-02-20,5.218,5.2085
2024-02-21,5.2065,5.1915
2024-02-22,5.2085,5.199
2024-02-23,5.196,5.1965
2024-02-26,5.195,5.206
2024-02-27,5.1905,5.2005
2024-02-28,5.1925,5.213
2024-02-29,5.1945,5.2085
2024-03-01,5.196,5.208
2024-03-04,5.2295,5.209
2024-03-05,5.2085,5.221
2024-03-06,5.2045,5.2085
2024-03-07,5.1925,5.229
2024-03-08,5.2085,5.2135
2024-03-11,5.209,5.206
2024-03-12,5.218,5.204
2024-03-13,5.2205,5.2085
2024-03-14,5.2085,5.2035
2024-03-15,5.2115,5.2095
2024-03-18,5.2125,5.206
2024-03-19,5.218,5.233
2024-03-20,5.2205,5.2165
2024-03-21,5.1795,5.182
2024-03-22,5.1805,5.1835
2024-03-25,5.195,5.215
2024-03-26,5.218,5.229
2024-03-27,5.2345,5.2335
2024-03-28,5.2385,5.225
2024-04-02,5.262,5.2285
2024-04-03,5.2205,5.2925
2024-04-04,5.2385,5.2035
2024-04-05,5.2725,5.231
2024-04-08,5.2475,5.229
2024-04-09,5.2485,5.204
2024-04-10,5.218,5.2205
2024-04-11,5.2345,5.2035
2024-04-12,5.2385,5.1925
2024-04-15,5.209,5.211
2024-04-16,5.218,5.225
2024-04-17,5.2205,5.2295
2024-04-18,5.2235,5.195
2024-04-19,5.2265,5.1965
2024-04-22,5.2125,5.211
2024-04-23,5.2455,5.217
2024-04-24,5.2485,5.1995
2024-04-25,5.2385,5.225
2024-04-26,5.242,5.2355
2024-04-29,5.2475,5.224
2024-04-30,5.222,5.2085
2024-05-01,5.2315,5.1955
2024-05-02,5.2345,5.191
2024-05-03,5.1945,5.2095
2024-05-06,,
2024-05-07,5.2125,5.1925
2024-05-08,5.2065,5.1745
2024-05-09,5.2235,5.191
2024-05-10,5.2575,5.1795
2024-05-13,5.2125,5.198
2024-05-14,5.218,5.179
2024-05-15,5.2635,5.166
2024-05-16,5.2525,5.148
2024-05-17,5.2115,5.1535
2024-05-20,5.2125,5.175
2024-05-21,5.218,5.146
2024-05-22,5.2345,5.2085
2024-05-23,5.2235,5.233
2024-05-24,5.242,5.2185
2024-05-27,,
2024-05-28,5.244,5.2195
2024-05-29,5.2485,5.225
2024-05-30,5.2525,5.2165
2024-05-31,5.2265,5.216
2024-06-03,5.2125,5.2005
2024-06-04,5.2045,5.221
2024-06-05,5.2065,5.2335
2024-06-06,5.2085,5.216
2024-06-07,5.196,5.2265
2024-06-10,5.2475,5.233
2024-06-11,5.2045,5.196
2024-06-12,5.2205,5.2165
2024-06-13,5.2235,5.2205
2024-06-14,5.2265,5.2095
2024-06-17,5.2125,5.233
2024-06-18,5.2315,5.221
2024-06-19,5.2485,5.2295
2024-06-20,5.2385,5.191
2024-06-21,5.2575,5.1925
2024-06-24,5.2295,5.198
2024-06-25,5.2455,5.184
2024-06-26,5.2345,5.1955
2024-06-27,5.2525,5.208
2024-06-28,5.242,5.1835
2024-07-01,5.2295,5.206
2024-07-02,5.2455,5.175
2024-07-03,5.2485,5.1705
2024-07-04,5.2385,5.178
2024-07-05,5.2265,5.1535
2024-07-08,5.2475,5.206
2024-07-09,5.2315,5.167
2024-07-10,5.2205,5.1825
2024-07-11,5.2385,5.174
2024-07-12,5.2265,5.1755
2024-07-15,5.2295,5.215
2024-07-16,5.2045,5.171
2024-07-17,5.2345,5.1875
2024-07-18,5.1945,5.165
2024-07-19,5.1805,5.1755
2024-07-22,5.195,5.198
2024-07-23,5.1905,5.167
2024-07-24,5.1925,5.1785
2024-07-25,5.1495,5.178
2024-07-26,5.1345,5.1495
2024-07-29,5.1075,5.149
2024-07-30,5.1035,5.1045
2024-07-31,5.0955,5.0905
2024-08-01,4.9375,5.008
2024-08-02,5.0175,4.9945
2024-08-05,4.992,4.9575
2024-08-06,5.0,4.98
2024-08-07,5.0085,4.9765
2024-08-08,5.0025,4.987
2024-08-09,4.9975,4.9775
2024-08-12,5.0025,4.9885
2024-08-13,5.0,4.98
2024-08-14,4.9945,4.9935
2024-08-15,5.0025,5.004
2024-08-16,5.0125,4.9865
2024-08-19,5.0205,5.015
2024-08-20,5.0,4.963
2024-08-21,5.0085,4.9685
2024-08-22,5.0175,4.97
2024-08-23,4.9975,4.956
2024-08-26,,
2024-08-27,5.023,4.9635
2024-08-28,4.9945,4.9265
2024-08-29,4.9885,4.936
2024-08-30,4.9975,4.9305
2024-09-02,5.0205,4.94
2024-09-03,5.0,4.934
2024-09-04,5.0085,4.9015
2024-09-05,4.9735,4.927
2024-09-06,4.9975,4.9305
2024-09-09,5.0375,4.915
2024-09-10,5.0135,4.934
2024-09-11,5.0225,4.9395
2024-09-12,4.9885,4.889
2024-09-13,4.9665,4.8655
2024-09-16,4.9855,4.8485
2024-09-17,4.9455,4.8595
2024-09-18,4.9665,4.876
2024-09-19,5.0025,4.91
2024-09-20,4.9355,4.8955
2024-09-23,4.9505,4.884
2024-09-24,4.9185,4.88
2024-09-25,4.9375,4.8845
2024-09-26,4.9585,4.876
2024-09-27,4.9665,4.8485
2024-09-30,4.9675,4.875
2024-10-01,4.959,4.868
2024-10-02,4.9945,4.8635
2024-10-03,4.9585,4.864
2024-10-04,5.0125,4.8355
2024-10-07,4.9855,4.8485
2024-10-08,4.9185,4.7845
2024-10-09,4.9235,4.7965
2024-10-10,4.9295,4.821
2024-10-11,4.9815,4.7755
2024-10-14,5.0205,4.773
2024-10-15,4.9865,4.751
2024-10-16,4.9665,4.7295
2024-10-17,4.9295,4.736
2024-10-18,4.89,4.7155
2024-10-21,4.9155,4.706
2024-10-22,4.8635,4.689
2024-10-23,4.8675,4.7085
2024-10-24,4.856,4.681
2024-10-25,4.8285,4.6945
2024-10-28,4.8455,4.724
2024-10-29,4.8365,4.735
2024-10-30,4.8955,4.788
2024-10-31,4.8415,4.8
2024-11-01,4.8135,4.7115
2024-11-04,4.8455,4.742
2024-11-05,4.8095,4.6975
2024-11-06,4.7825,4.6955
2024-11-07,4.7535,4.694
2024-11-08,4.7675,4.7325
2024-11-11,4.8105,4.702
2024-11-12,4.782,4.714
2024-11-13,4.7685,4.7205
2024-11-14,4.7675,4.698
2024-11-15,4.7675,4.6855
2024-11-18,4.758,4.684
2024-11-19,4.7415,4.689
2024-11-20,4.7545,4.6915
2024-11-21,4.7385,4.681
2024-11-22,4.7675,4.6945
2024-11-25,4.7755,4.702
2024-11-26,4.782,4.693
2024-11-27,4.7685,4.6995
2024-11-28,4.7825,4.702
2024-11-29,4.7825,4.6815
2024-12-02,4.7925,4.684
2024-12-03,4.782,4.6765
2024-12-04,4.7965,4.6745
2024-12-05,4.7975,4.681
2024-12-06,4.7825,4.707
2024-12-09,4.7925,4.693
2024-12-10,4.6865,4.681
2024-12-11,4.6835,4.7085
2024-12-12,4.6795,4.694
2024-12-13,4.6755,4.69
2024-12-16,4.688,4.702
2024-12-17,4.7275,4.6765
2024-12-18,4.7255,4.6785
2024-12-19,4.709,4.66
2024-12-20,4.7215,4.6945
2024-12-23,4.723,4.6885
2024-12-24,4.7275,4.685
2024-12-27,4.7065,4.677
2024-12-30,4.723,4.675
2024-12-31,4.73,4.671
2025-01-02,4.726,4.6575
2025-01-03,4.723,4.667
2025-01-06,4.7275,4.6745
2025-01-07,4.714,4.664
2025-01-08,4.6975,4.6665
2025-01-09,4.6945,4.643
2025-01-10,4.737,4.6555
2025-01-13,4.723,4.658
2025-01-14,4.755,4.6495
2025-01-15,4.7395,4.6055
2025-01-16,4.7385,4.603
2025-01-17,4.737,4.589
2025-01-20,4.7405,4.5885
2025-01-21,4.646,4.568
2025-01-22,4.6405,4.552
2025-01-23,4.665,4.5575
2025-01-24,4.6145,4.562
2025-01-27,4.6535,4.5455
2025-01-28,4.6185,4.5565
2025-01-29,4.6125,4.528
2025-01-30,4.5915,4.52
2025-01-31,4.5685,4.514
2025-02-03,4.5655,4.498
2025-02-04,4.5375,4.49
2025-02-05,4.5275,4.523
2025-02-06,4.5325,4.5025
2025-02-07,4.5075,4.516
2025-02-10,4.4785,4.4755
2025-02-11,4.4965,4.469
2025-02-12,4.5135,4.4355
2025-02-13,4.474,4.435
2025-02-14,4.5225,4.4455
2025-02-17,4.4785,4.409
2025-02-18,4.5095,4.436
2025-02-19,4.5135,4.4525
2025-02-20,4.474,4.4605
2025-02-21,4.492,4.4325
2025-02-24,4.4785,4.436
2025-02-25,4.5095,4.4325
2025-02-26,4.4715,4.436
2025-02-27,4.5035,4.398
2025-02-28,4.4465,4.435
2025-03-03,4.4435,4.4275
2025-03-04,4.469,4.403
2025-03-05,4.4715,4.394
2025-03-06,4.4595,4.393
2025-03-07,4.4615,4.4025
2025-03-10,4.4435,4.387
2025-03-11,4.401,4.378
2025-03-12,4.429,4.381
2025-03-13,4.4005,4.376
2025-03-14,4.4005,4.3685
2025-03-17,4.4435,4.378
2025-03-18,4.456,4.4155
2025-03-19,4.4575,4.4065
2025-03-20,4.4445,4.376
2025-03-21,4.4615,4.42
2025-03-24,4.4785,4.427
2025-03-25,4.4995,4.382
2025-03-26,4.4695,4.4105
2025-03-27,4.4715,4.4055
2025-03-28,4.474,4.407
2025-03-31,4.475,4.427
2025-04-01,4.4555,4.436
2025-04-02,4.4575,4.444
2025-04-03,4.5625,4.444
2025-04-04,4.4765,4.437
2025-04-07,4.4785,4.396
2025-04-08,4.4735,4.374
2025-04-09,4.5095,4.3605
2025-04-10,4.4715,4.397
2025-04-11,4.474,4.4025
2025-04-14,4.492,4.3825
2025-04-15,4.442,4.3535
2025-04-16,4.429,4.335
2025-04-17,4.4155,4.325
2025-04-22,4.418,4.321
2025-04-23,4.4145,4.306
2025-04-24,4.3855,4.3
2025-04-25,4.4005,4.304
2025-04-28,4.3735,4.245
2025-04-29,4.3165,4.264
2025-04-30,4.3055,4.2745
2025-05-01,4.302,4.259
2025-05-02,4.239,4.2205
2025-05-05,,
2025-05-06,4.2335,4.258
2025-05-07,4.2315,4.218
2025-05-08,4.2245,4.27
2025-05-09,4.2325,4.2615
2025-05-12,4.129,4.263
2025-05-13,4.061,4.2665
2025-05-14,4.0615,4.2595
2025-05-15,4.0625,4.2575
2025-05-16,4.0635,4.2655
2025-05-19,4.2335,4.258
2025-05-20,4.2515,4.233
2025-05-21,4.2455,4.2555
2025-05-22,4.2535,4.2405
2025-05-23,4.2625,4.2525
2025-05-26,,
2025-05-27,4.2715,4.2625
2025-05-28,4.2455,4.254
2025-05-29,4.2535,4.2555
2025-05-30,4.2475,4.253
2025-06-02,4.2515,4.2565
2025-06-03,4.2515,4.2375
2025-06-04,4.2455,4.243
2025-06-05,4.239,4.2405
2025-06-06,4.2475,4.2615
2025-06-09,4.2515,4.236
2025-06-10,4.2925,4.2725
2025-06-11,4.2735,4.2535
2025-06-12,4.2685,4.247
2025-06-13,4.2625,4.2465
2025-06-16,4.2515,4.2295
2025-06-17,4.2515,4.2085
2025-06-18,4.2735,4.222
2025-06-19,4.283,4.1685
2025-06-20,4.2625,4.1715
2025-06-23,4.2685,4.232
2025-06-24,4.197,4.1915
2025-06-25,4.2455,4.1885
2025-06-26,4.239,4.194
2025-06-27,4.2325,4.257
2025-06-30,4.2335,4.179
2025-07-01,4.251,4.142
2025-07-02,4.2455,4.1385
2025-07-03,4.2535,4.1305
2025-07-04,4.2625,4.176
2025-07-07,4.286,4.148
2025-07-08,4.265,4.1505
2025-07-09,4.2455,4.1465
2025-07-10,4.2535,4.1345
2025-07-11,4.2165,4.129
2025-07-14,4.2335,4.13
2025-07-15,4.2515,4.1335
2025-07-16,4.2455,4.1385
2025-07-17,4.239,4.1305
2025-07-18,4.2475,4.1245
2025-07-21,4.2165,4.1255
2025-07-22,4.1695,4.1255
2025-07-23,4.1185,4.1005
2025-07-24,4.1215,4.0965
2025-07-25,4.1095,4.0985
2025-07-28,4.1115,4.09
2025-07-29,4.0935,4.08
2025-07-30,4.061,4.0715
2025-07-31,4.0615,4.0755
2025-08-01,4.0335,4.086
2025-08-04,4.025,4.0635
2025-08-05,4.0065,4.0345
2025-08-06,3.9775,4.0295
2025-08-07,3.9895,4.0455
2025-08-08,3.9725,4.039
2025-08-11,3.9965,4.052
2025-08-12,4.0055,4.038
2025-08-13,4.004,4.0375
2025-08-14,4.064,4.052
2025-08-15,4.077,4.046
2025-08-18,4.042,4.043
2025-08-19,4.0195,4.0655
2025-08-20,4.0185,4.065
2025-08-21,4.0175,4.071
2025-08-22,4.015,4.0655
2025-08-25,,
2025-08-26,4.014,4.067
2025-08-27,4.0185,4.052
2025-08-28,4.0175,4.054
2025-08-29,4.0595,4.0395
2025-09-01,4.051,4.07
2025-09-02,4.0475,4.063
2025-09-03,4.0335,4.0415
2025-09-04,4.0335,4.0305
2025-09-05,4.0415,4.055
2025-09-08,4.051,4.034
2025-09-09,4.0475,4.038
2025-09-10,4.0485,4.063
2025-09-11,4.0485,4.069
2025-09-12,4.0415,4.05
2025-09-15,4.051,4.0475
2025-09-16,4.0615,4.067
2025-09-17,4.0485,4.067
2025-09-18,4.0335,4.0645
2025-09-19,4.0415,4.0725
2025-09-22,4.051,4.07
2025-09-23,4.0475,4.067
2025-09-24,4.0485,4.063
2025-09-25,4.0335,4.0645
2025-09-26,4.0415,4.0635
2025-09-29,4.051,4.079
2025-09-30,4.0335,4.0505
2025-10-01,4.0335,4.0455
2025-10-02,4.0485,4.069
2025-10-03,4.0595,4.0635
2025-10-06,3.923,3.9935
2025-10-07,4.0475,4.017
2025-10-08,4.0485,4.0205
2025-10-09,4.0335,4.022
2025-10-10,4.0415,4.015
2025-10-13,4.047,4.015
2025-10-14,4.062731,4.4125
2025-10-15,4.0485,4.056
2025-10-16,4.0485,4.0625
2025-10-17,4.0415,4.0705
2025-10-20,4.051,4.061
2025-10-21,4.0475,4.059
2025-10-22,4.0335,4.0205
2025-10-23,4.033,4.022
2025-10-24,4.042,4.037
2025-10-27,4.042,3.9985
2025-10-28,4.0195,3.988
2025-10-29,4.0185,3.9445
2025-10-30,4.018,3.9575
2025-10-31,4.024,3.9395
2025-11-03,4.0055,3.931
2025-11-04,3.9915,3.971
2025-11-05,4.004,3.9695
2025-11-06,4.0795,4.009
2025-11-07,4.0415,3.966
2025-11-10,4.0695,3.9625
2025-11-11,4.076,3.9625
2025-11-12,4.092,3.9655
2025-11-13,4.0795,3.962
2025-11-14,4.0765,3.957
2025-11-17,4.088,3.9535
2025-11-18,4.076,3.9585
2025-11-19,4.0335,3.936
2025-11-20,4.0175,3.9405
2025-11-21,4.0765,3.935
2025-11-24,4.088,3.9355
2025-11-25,4.0475,3.921
2025-11-26,4.0485,3.9065
2025-11-27,4.011,3.9105
2025-11-28,3.995,3.891
2025-12-01,4.0065,3.9
2025-12-02,3.9915,3.9
2025-12-03,3.9895,3.8895
2025-12-04,3.9875,3.8935
2025-12-05,4.0065,3.86
2025-12-08,3.978,3.864
2025-12-09,3.9345,3.896
2025-12-10,3.916,3.881
2025-12-11,3.911,3.874
2025-12-12,3.9195,3.867
2025-12-15,3.8865,3.875
2025-12-16,3.8925,3.854
2025-12-17,3.872,3.8345
2025-12-18,3.865,3.855
2025-12-19,3.867,3.847
2025-12-22,3.8775,3.8505
2025-12-23,3.85,3.8165
2025-12-24,3.8495,3.811
2025-12-29,3.8495,3.846
2025-12-30,3.85,3.8375
2025-12-31,3.8495,3.8465
2026-01-02,3.8495,3.8335
2026-01-05,3.8495,3.837
2026-01-06,3.782,3.825
2026-01-07,3.789,3.8215
2026-01-08,3.796,3.833
2026-01-09,3.786,3.8055
2026-01-12,3.7955,3.79
2026-01-13,3.7655,3.787
2026-01-14,3.7695,3.788
2026-01-15,3.7585,3.7995
2026-01-16,3.7275,3.789
2026-01-19,3.74,3.788
2026-01-20,3.737,3.7915
2026-01-21,3.7395,3.788
2026-01-22,3.7425,3.7865
2026-01-23,3.745,3.789
2026-01-26,3.74,3.7925
2026-01-27,3.7515,3.7955
2026-01-28,3.7395,3.792
2026-01-29,3.7425,3.791
2026-01-30,3.745,3.785
2026-02-02,3.758,3.788
2026-02-03,3.7515,3.7575
2026-02-04,3.7395,3.758
2026-02-05,3.7585,3.6785
2026-02-06,3.7795,3.688
2026-02-09,3.7765,3.683
2026-02-10,3.7725,3.6785
2026-02-11,3.747,3.674
2026-02-12,3.7505,3.671
2026-02-13,3.736,3.661
2026-02-16,3.7395,3.663
2026-02-17,3.7515,3.641
2026-02-18,3.7395,3.64
2026-02-19,3.7275,3.637
2026-02-20,3.745,3.63
2026-02-23,3.74,3.627
2026-02-24,3.723,3.6415
2026-02-25,3.7105,3.637
2026-02-26,3.7125,3.6235
2026-02-27,3.71,3.609
2026-03-02,3.74,3.7095
2026-03-03,3.7515,3.741
2026-03-04,,3.9885
2026-03-05,3.7585,3.74
2026-03-06,5.6435,4.0615
2026-03-09,3.7765,3.797
2026-03-10,3.7485,3.754
2026-03-11,3.7795,3.788
2026-03-12,3.7545,3.7825
2026-03-13,3.775,3.767
2026-03-16,3.7975,3.788
2026-03-17,3.7795,3.804
2026-03-18,3.784,3.809
2026-03-19,3.7885,3.872
2026-03-20,3.7795,3.922
2026-03-23,3.795,3.9265
2026-03-24,3.7935,3.938
2026-03-25,3.7985,3.915
2026-03-26,3.7885,3.9275
2026-03-27,3.8325,3.926
2026-03-30,3.8315,3.9175
2026-03-31,3.8075,3.898
2026-04-01,3.8275,3.8665
2026-04-02,3.8495,3.695
2026-04-07,3.821,3.9
2026-04-08,3.8785,3.9275
2026-04-09,3.8425,3.936
2026-04-10,3.841,3.922
2026-04-13,3.8325,3.9355
2026-04-14,3.8215,3.9335
2026-04-15,3.8275,3.9445
2026-04-16,3.804,3.915
2026-04-17,3.7975,3.873
2026-04-20,3.7765,3.8865
2026-04-21,3.7655,3.9125
2026-04-22,3.8275,3.923
2026-04-23,3.8195,3.936
2026-04-24,3.8325,3.9
2026-04-27,3.7765,3.891
2026-04-28,3.7755,3.908
2026-04-29,3.7935,3.9525
2026-04-30,3.784,3.915
2026-05-01,3.7625,3.913
2026-05-04,,
2026-05-05,3.7765,3.9155
2026-05-06,3.7695,3.896
2026-05-07,3.7585,3.9065
2026-05-08,3.7625,3.9065
2026-05-11,3.758,3.8995
2026-05-12,3.7655,3.921
2026-05-13,3.784,3.915
2026-05-14,3.7585,3.8935
2026-05-15,3.7795,3.882
2026-05-18,3.795,3.931
2026-05-19,3.7795,3.8875
2026-05-20,3.784,3.847
2026-05-21,3.7735,3.855
2026-05-22,3.758,3.8415
2026-05-25,,
2026-05-26,3.763,3.8385
2026-05-27,3.7695,3.881
2026-05-28,3.7735,3.885
2026-05-29,3.745,3.851
2026-06-01,3.795,3.8775
2026-06-02,3.7655,3.84
2026-06-03,3.7545,3.846
2026-06-04,3.7735,3.843
2026-06-05,3.7795,3.858
2026-06-08,3.795,3.864
2026-06-09,3.7935,3.85
2026-06-10,3.7985,3.8685
2026-06-11,3.7885,3.859
2026-06-12,3.7795,3.847
2026-06-15,3.7764,3.8416
2026-06-16,3.7795,3.85405
2026-06-17,3.78385,3.8429
2026-06-18,3.7887,3.82085
2026-06-19,3.77985,3.82905
2026-06-22,3.79475,3.8237
2026-06-23,3.7795,3.82475
2026-06-24,3.7692,3.826
2026-06-25,3.7734,3.82085
2026-06-26,3.79735,3.83345
2026-06-29,3.79475,3.8192
2026-06-30,3.7795,3.83315
2026-07-01,3.7692,3.826
2026-07-02,3.7887,3.81655
2026-07-03,3.77985,3.81575
2026-07-06,3.79475,3.8192
2026-07-07,3.77245,3.83315
2026-07-08,3.79855,3.8725
2026-07-09,3.7887,3.85505
2026-07-10,3.7886,3.84225
2026-07-13,3.80395,3.8595
2026-07-14,3.7795,3.84565
2026-07-15,3.7692,3.83445
2026-07-16,3.804,3.85075
2026-07-17,3.8148,3.85115
2026-07-20,3.79475,3.8595
2026-07-21,3.7936,3.86655
2026-07-22,3.81325,3.86825
2026-07-23,3.7887,3.88065
2026-07-24,3.79735,3.86885
2026-07-27,3.79475,3.86395
2026-07-28,3.7936,3.86655
2026-07-29,3.78385,3.8767
2026-07-30,3.7887,3.84645
