Date,Germany_1M_Bill_Yield,Germany_3M_Bill_Yield,France_1M_Bill_Yield,France_3M_Bill_Yield,UK_1M_Bill_Yield,UK_3M_Bill_Yield
2020-01-02,-0.744,-0.692,-0.5737,-0.6232,0.6795,0.7175
2020-01-03,-0.648,-0.627,-0.5946,-0.612,0.6765,0.7085
2020-01-06,-0.641,-0.63,-0.608,-0.6294,0.678,0.705
2020-01-07,-0.644,-0.625,-0.601,-0.5984,0.683,0.664
2020-01-08,-0.638,-0.634,-0.585,-0.5828,0.681,0.6655
2020-01-09,-0.618,-0.633,-0.565,-0.5854,0.679,0.661
2020-01-10,-0.629,-0.632,-0.59,-0.5791,0.677,0.6635
2020-01-13,-0.61,-0.601,-0.563,-0.5873,0.678,0.642
2020-01-14,-0.613,-0.602,-0.5879,-0.5883,0.5745,0.673
2020-01-15,-0.602,-0.596,-0.5846,-0.5855,0.667,0.644
2020-01-16,-0.611,-0.589,-0.5834,-0.5846,0.6645,0.6405
2020-01-17,-0.605,-0.588,-0.58,-0.5856,0.662,0.515
2020-01-20,-0.591,-0.586,-0.5825,-0.5689,0.661,0.6605
2020-01-21,-0.575,-0.58,-0.58,-0.565,0.6695,0.648
2020-01-22,-0.586,-0.58,-0.5801,-0.5696,0.639,0.649
2020-01-23,-0.57,-0.58,-0.5834,-0.572,0.6355,0.636
2020-01-24,-0.611,-0.58,-0.5847,-0.5712,0.647,0.6425
2020-01-27,-0.573,-0.58,-0.57,-0.572,0.6435,0.633
2020-01-28,-0.616,-0.582,-0.595,-0.577,0.6155,0.6985
2020-01-29,-0.57,-0.58,-0.5756,-0.5748,0.611,0.6325
2020-01-30,-0.58,-0.58,-0.583,-0.577,0.621,0.644
2020-01-31,-0.585,-0.58,-0.55,-0.5918,0.6925,0.71
2020-02-03,-0.591,-0.58,-0.565,-0.588,0.6955,0.7115
2020-02-04,-0.608,-0.589,-0.565,-0.593,0.683,0.664
2020-02-05,-0.576,-0.58,-0.575,-0.596,0.681,0.6695
2020-02-06,-0.63,-0.601,-0.5877,-0.598,0.679,0.669
2020-02-07,-0.575,-0.603,-0.5894,-0.6,0.677,0.6595
2020-02-10,-0.54,-0.613,-0.615,-0.612,0.661,0.655
2020-02-11,,-0.605,-0.636,-0.61,0.6695,0.6725
2020-02-12,-0.609,-0.586,-0.6296,-0.611,0.681,0.6775
2020-02-13,-0.614,-0.589,-0.632,-0.612,0.679,0.673
2020-02-14,-0.58,-0.585,-0.6296,-0.61,0.677,0.6685
2020-02-17,-0.598,-0.579,-0.637,-0.5842,0.678,0.668
2020-02-18,-0.58,-0.583,-0.6349,-0.5848,0.6425,0.632
2020-02-19,-0.589,-0.583,-0.615,-0.5787,0.639,0.6325
2020-02-20,-0.593,-0.584,-0.61,-0.578,0.6355,0.627
2020-02-21,-0.607,-0.584,-0.639,-0.5785,0.6465,0.6265
2020-02-24,-0.592,-0.585,-0.6167,-0.5814,0.6435,0.62
2020-02-25,-0.601,-0.606,-0.6186,-0.5866,0.683,0.653
2020-02-26,-0.612,-0.613,-0.6161,-0.5921,0.681,0.652
2020-02-27,-0.608,-0.6,-0.632,-0.6018,0.679,0.6445
2020-02-28,-0.58,-0.6,-0.6396,-0.6052,0.6465,0.594
2020-03-02,-0.642,-0.642,-0.648,-0.6269,0.591,0.5225
2020-03-03,-0.652,-0.636,-0.649,-0.6323,0.5885,0.5585
2020-03-04,-0.646,-0.661,-0.659,-0.6488,0.4845,0.4225
2020-03-05,-0.666,-0.664,-0.664,-0.653,0.562,0.49
2020-03-06,-0.58,-0.6,-0.661,-0.6522,0.5555,0.4575
2020-03-09,-0.674,-0.66,-0.675,-0.6676,0.504,0.407
2020-03-10,-0.693,-0.765,-0.6843,-0.6764,0.4665,0.4525
2020-03-11,-0.724,-0.66,-0.7284,-0.7285,0.2035,0.2545
2020-03-12,-0.656,-0.76,-0.6855,-0.6915,0.197,0.324
2020-03-13,-0.703,-0.773,-0.6945,-0.7341,0.2055,0.3655
2020-03-16,-0.737,-0.785,-0.681,-0.612,0.191,0.35
2020-03-17,-0.622,-0.66,-0.693,-0.693,0.2085,0.3635
2020-03-18,-0.72,-0.66,-0.656,-0.636,0.1825,0.355
2020-03-19,-0.709,-0.66,-0.608,-0.556,0.1895,0.3945
2020-03-20,-0.72,-0.736,-0.605,-0.56,0.146,0.3445
2020-03-23,-0.58,-0.66,-0.5996,-0.5625,0.141,0.326
2020-03-24,-0.58,-0.66,-0.5923,-0.52,0.1825,0.193
2020-03-25,-0.58,-0.66,-0.5621,-0.49,0.1895,0.207
2020-03-26,-0.58,-0.66,-0.5591,-0.4925,0.19,0.2155
2020-03-27,-0.58,-0.684,-0.5647,-0.506,0.1825,0.2095
2020-03-30,-0.58,-0.66,-0.5054,-0.4773,0.165,0.2
2020-03-31,-0.708,-0.688,-0.5134,-0.4975,0.196,0.152
2020-04-01,-0.6595,-0.66,-0.5217,-0.5328,0.1755,0.146
2020-04-02,-0.72,-0.66,-0.5251,-0.5257,0.168,0.1785
2020-04-03,-0.688,-0.66,-0.5247,-0.52315,0.16,0.1725
2020-04-06,-0.702,-0.69,-0.591,-0.5192,0.139,0.161
2020-04-07,-0.693,-0.694,-0.57,-0.5181,0.142,0.298
2020-04-08,-0.697,-0.66,-0.6,-0.546,0.1335,0.302
2020-04-09,-0.693,-0.709,-0.6065,-0.5574,0.117,0.3155
2020-04-14,-0.68,-0.66,-0.5528,-0.476,0.1095,0.2815
2020-04-15,-0.689,-0.666,-0.5487,-0.477,0.1335,0.088
2020-04-16,-0.684,-0.67,-0.5543,-0.485,0.146,0.083
2020-04-17,-0.662,-0.668,-0.5497,-0.4772,0.137,0.0795
2020-04-20,-0.642,-0.558,-0.5763,-0.474,0.113,0.05
2020-04-21,-0.618,-0.568,-0.5733,-0.475,0.0745,0.079
2020-04-22,-0.612,-0.55,-0.569,-0.4723,0.049,0.068
2020-04-23,-0.613,-0.553,-0.567,-0.48,0.029,0.0375
2020-04-24,-0.602,-0.59,-0.5815,-0.4838,0.015,0.0295
2020-04-27,-0.591,-0.5625,-0.5696,-0.473,0.009,0.024
2020-04-28,-0.597,-0.576,-0.5747,-0.4939,-0.026,0.067
2020-04-29,-0.608,-0.6,-0.5883,-0.5121,-0.0205,0.051
2020-04-30,-0.605,-0.562,-0.5797,-0.52065,-0.035,0.0085
2020-05-01,,,,,-0.044,-0.0335
2020-05-04,-0.591,-0.5595,-0.5739,-0.5277,-0.0745,-0.106
2020-05-05,-0.603,-0.563,-0.5923,-0.55,-0.115,-0.12
2020-05-06,-0.611,-0.554,-0.5936,-0.5675,-0.1335,-0.17
2020-05-07,-0.618,-0.558,-0.5883,-0.5594,0.058,0.079
2020-05-08,-0.614,-0.5585,-0.5996,-0.547,,
2020-05-11,-0.591,-0.559,-0.522,-0.54,0.0435,0.063
2020-05-12,-0.593,-0.53,-0.5309,-0.548,0.0205,0.051
2020-05-13,-0.588,-0.528,-0.5397,-0.5481,0.007,0.031
2020-05-14,-0.563,-0.531,-0.535,-0.5485,0.015,0.0
2020-05-15,-0.5725,-0.529,-0.5397,-0.5463,0.015,-0.0045
2020-05-18,-0.5655,-0.529,-0.5611,-0.5394,-0.009,-0.041
2020-05-19,-0.567,-0.585,-0.5616,-0.5347,0.0,-0.044
2020-05-20,-0.568,-0.531,-0.5621,-0.5346,0.035,0.014
2020-05-21,-0.585,-0.529,-0.5591,-0.5369,0.015,0.054
2020-05-22,-0.576,-0.532,-0.5697,-0.5394,0.03,0.0165
2020-05-25,-0.578,-0.585,-0.5739,-0.5244,,
2020-05-26,-0.581,-0.585,-0.5704,-0.5199,0.0365,0.031
2020-05-27,-0.57,-0.541,-0.5711,-0.5174,0.007,0.0225
2020-05-28,-0.54,-0.539,-0.5737,-0.5189,0.015,0.0335
2020-05-29,-0.517,-0.585,-0.5597,-0.5186,0.015,0.0045
2020-06-01,,,-0.5654,-0.5231,0.026,-0.024
2020-06-02,-0.6,-0.585,-0.5556,-0.5205,0.018,0.013
2020-06-03,-0.556,-0.531,-0.5506,-0.5202,0.019,0.0
2020-06-04,-0.558,-0.535,-0.5517,-0.517,0.03,-0.0065
2020-06-05,-0.565,-0.585,-0.568,-0.52,0.015,-0.0335
2020-06-08,-0.559,-0.57,-0.5482,-0.5094,0.009,-0.015
2020-06-09,-0.56,-0.533,-0.5397,-0.5112,-0.0205,-0.059
2020-06-10,-0.5605,-0.549,-0.5487,-0.5043,-0.021,-0.031
2020-06-11,-0.563,-0.552,-0.5494,-0.5075,-0.015,-0.0335
2020-06-12,-0.564,-0.548,-0.5497,-0.5048,-0.015,-0.0375
2020-06-15,-0.548,-0.54,-0.5449,-0.5114,-0.026,-0.028
2020-06-16,-0.558,-0.55,-0.5609,-0.5228,0.0335,-0.03
2020-06-17,-0.559,-0.55,-0.5615,-0.5346,0.021,-0.0595
2020-06-18,-0.551,-0.553,-0.5637,-0.5444,0.029,-0.029
2020-06-19,-0.564,-0.553,-0.577,-0.5698,0.046,-0.0255
2020-06-22,-0.566,-0.55,-0.5962,-0.546,0.009,-0.024
2020-06-23,-0.595,-0.563,-0.582,-0.539,-0.0205,-0.043
2020-06-24,-0.585,-0.561,-0.5888,-0.537,-0.021,-0.0635
2020-06-25,-0.6,-0.559,-0.5637,-0.53,-0.015,-0.0415
2020-06-26,-0.607,-0.567,-0.577,-0.521,-0.03,-0.0465
2020-06-29,-0.617,-0.56,-0.56,-0.525,-0.009,-0.067
2020-06-30,-0.577,-0.574,-0.5662,-0.528,-0.0335,-0.034
2020-07-01,-0.572,-0.5785,-0.567,-0.532,-0.021,-0.047
2020-07-02,-0.582,-0.58,-0.5637,-0.537,-0.044,-0.0705
2020-07-03,-0.577,-0.578,-0.5646,-0.539,-0.03,-0.0835
2020-07-06,-0.572,-0.581,-0.581,-0.544,-0.0435,-0.063
2020-07-07,-0.58,-0.583,-0.577,-0.548,-0.0335,-0.047
2020-07-08,-0.574,-0.586,-0.578,-0.55,-0.035,-0.072
2020-07-09,-0.61,-0.586,-0.582,-0.5575,-0.102,-0.0915
2020-07-10,-0.597,-0.586,-0.577,-0.558,-0.1065,-0.0625
2020-07-13,-0.6,-0.578,-0.5757,-0.56,-0.078,-0.067
2020-07-14,-0.594,-0.561,-0.5715,-0.561,-0.0605,-0.067
2020-07-15,-0.597,-0.579,-0.567,-0.556,-0.063,-0.055
2020-07-16,-0.607,-0.568,-0.5817,-0.564,-0.058,-0.0495
2020-07-17,-0.6,-0.576,-0.5708,-0.565,-0.015,-0.0545
2020-07-20,-0.604,-0.574,-0.566,-0.565,-0.0435,-0.059
2020-07-21,-0.595,-0.565,-0.5767,-0.5718,-0.0335,-0.034
2020-07-22,-0.6,-0.58,-0.567,-0.57,-0.035,-0.039
2020-07-23,-0.6,-0.574,-0.5757,-0.5689,-0.058,-0.0335
2020-07-24,-0.585,-0.575,-0.5646,-0.567,-0.061,-0.0465
2020-07-27,-0.591,-0.573,-0.5603,-0.5725,-0.0435,-0.041
2020-07-28,-0.575,-0.569,-0.5662,-0.5654,-0.0475,-0.047
2020-07-29,-0.58,-0.573,-0.567,-0.5705,-0.049,-0.031
2020-07-30,-0.583,-0.576,-0.5697,-0.5743,-0.044,-0.0625
2020-07-31,-0.58,-0.578,-0.5705,-0.5723,-0.046,-0.0415
2020-08-03,-0.581,-0.575,-0.5654,-0.5714,-0.061,-0.046
2020-08-04,-0.587,-0.575,-0.5662,-0.5739,-0.039,-0.047
2020-08-05,-0.589,-0.562,-0.5615,-0.5744,-0.0335,-0.055
2020-08-06,-0.6,-0.571,-0.5757,-0.5757,-0.007,-0.0165
2020-08-07,-0.596,-0.575,-0.5708,-0.5785,-0.022,-0.0165
2020-08-10,-0.598,-0.561,-0.571,-0.5744,-0.0165,-0.011
2020-08-11,-0.613,-0.57,-0.5715,-0.5725,-0.0205,-0.0225
2020-08-12,-0.609,-0.559,-0.595,-0.5615,-0.021,-0.0205
2020-08-13,-0.577,-0.555,-0.576,-0.5718,-0.022,-0.0165
2020-08-14,-0.581,-0.565,-0.583,-0.5698,0.023,-0.0165
2020-08-17,-0.564,-0.553,-0.5808,-0.563,0.017,-0.015
2020-08-18,-0.566,-0.556,-0.5825,-0.5695,-0.0205,-0.006
2020-08-19,-0.578,-0.554,-0.5942,-0.5705,-0.021,-0.033
2020-08-20,-0.585,-0.572,-0.5937,-0.567,-0.022,-0.021
2020-08-21,-0.566,-0.572,-0.5894,-0.567,-0.0075,-0.0335
2020-08-24,-0.617,-0.555,-0.563,-0.5615,0.002,-0.028
2020-08-25,-0.595,-0.55,-0.5635,-0.5585,0.0065,-0.0345
2020-08-26,-0.565,-0.566,-0.561,-0.5538,0.007,-0.033
2020-08-27,-0.563,-0.578,-0.559,-0.5576,-0.007,-0.033
2020-08-28,-0.565,-0.579,-0.5625,-0.5578,-0.0075,-0.0335
2020-08-31,-0.571,-0.57,-0.557,-0.5579,,
2020-09-01,-0.573,-0.592,-0.558,-0.5547,0.0095,-0.0375
2020-09-02,-0.563,-0.584,-0.555,-0.5566,-0.007,-0.0285
2020-09-03,-0.568,-0.595,-0.5645,-0.5607,-0.022,-0.0165
2020-09-04,-0.596,-0.596,-0.562,-0.561,-0.023,-0.0335
2020-09-07,-0.578,-0.613,-0.61,-0.5667,-0.035,-0.037
2020-09-08,-0.573,-0.604,-0.5995,-0.567,-0.0335,-0.0265
2020-09-09,-0.609,-0.612,-0.5865,-0.5654,-0.035,-0.0285
2020-09-10,-0.582,-0.612,-0.5835,-0.5663,-0.0365,-0.029
2020-09-11,-0.569,-0.607,-0.5835,-0.5685,-0.038,-0.0335
2020-09-14,-0.591,-0.586,-0.6039,-0.5575,-0.035,-0.028
2020-09-15,-0.585,-0.583,-0.61,-0.5761,-0.0205,-0.0425
2020-09-16,-0.577,-0.59,-0.595,-0.5766,-0.021,-0.045
2020-09-17,-0.56,-0.578,-0.59,-0.586,-0.0365,-0.0455
2020-09-18,-0.58,-0.592,-0.5946,-0.5923,-0.038,-0.0465
2020-09-21,-0.584,-0.583,-0.585,-0.57,-0.035,-0.046
2020-09-22,-0.609,-0.5915,-0.5979,-0.5796,-0.0335,-0.0265
2020-09-23,-0.585,-0.599,-0.6106,-0.5875,-0.049,-0.045
2020-09-24,-0.56,-0.597,-0.5937,-0.595,-0.0365,-0.0455
2020-09-25,-0.61,-0.608,-0.6195,-0.5925,-0.038,-0.0505
2020-09-28,-0.617,-0.619,-0.5985,-0.59075,-0.017,-0.028
2020-09-29,-0.661,-0.617,-0.6085,-0.5915,-0.0205,-0.014
2020-09-30,-0.66,-0.615,-0.6051,-0.5976,0.007,-0.0305
2020-10-01,-0.672,-0.622,-0.595,-0.5892,-0.007,-0.0165
2020-10-02,-0.658,-0.618,-0.602,-0.5928,-0.0075,-0.025
2020-10-05,-0.655,-0.625,-0.601,-0.63,0.052,-0.0275
2020-10-06,-0.668,-0.629,-0.593,-0.639,-0.0475,-0.0465
2020-10-07,-0.672,-0.634,-0.605,-0.635,-0.049,-0.053
2020-10-08,-0.657,-0.636,-0.6,-0.644,-0.051,-0.0665
2020-10-09,-0.6625,-0.634,-0.596,-0.642,-0.038,-0.0585
2020-10-12,-0.668,-0.633,-0.6014,-0.657,-0.017,-0.063
2020-10-13,-0.666,-0.641,-0.6085,-0.651,-0.0475,-0.0425
2020-10-14,-0.682,-0.663,-0.6051,-0.668,-0.021,-0.053
2020-10-15,-0.697,-0.656,-0.6117,-0.67,-0.022,-0.033
2020-10-16,-0.684,-0.658,-0.6204,-0.665,-0.023,-0.042
2020-10-19,-0.681,-0.661,-0.635,-0.705,-0.017,-0.028
2020-10-20,-0.711,-0.6585,-0.625,-0.714,-0.0065,-0.0305
2020-10-21,-0.723,-0.669,-0.635,-0.7315,-0.035,-0.0205
2020-10-22,-0.68,-0.666,-0.64,-0.716,-0.0365,-0.021
2020-10-23,-0.675,-0.661,-0.6328,-0.698,-0.038,-0.025
2020-10-26,-0.694,-0.6445,-0.627,-0.6718,-0.035,-0.024
2020-10-27,-0.68,-0.754,-0.624,-0.6734,-0.0205,-0.0345
2020-10-28,-0.665,-0.7495,-0.632,-0.6751,-0.021,-0.033
2020-10-29,-0.651,-0.751,-0.63,-0.678,-0.0365,-0.033
2020-10-30,-0.66,-0.752,-0.639,-0.6729,-0.038,-0.0295
2020-11-02,-0.6555,-0.752,-0.6168,-0.6769,-0.035,-0.028
2020-11-03,-0.6475,-0.7485,-0.6138,-0.6788,-0.0335,-0.0345
2020-11-04,-0.654,-0.755,-0.6051,-0.6806,-0.021,-0.074
2020-11-05,-0.636,-0.724,-0.5997,-0.6816,-0.0365,-0.033
2020-11-06,-0.627,-0.74,-0.5894,-0.6836,-0.023,-0.0375
2020-11-09,-0.642,-0.717,-0.6014,-0.673,-0.039,-0.098
2020-11-10,-0.6,-0.717,-0.5926,-0.6225,-0.0475,-0.0585
2020-11-11,-0.637,-0.728,-0.605,-0.611,-0.098,-0.053
2020-11-12,-0.5975,-0.719,-0.6057,-0.664,-0.0365,-0.0785
2020-11-13,-0.646,-0.724,-0.608,-0.605,-0.0835,-0.0755
2020-11-16,-0.5855,-0.6885,-0.66,-0.61,-0.091,-0.054
2020-11-17,-0.63,-0.686,-0.66,-0.6035,-0.088,-0.0625
2020-11-18,-0.625,-0.688,-0.661,-0.6045,-0.091,-0.0615
2020-11-19,-0.585,-0.687,-0.66,-0.63,-0.095,-0.054
2020-11-20,-0.6,-0.689,-0.703,-0.63,-0.114,-0.0505
2020-11-23,-0.6065,-0.688,-0.69,-0.634,-0.139,-0.037
2020-11-24,-0.637,-0.706,-0.691,-0.635,-0.0745,-0.0585
2020-11-25,-0.596,-0.716,-0.73,-0.614,-0.077,-0.053
2020-11-26,-0.66,-0.738,-0.74,-0.62,-0.066,-0.058
2020-11-27,-0.751,-0.754,-0.739,-0.642,-0.0685,-0.0585
2020-11-30,-0.751,-0.7345,-0.775,-0.68,-0.0695,-0.1325
2020-12-01,-0.755,-0.739,-0.772,-0.695,-0.052,-0.14
2020-12-02,-0.773,-0.745,-0.7705,-0.708,-0.0475,-0.1395
2020-12-03,-0.789,-0.754,-0.758,-0.718,-0.049,-0.141
2020-12-04,-0.79,-0.763,-0.7645,-0.725,-0.0365,-0.063
2020-12-07,-0.796,-0.764,-0.7493,-0.618,-0.033,-0.063
2020-12-08,-0.816,-0.773,-0.8071,-0.723,-0.1015,-0.0995
2020-12-09,-0.8485,-0.7955,-0.8452,-0.723,-0.105,-0.09
2020-12-10,-0.831,-0.778,-0.8312,-0.71,-0.1095,-0.1035
2020-12-11,-0.854,-0.781,-0.8543,-0.735,-0.114,-0.1045
2020-12-14,-0.884,-0.7865,-0.9076,-0.7325,-0.104,-0.089
2020-12-15,-0.883,-0.785,-0.9122,-0.7225,-0.1015,-0.071
2020-12-16,-0.8775,-0.772,-0.9171,-0.73,-0.063,-0.0655
2020-12-17,-0.929,-0.779,-0.9623,-0.744,-0.066,-0.0745
2020-12-18,-0.943,-0.785,-0.9691,-0.7425,-0.0685,-0.0755
2020-12-21,-1.002,-0.783,-0.997,-0.725,-0.0695,-0.085
2020-12-22,-1.019,-0.776,-0.9891,-0.715,-0.088,-0.075
2020-12-23,-0.993,-0.7675,-0.877,-0.717,-0.091,-0.078
2020-12-24,,,-0.883,-0.704,-0.095,-0.0785
2020-12-28,-1.045,-0.7695,-0.925,-0.7375,,
2020-12-29,-1.052,-0.7705,-0.8994,-0.77,-0.082,-0.0725
2020-12-30,-0.956,-0.7975,-0.921,-0.701,-0.021,-0.074
2020-12-31,,,-0.955,-0.701,-0.022,-0.0745
2021-01-04,-0.681,-0.6,-0.7111,-0.62,-0.191,-0.093
2021-01-05,-0.678,-0.657,-0.6568,-0.621,-0.155,-0.1035
2021-01-06,-0.699,-0.6475,-0.6913,-0.6225,-0.144,-0.102
2021-01-07,-0.666,-0.6565,-0.6298,-0.634,-0.152,-0.1035
2021-01-08,-0.703,-0.63,-0.6238,-0.634,-0.1395,-0.082
2021-01-11,-0.694,-0.6555,-0.627,-0.612,-0.078,-0.064
2021-01-12,-0.678,-0.6505,-0.631,-0.615,-0.0745,-0.079
2021-01-13,-0.691,-0.63,-0.625,-0.62,-0.077,-0.0655
2021-01-14,-0.652,-0.63,-0.627,-0.631,-0.066,-0.0705
2021-01-15,-0.66,-0.6545,-0.628,-0.627,-0.114,-0.1135
2021-01-18,-0.668,-0.616,-0.6425,-0.6175,-0.087,-0.041
2021-01-19,-0.636,-0.6335,-0.626,-0.623,-0.0335,-0.0425
2021-01-20,-0.63,-0.61,-0.6378,-0.63,-0.007,-0.0245
2021-01-21,-0.64,-0.61,-0.6297,-0.63,-0.007,-0.0455
2021-01-22,-0.605,-0.62,-0.6266,-0.625,-0.0075,-0.0335
2021-01-25,-0.6685,-0.61,-0.64,-0.633,-0.087,-0.046
2021-01-26,-0.615,-0.642,-0.64,-0.646,-0.0095,-0.0375
2021-01-27,-0.612,-0.641,-0.638,-0.65,-0.007,-0.053
2021-01-28,-0.63,-0.646,-0.636,-0.649,-0.022,-0.054
2021-01-29,-0.61,-0.6475,-0.633,-0.655,-0.023,-0.0505
2021-02-01,-0.63,-0.63,-0.642,-0.627,-0.035,-0.072
2021-02-02,-0.64,-0.639,-0.64,-0.626,-0.1015,-0.03
2021-02-03,-0.637,-0.63,-0.64,-0.61,-0.021,-0.0305
2021-02-04,-0.626,-0.63,-0.636,-0.63,-0.022,-0.0205
2021-02-05,-0.646,-0.639,-0.633,-0.6085,-0.023,-0.0125
2021-02-08,-0.634,-0.64,-0.619,-0.633,0.052,-0.0105
2021-02-09,-0.63,-0.63,-0.6274,-0.6125,-0.0205,-0.0425
2021-02-10,-0.644,-0.638,-0.627,-0.6125,-0.021,-0.037
2021-02-11,-0.63,-0.637,-0.6417,-0.6125,-0.022,-0.0415
2021-02-12,-0.64,-0.636,-0.6346,-0.6125,-0.038,-0.0375
2021-02-15,-0.63,-0.635,-0.6322,-0.61,-0.104,-0.037
2021-02-16,-0.637,-0.632,-0.6296,-0.61,-0.0335,-0.0345
2021-02-17,-0.63,-0.626,-0.6324,-0.607,-0.049,-0.033
2021-02-18,-0.64,-0.605,-0.6297,-0.602,-0.051,-0.021
2021-02-19,-0.63,-0.58,-0.6204,-0.6,-0.053,-0.0335
2021-02-22,-0.617,-0.624,-0.6191,-0.601,-0.052,-0.033
2021-02-23,-0.63,-0.633,-0.621,-0.584,-0.0475,-0.0505
2021-02-24,-0.612,-0.58,-0.623,-0.585,-0.007,-0.049
2021-02-25,-0.63,-0.58,-0.618,-0.57,-0.007,-0.05
2021-02-26,-0.54,-0.58,-0.622,-0.571,-0.038,-0.025
2021-03-01,-0.625,-0.6165,-0.6246,-0.6506,0.017,-0.028
2021-03-02,-0.622,-0.621,-0.627,-0.6598,0.0205,0.002
2021-03-03,-0.634,-0.6235,-0.6243,-0.665,0.021,-0.03
2021-03-04,-0.58,-0.616,-0.627,-0.6769,0.007,-0.025
2021-03-05,-0.64,-0.623,-0.63,-0.678,-0.023,-0.021
2021-03-08,-0.58,-0.614,-0.625,-0.655,-0.017,-0.007
2021-03-09,-0.64,-0.617,-0.625,-0.7106,0.013,-0.0145
2021-03-10,-0.58,-0.618,-0.63,-0.7004,0.0205,-0.0125
2021-03-11,-0.58,-0.6185,-0.636,-0.63,0.021,-0.0125
2021-03-12,-0.634,-0.6215,-0.645,-0.6767,0.007,-0.0125
2021-03-15,-0.638,-0.6205,-0.6425,-0.565,-0.0165,-0.015
2021-03-16,-0.635,-0.6235,-0.6402,-0.566,0.017,-0.0155
2021-03-17,-0.58,-0.6225,-0.6378,-0.57,0.007,0.0125
2021-03-18,-0.58,-0.6255,-0.63,-0.57,0.007,-0.0125
2021-03-19,-0.58,-0.622,-0.6266,-0.574,-0.023,-0.0125
2021-03-22,-0.64,-0.628,-0.642,-0.575,0.017,-0.011
2021-03-23,-0.623,-0.636,-0.645,-0.613,0.0205,0.002
2021-03-24,-0.58,-0.6375,-0.649,-0.623,0.021,0.008
2021-03-25,-0.627,-0.642,-0.654,-0.634,-0.007,-0.004
2021-03-26,-0.63,-0.643,-0.651,-0.636,-0.0075,0.004
2021-03-29,-0.632,-0.65,-0.625,-0.6205,0.017,0.002
2021-03-30,-0.656,-0.664,-0.63,-0.6194,-0.0065,-0.0145
2021-03-31,-0.6115,-0.666,-0.633,-0.6245,-0.007,-0.0125
2021-04-01,-0.6235,-0.662,-0.63,-0.6187,-0.022,-0.0125
2021-04-06,-0.613,-0.667,-0.626,-0.6174,-0.0275,-0.0195
2021-04-07,-0.58,-0.6365,-0.632,-0.6184,0.0065,-0.004
2021-04-08,-0.58,-0.61,-0.624,-0.6317,0.035,0.004
2021-04-09,-0.58,-0.651,-0.62,-0.6305,0.022,0.004
2021-04-12,-0.643,-0.6115,-0.617,-0.6205,0.0165,0.011
2021-04-13,-0.639,-0.6405,-0.635,-0.6194,0.0065,-0.0185
2021-04-14,-0.58,-0.642,-0.632,-0.6313,0.007,-0.0165
2021-04-15,-0.58,-0.639,-0.642,-0.6325,-0.007,-0.021
2021-04-16,-0.58,-0.646,-0.645,-0.6291,-0.0075,-0.021
2021-04-19,-0.58,-0.651,-0.6846,-0.63265,0.052,-0.0195
2021-04-20,-0.683,-0.663,-0.6925,-0.6315,0.0205,-0.006
2021-04-21,-0.645,-0.659,-0.651,-0.6328,0.021,-0.004
2021-04-22,-0.655,-0.6605,-0.6884,-0.6317,0.022,-0.004
2021-04-23,-0.657,-0.645,-0.6917,-0.633,0.0075,-0.004
2021-04-26,-0.651,-0.6595,-0.634,-0.62,0.017,-0.0065
2021-04-27,-0.649,-0.653,-0.636,-0.624,0.0205,0.0185
2021-04-28,-0.6475,-0.6505,-0.6385,-0.62,0.021,0.0165
2021-04-29,-0.656,-0.61,-0.642,-0.6225,0.007,0.025
2021-04-30,-0.645,-0.6435,-0.64,-0.62,0.0075,0.021
2021-05-03,-0.653,-0.6655,-0.6424,-0.615,,
2021-05-04,-0.6455,-0.629,-0.6317,-0.6175,0.0275,-0.0025
2021-05-05,-0.649,-0.628,-0.6296,-0.6225,-0.034,0.0245
2021-05-06,-0.636,-0.627,-0.632,-0.625,-0.04,0.0125
2021-05-07,-0.633,-0.634,-0.6246,-0.635,-0.0085,0.021
2021-05-10,-0.642,-0.627,-0.6253,-0.6269,0.05,0.0195
2021-05-11,-0.633,-0.627,-0.6274,-0.628,-0.0205,0.0185
2021-05-12,-0.644,-0.638,-0.6296,-0.6269,-0.021,0.0245
2021-05-13,-0.634,-0.627,-0.632,-0.628,-0.0365,0.021
2021-05-14,-0.646,-0.635,-0.635,-0.6291,-0.038,0.021
2021-05-17,-0.643,-0.6375,-0.6325,-0.6303,-0.035,0.0195
2021-05-18,-0.639,-0.6405,-0.6325,-0.6315,0.0335,0.006
2021-05-19,-0.635,-0.6415,-0.6325,-0.6328,0.021,0.049
2021-05-20,-0.652,-0.6425,-0.6325,-0.6292,0.022,0.05
2021-05-21,-0.636,-0.6425,-0.63,-0.6305,0.0075,0.0085
2021-05-24,,,-0.6424,-0.6225,0.052,-0.011
2021-05-25,-0.637,-0.6445,-0.645,-0.632,0.0065,0.0425
2021-05-26,-0.645,-0.627,-0.65,-0.6225,0.021,0.041
2021-05-27,-0.6425,-0.655,-0.6466,-0.625,0.007,0.0415
2021-05-28,-0.6545,-0.654,-0.65,-0.631,-0.0075,0.0295
2021-05-31,-0.6455,-0.656,-0.639,-0.62,,
2021-06-01,-0.66,-0.627,-0.63605,-0.625,0.0275,0.0375
2021-06-02,-0.6665,-0.627,-0.648,-0.6325,0.007,0.01
2021-06-03,-0.61,-0.627,-0.6466,-0.6375,0.007,0.0125
2021-06-04,-0.6655,-0.627,-0.6398,-0.639,0.0075,0.0165
2021-06-07,-0.668,-0.627,-0.6579,-0.639,0.052,0.0325
2021-06-08,-0.671,-0.651,-0.655,-0.644,0.0335,0.0305
2021-06-09,-0.61,-0.655,-0.662,-0.641,0.035,0.033
2021-06-10,-0.65,-0.651,-0.68,-0.645,0.0365,0.0375
2021-06-11,-0.648,-0.654,-0.665,-0.64,-0.023,0.0295
2021-06-14,-0.61,-0.645,-0.674,-0.64,0.052,0.028
2021-06-15,-0.658,-0.665,-0.667,-0.65,0.0065,0.01
2021-06-16,-0.656,-0.655,-0.666,-0.645,0.049,0.049
2021-06-17,-0.6425,-0.66,-0.661,-0.645,0.022,0.021
2021-06-18,-0.659,-0.663,-0.66,-0.65,0.023,0.0165
2021-06-21,-0.664,-0.6575,-0.672,-0.64,0.035,0.0195
2021-06-22,-0.665,-0.6535,-0.671,-0.641,0.0205,0.0185
2021-06-23,-0.664,-0.664,-0.67,-0.64,-0.007,0.0205
2021-06-24,-0.655,-0.667,-0.6704,-0.635,-0.007,0.021
2021-06-25,-0.6605,-0.666,-0.673,-0.639,-0.0075,0.0165
2021-06-28,-0.61,-0.6595,-0.64,-0.642,-0.017,-0.002
2021-06-29,-0.648,-0.6585,-0.64,-0.64,0.0205,0.0185
2021-06-30,-0.645,-0.664,-0.64,-0.6425,0.021,0.0165
2021-07-01,-0.644,-0.6645,-0.645,-0.645,0.022,0.025
2021-07-02,-0.641,-0.6575,-0.65,-0.645,0.0075,0.025
2021-07-05,-0.61,-0.6655,-0.646,-0.635,0.052,0.028
2021-07-06,-0.652,-0.6455,-0.6444,-0.64,0.0205,0.006
2021-07-07,-0.6665,-0.6675,-0.65,-0.638,0.021,0.0285
2021-07-08,-0.659,-0.6515,-0.6459,-0.6425,0.007,-0.025
2021-07-09,-0.602,-0.651,-0.64,-0.645,0.0075,0.025
2021-07-12,-0.655,-0.6485,-0.654,-0.645,0.017,0.033
2021-07-13,-0.632,-0.655,-0.655,-0.6475,-0.0065,0.0265
2021-07-14,-0.61,-0.658,-0.655,-0.6575,-0.007,0.0285
2021-07-15,-0.615,-0.656,-0.655,-0.683,-0.007,0.025
2021-07-16,-0.661,-0.66,-0.655,-0.672,0.0075,0.0085
2021-07-19,-0.643,-0.6625,-0.6643,-0.6425,0.052,0.015
2021-07-20,-0.63,-0.6635,-0.67,-0.65,0.0205,0.002
2021-07-21,-0.6715,-0.666,-0.6658,-0.65,0.021,0.004
2021-07-22,-0.6675,-0.6645,-0.662,-0.65,0.007,0.0125
2021-07-23,-0.663,-0.6655,-0.661,-0.647,-0.0075,0.05
2021-07-26,-0.667,-0.6605,-0.67,-0.65,-0.035,-0.011
2021-07-27,-0.665,-0.6645,-0.672,-0.6425,-0.0065,0.0225
2021-07-28,-0.655,-0.6655,-0.674,-0.645,-0.007,0.0245
2021-07-29,-0.662,-0.6685,-0.675,-0.645,-0.007,0.025
2021-07-30,-0.659,-0.672,-0.683,-0.645,-0.0075,0.0125
2021-08-02,-0.656,-0.6675,-0.66,-0.64,-0.017,0.024
2021-08-03,-0.671,-0.664,-0.665,-0.645,-0.013,-0.01
2021-08-04,-0.6805,-0.661,-0.665,-0.647,-0.0335,-0.004
2021-08-05,-0.6925,-0.67,-0.678,-0.655,-0.049,-0.0125
2021-08-06,-0.6895,-0.671,-0.66,-0.656,-0.007,-0.0125
2021-08-09,-0.635,-0.669,-0.71,-0.657,0.05,0.011
2021-08-10,-0.668,-0.672,-0.7,-0.6475,-0.0205,-0.002
2021-08-11,-0.677,-0.668,-0.694,-0.655,-0.021,0.049
2021-08-12,-0.673,-0.674,-0.6925,-0.65,-0.022,0.05
2021-08-13,-0.678,-0.671,-0.69,-0.65,-0.023,0.05
2021-08-16,-0.685,-0.6765,-0.7,-0.643,-0.017,-0.002
2021-08-17,-0.674,-0.678,-0.667,-0.64,0.0065,-0.002
2021-08-18,-0.679,-0.6955,-0.666,-0.64,0.007,0.049
2021-08-19,-0.689,-0.684,-0.6704,-0.645,0.007,-0.004
2021-08-20,-0.689,-0.687,-0.673,-0.64,-0.038,-0.004
2021-08-23,-0.689,-0.679,-0.673,-0.6425,0.052,-0.0065
2021-08-24,-0.682,-0.681,-0.679,-0.645,0.0065,0.0145
2021-08-25,-0.6945,-0.7,-0.683,-0.647,-0.049,0.004
2021-08-26,-0.696,-0.685,-0.694,-0.6425,-0.0365,0.004
2021-08-27,-0.676,-0.683,-0.7,-0.64,-0.038,0.05
2021-08-30,-0.681,-0.68,-0.731,-0.644,,
2021-08-31,-0.686,-0.678,-0.739,-0.6453,0.0065,0.002
2021-09-01,-0.6945,-0.679,-0.747,-0.6422,-0.007,0.004
2021-09-02,-0.681,-0.683,-0.73,-0.6462,0.007,0.004
2021-09-03,-0.673,-0.682,-0.733,-0.6476,-0.0075,0.004
2021-09-06,-0.677,-0.675,-0.67,-0.6466,0.035,0.0065
2021-09-07,-0.669,-0.6625,-0.672,-0.6504,0.0065,0.006
2021-09-08,-0.6795,-0.67,-0.677,-0.6543,0.007,0.0125
2021-09-09,-0.6725,-0.67,-0.68,-0.6541,-0.007,0.0165
2021-09-10,-0.6695,-0.6655,-0.679,-0.615,-0.023,0.004
2021-09-13,-0.6785,-0.6635,-0.665,-0.6425,0.052,0.0065
2021-09-14,-0.678,-0.6665,-0.664,-0.6496,-0.0065,0.006
2021-09-15,-0.6875,-0.6595,-0.667,-0.651,0.021,0.008
2021-09-16,-0.66,-0.6575,-0.663,-0.6484,0.022,0.0085
2021-09-17,-0.68,-0.66,-0.666,-0.6476,0.0075,0.0165
2021-09-20,-0.692,-0.6545,-0.65,-0.6443,-0.035,-0.0065
2021-09-21,-0.691,-0.6625,-0.65,-0.6433,-0.0205,0.002
2021-09-22,-0.708,-0.6635,-0.65,-0.6423,-0.035,0.004
2021-09-23,-0.688,-0.6615,-0.65,-0.6417,-0.0365,0.05
2021-09-24,-0.687,-0.6585,-0.646,-0.6406,-0.038,0.0265
2021-09-27,-0.685,-0.661,-0.648,-0.6369,-0.017,0.006
2021-09-28,-0.684,-0.6615,-0.65,-0.6383,-0.0065,0.018
2021-09-29,-0.685,-0.666,-0.65,-0.6398,-0.0165,0.01
2021-09-30,-0.671,-0.677,-0.65,-0.65,-0.017,0.0265
2021-10-01,-0.671,-0.6655,-0.65,-0.6489,0.047,0.033
2021-10-04,-0.6445,-0.6675,-0.682,-0.7475,-0.013,0.0255
2021-10-05,-0.657,-0.7725,-0.68,-0.745,-0.0065,0.042
2021-10-06,-0.635,-0.755,-0.68,-0.745,-0.021,0.0585
2021-10-07,-0.6255,-0.7495,-0.699,-0.7375,-0.022,0.0165
2021-10-08,-0.66,-0.7725,-0.68,-0.735,-0.0075,0.021
2021-10-11,-0.623,-0.7515,-0.68,-0.7275,0.052,0.0405
2021-10-12,-0.653,-0.752,-0.6475,-0.732,-0.0065,0.006
2021-10-13,-0.6145,-0.754,-0.672,-0.725,-0.007,0.0165
2021-10-14,-0.6,-0.753,-0.69,-0.716,-0.007,0.0165
2021-10-15,-0.63,-0.76,-0.704,-0.748,-0.0075,0.004
2021-10-18,-0.643,-0.744,-0.6527,-0.745,0.017,0.089
2021-10-19,-0.6565,-0.76,-0.6508,-0.74,0.0205,0.067
2021-10-20,-0.6545,-0.753,-0.6542,-0.735,0.049,0.086
2021-10-21,-0.6445,-0.76,-0.651,-0.735,0.0365,0.087
2021-10-22,-0.6355,-0.763,-0.6452,-0.74,-0.0075,0.0715
2021-10-25,-0.6335,-0.776,-0.645,-0.735,0.017,0.124
2021-10-26,-0.64,-0.7865,-0.6561,-0.742,0.0335,0.063
2021-10-27,-0.6505,-0.854,-0.6596,-0.77,0.021,0.0615
2021-10-28,-0.649,-0.853,-0.6855,-0.77,0.0365,0.108
2021-10-29,-0.654,-0.8615,-0.6775,-0.77,0.0075,0.0795
2021-11-01,-0.621,-0.859,-0.6579,-0.78,0.052,0.085
2021-11-02,-0.626,-0.872,-0.6614,-0.83,0.0475,0.083
2021-11-03,-0.631,-0.882,-0.665,-0.855,0.021,0.086
2021-11-04,-0.63,-0.774,-0.6596,-0.865,-0.007,0.083
2021-11-05,-0.612,-0.781,-0.6638,-0.865,-0.1295,-0.042
2021-11-08,-0.638,-0.786,-0.6675,-0.787,-0.052,0.089
2021-11-09,-0.648,-0.8,-0.6875,-0.8,-0.0455,0.0905
2021-11-10,-0.645,-0.808,-0.7035,-0.81,-0.035,0.0245
2021-11-11,-0.69,-0.8415,-0.7145,-0.822,-0.0365,0.0745
2021-11-12,-0.667,-0.86,-0.762,-0.8175,-0.038,0.063
2021-11-15,-0.638,-0.95,-0.95,-0.8725,-0.035,0.059
2021-11-16,-0.66,-1.02,-1.0,-0.945,0.0205,0.0225
2021-11-17,-0.654,-0.99,-1.015,-0.9325,-0.035,0.0285
2021-11-18,-0.69,-0.96,-1.01,-0.9475,-0.051,0.004
2021-11-19,-0.69,-0.98,-1.125,-0.9425,-0.053,0.0085
2021-11-22,-0.672,-1.02,-1.076,-0.965,-0.052,0.0065
2021-11-23,-0.67,-0.99,-1.075,-0.96,0.0065,0.0585
2021-11-24,-0.67,-0.98,-1.08,-0.966,0.007,-0.0125
2021-11-25,-0.647,-1.0,-1.02,-0.965,-0.007,-0.025
2021-11-26,-0.66,-1.01,-0.985,-0.965,-0.023,0.021
2021-11-29,-0.681,-0.996,-1.0487,-0.98,0.017,0.0195
2021-11-30,-0.72,-0.993,-1.0831,-0.975,0.0455,0.0505
2021-12-01,-0.705,-0.992,-1.1909,-0.965,0.039,0.0535
2021-12-02,-0.72,-1.0,-1.37,-1.01,0.0205,0.0125
2021-12-03,-0.652,-0.986,-1.3831,-0.961,0.035,0.025
2021-12-06,-0.638,-0.982,-1.27,-0.9125,-0.016,-0.0065
2021-12-07,-0.625,-0.981,-1.25,-0.91,0.078,0.0385
2021-12-08,-0.607,-0.97,-1.273,-0.905,0.088,0.041
2021-12-09,-0.55,-0.911,-1.225,-0.865,0.049,0.05
2021-12-10,-0.6,-0.9035,-1.19,-0.725,0.051,0.0465
2021-12-13,-0.54,-0.842,-1.002,-0.795,0.05,0.059
2021-12-14,,-0.756,-1.017,-0.803,0.0475,0.079
2021-12-15,-1.21,-0.804,-1.029,-0.83,0.077,0.0945
2021-12-16,-1.349,-0.821,-1.011,-0.8425,0.139,0.1495
2021-12-17,-1.333,-0.849,-1.049,-0.85,0.251,0.2685
2021-12-20,-1.13,-0.817,-0.99,-0.83,0.261,0.2805
2021-12-21,-1.139,-0.8,-0.96,-0.83,0.1285,0.136
2021-12-22,-1.024,-0.781,-0.93,-0.82,0.1335,0.07
2021-12-23,-0.837,-0.696,-0.84,-0.805,0.124,0.133
2021-12-24,,,-0.855,-0.809,0.1295,0.1425
2021-12-27,-0.9,-0.719,-0.858,-0.8,,
2021-12-28,-0.8,-0.723,-0.863,-0.81,,
2021-12-29,-0.89,-0.739,-0.85,-0.808,0.144,0.138
2021-12-30,-0.832,-0.73,-0.885,-0.823,0.124,0.133
2021-12-31,,,-0.901,-0.79,0.1295,0.1385
2022-01-03,-0.63,-0.658,-0.68,-0.66,,
2022-01-04,-0.637,-0.688,-0.688,-0.66,0.2285,0.4025
2022-01-05,-0.645,-0.664,-0.67,-0.655,0.125,0.08
2022-01-06,-0.66,-0.664,-0.677,-0.65,0.0915,0.1445
2022-01-07,-0.652,-0.643,-0.65,-0.645,0.0755,0.1095
2022-01-10,-0.617,-0.647,-0.64,-0.635,0.104,0.14
2022-01-11,-0.6,-0.636,-0.648,-0.63,0.0745,0.144
2022-01-12,-0.612,-0.641,-0.659,-0.635,0.1195,0.152
2022-01-13,-0.6,-0.656,-0.686,-0.64,0.1095,0.1495
2022-01-14,-0.54,-0.659,-0.644,-0.64,0.114,0.151
2022-01-17,-0.54,-0.7,-0.65,-0.66,0.1305,0.1885
2022-01-18,-0.667,-0.683,-0.645,-0.655,0.1015,0.1825
2022-01-19,-0.665,-0.671,-0.645,-0.65,0.1335,0.213
2022-01-20,-0.672,-0.669,-0.64,-0.675,0.1095,0.189
2022-01-21,-0.682,-0.667,-0.64,-0.675,0.099,0.187
2022-01-24,-0.662,-0.687,-0.6361,-0.67,0.139,0.2295
2022-01-25,-0.666,-0.687,-0.6397,-0.675,0.1285,0.2255
2022-01-26,-0.671,-0.684,-0.6366,-0.679,0.1195,0.238
2022-01-27,-0.665,-0.676,-0.6415,-0.67,0.197,0.278
2022-01-28,-0.671,-0.667,-0.6379,-0.68,0.175,0.256
2022-01-31,-0.668,-0.668,-0.645,-0.6775,0.226,0.307
2022-02-01,-0.684,-0.679,-0.648,-0.6705,0.196,0.307
2022-02-02,-0.671,-0.681,-0.66,-0.6705,0.232,0.331
2022-02-03,-0.675,-0.662,-0.686,-0.6665,0.314,0.4395
2022-02-04,-0.671,-0.654,-0.65,-0.6635,0.3425,0.548
2022-02-07,-0.642,-0.671,-0.663,-0.6745,0.174,0.5355
2022-02-08,-0.636,-0.67,-0.65,-0.6725,0.356,0.52
2022-02-09,-0.659,-0.675,-0.645,-0.6825,0.386,0.5335
2022-02-10,-0.64,-0.667,-0.645,-0.704,0.358,0.536
2022-02-11,-0.63,-0.694,-0.642,-0.711,0.388,0.6045
2022-02-14,-0.68,-0.7,-0.675,-0.7,0.4,0.563
2022-02-15,-0.6665,-0.71,-0.661,-0.7075,0.4125,0.6275
2022-02-16,-0.681,-0.6935,-0.655,-0.697,0.4,0.616
2022-02-17,-0.6735,-0.7045,-0.655,-0.6775,0.3725,0.631
2022-02-18,-0.6655,-0.7065,-0.65,-0.68,0.388,0.6215
2022-02-21,-0.668,-0.72,-0.642,-0.6725,0.417,0.585
2022-02-22,-0.64,-0.67,-0.653,-0.68,0.4125,0.5585
2022-02-23,-0.678,-0.7415,-0.6505,-0.68,0.428,0.505
2022-02-24,-0.6625,-0.7395,-0.65,-0.69,0.431,0.486
2022-02-25,-0.671,-0.7425,-0.654,-0.685,0.4335,0.4915
2022-02-28,-0.54,-0.7515,-0.725,-0.745,0.417,0.529
2022-03-01,-0.54,-0.7615,-0.735,-0.75,0.426,0.5665
2022-03-02,-0.54,-0.7595,-0.741,-0.75,0.428,0.5995
2022-03-03,-0.6535,-0.7635,-0.768,-0.74,0.431,0.6105
2022-03-04,-0.657,-0.7615,-0.769,-0.74,0.449,0.5925
2022-03-07,-0.6835,-0.785,-0.807,-0.7875,0.4345,0.611
2022-03-08,-0.72,-0.772,-0.804,-0.815,0.507,0.587
2022-03-09,-0.695,-0.77,-0.811,-0.81,0.4705,0.4185
2022-03-10,-0.7,-0.765,-0.813,-0.795,0.475,0.59
2022-03-11,-0.6645,-0.751,-0.816,-0.7825,0.3425,0.5845
2022-03-14,-0.6835,-0.742,-0.829,-0.71,0.33,0.598
2022-03-15,-0.66,-0.735,-0.812,-0.71,0.4125,0.5625
2022-03-16,-0.6735,-0.735,-0.809,-0.71,0.4705,0.5505
2022-03-17,-0.62,-0.736,-0.77,-0.7,0.46,0.544
2022-03-18,-0.54,-0.742,-0.766,-0.7,0.3575,0.4495
2022-03-21,-0.555,-0.7125,-0.822,-0.685,0.417,0.446
2022-03-22,-0.694,-0.7105,-0.83,-0.68,0.404,0.648
2022-03-23,-0.72,-0.7085,-0.828,-0.69,0.453,0.5915
2022-03-24,-0.72,-0.7125,-0.819,-0.695,0.372,0.59
2022-03-25,-0.72,-0.7105,-0.785,-0.695,0.343,0.5585
2022-03-28,-0.728,-0.6825,-0.7,-0.646,0.365,0.563
2022-03-29,-0.737,-0.6655,-0.726,-0.638,0.426,0.579
2022-03-30,-0.694,-0.6575,-0.722,-0.647,0.4705,0.5875
2022-03-31,-0.694,-0.6565,-0.701,-0.673,0.431,0.586
2022-04-01,-0.731,-0.6505,-0.707,-0.674,0.403,0.5675
2022-04-04,-0.696,-0.6455,-0.725,-0.665,0.4345,0.5895
2022-04-05,-0.643,-0.666,-0.71,-0.658,0.443,0.636
2022-04-06,-0.66,-0.7,-0.716,-0.66,0.4395,0.6405
2022-04-07,-0.648,-0.7035,-0.741,-0.66,0.316,0.636
2022-04-08,-0.64,-0.6965,-0.694,-0.655,0.314,0.6215
2022-04-11,-0.652,-0.6795,-0.71,-0.665,0.3815,0.633
2022-04-12,-0.643,-0.6945,-0.71,-0.6725,0.345,0.64
2022-04-13,-0.64,-0.6995,-0.7,-0.67,0.33,0.6775
2022-04-14,-0.593,-0.7135,-0.693,-0.68,0.299,0.631
2022-04-19,-0.628,-0.7255,-0.695,-0.685,0.3715,0.668
2022-04-20,,-0.7235,-0.726,-0.675,0.33,0.6615
2022-04-21,-0.6805,-0.7135,-0.709,-0.67,0.358,0.673
2022-04-22,-0.6875,-0.7075,-0.711,-0.665,0.403,0.7395
2022-04-25,-0.6865,-0.7175,-0.673,-0.657,0.6085,0.738
2022-04-26,-0.6765,-0.7195,-0.672,-0.66,0.7235,0.974
2022-04-27,-0.6745,-0.7205,-0.676,-0.66,0.723,0.9705
2022-04-28,-0.6785,-0.7185,-0.677,-0.66,0.723,0.956
2022-04-29,-0.6765,-0.7065,-0.671,-0.662,0.7225,0.9295
2022-05-02,-0.6865,-0.6925,-0.695,-0.615,,
2022-05-03,-0.6845,-0.615,-0.709,-0.654,0.6665,0.976
2022-05-04,-0.6675,-0.634,-0.704,-0.654,0.695,0.999
2022-05-05,-0.6525,-0.64,-0.703,-0.662,0.9715,0.985
2022-05-06,-0.6675,-0.604,-0.7,-0.656,0.9815,0.984
2022-05-09,-0.6355,-0.583,-0.709,-0.62,0.939,0.96
2022-05-10,-0.6525,-0.606,-0.7089,-0.634,0.849,0.9675
2022-05-11,-0.6405,-0.602,-0.687,-0.6375,0.836,0.8585
2022-05-12,-0.694,-0.602,-0.69,-0.6325,0.84,0.86
2022-05-13,-0.673,-0.5895,-0.695,-0.635,0.8295,0.9375
2022-05-16,-0.699,-0.5815,-0.709,-0.608,0.835,0.9385
2022-05-17,-0.704,-0.595,-0.707,-0.58,0.8995,0.9085
2022-05-18,-0.692,-0.603,-0.712,-0.594,0.906,0.8875
2022-05-19,-0.696,-0.5905,-0.706,-0.6025,0.8985,0.8895
2022-05-20,-0.695,-0.6095,-0.705,-0.615,0.89,0.845
2022-05-23,-0.707,-0.626,-0.74,-0.598,0.904,0.9295
2022-05-24,-0.706,-0.633,-0.746,-0.595,0.9535,0.929
2022-05-25,-0.727,-0.656,-0.73,-0.62,0.948,0.9205
2022-05-26,-0.712,-0.662,-0.737,-0.622,0.942,0.881
2022-05-27,-0.712,-0.664,-0.743,-0.624,0.951,0.8995
2022-05-30,-0.72,-0.6235,-0.728,-0.619,0.9565,0.8905
2022-05-31,-0.702,-0.515,-0.725,-0.609,0.9805,0.8865
2022-06-01,-0.682,-0.511,-0.724,-0.6025,0.906,0.8595
2022-06-02,-0.697,-0.514,-0.725,-0.6025,,
2022-06-03,-0.684,-0.509,-0.727,-0.601,,
2022-06-06,-0.681,-0.498,-0.684,-0.53,0.904,0.936
2022-06-07,-0.692,-0.503,-0.6825,-0.54,0.8995,1.076
2022-06-08,-0.705,-0.501,-0.698,-0.5575,0.864,1.0735
2022-06-09,-0.68,-0.516,-0.696,-0.555,0.8545,1.077
2022-06-10,-0.66,-0.51,-0.69,-0.555,0.875,1.0515
2022-06-13,-0.694,-0.51,-0.71,-0.551,0.887,1.078
2022-06-14,-0.66,-0.473,-0.72,-0.518,0.886,1.178
2022-06-15,-0.648,-0.474,-0.726,-0.535,0.878,1.1805
2022-06-16,-0.66,-0.477,-0.715,-0.57,0.8985,1.211
2022-06-17,-0.605,-0.485,-0.715,-0.55,0.89,1.2115
2022-06-20,-0.732,-0.561,-0.75,-0.456,0.904,1.183
2022-06-21,-0.74,-0.543,-0.772,-0.4725,0.9675,1.206
2022-06-22,-0.803,-0.533,-0.775,-0.48,0.9765,1.1725
2022-06-23,-0.782,-0.531,-0.851,-0.493,0.9715,1.148
2022-06-24,-0.777,-0.532,-0.8,-0.5,0.9665,1.1275
2022-06-27,-0.788,-0.509,-0.635,-0.4925,0.974,1.1525
2022-06-28,-0.765,-0.496,-0.61,-0.48,0.9675,1.186
2022-06-29,-0.758,-0.504,-0.6,-0.479,0.934,1.1765
2022-06-30,-0.765,-0.498,-0.594,-0.48,0.913,1.144
2022-07-01,-0.744,-0.486,-0.612,-0.478,0.8295,1.1145
2022-07-04,-0.745,-0.49,-0.617,-0.3575,0.9565,1.157
2022-07-05,-0.678,-0.499,-0.624,-0.3725,0.9805,1.288
2022-07-06,-0.705,-0.342,-0.621,-0.3625,0.948,1.2715
2022-07-07,-0.7,-0.329,-0.6,-0.363,0.957,1.2815
2022-07-08,-0.697,-0.309,-0.577,-0.3625,0.9815,1.2495
2022-07-11,-0.694,-0.305,-0.611,-0.35,0.991,1.336
2022-07-12,-0.72,-0.31,-0.575,-0.345,0.9675,1.424
2022-07-13,-0.684,-0.275,-0.589,-0.3475,0.92,1.4325
2022-07-14,-0.538,-0.222,-0.53,-0.3,0.928,1.503
2022-07-15,-0.5515,-0.2405,-0.552,-0.316,0.9055,1.482
2022-07-18,-0.5565,-0.255,-0.545,-0.269,0.939,1.6115
2022-07-19,-0.5365,-0.186,-0.54,-0.214,1.1295,1.727
2022-07-20,-0.5475,-0.194,-0.491,-0.201,1.0465,1.7255
2022-07-21,-0.3925,-0.065,-0.318,-0.049,1.059,1.733
2022-07-22,-0.391,-0.085,-0.273,-0.089,1.1035,1.761
2022-07-25,-0.36,-0.081,-0.257,-0.048,1.1305,1.7605
2022-07-26,-0.344,-0.078,-0.27,-0.035,1.1705,1.813
2022-07-27,-0.351,-0.0615,-0.267,-0.025,1.117,1.8
2022-07-28,-0.334,-0.067,-0.252,-0.016,1.103,1.758
2022-07-29,-0.349,-0.06,-0.273,-0.022,1.149,1.727
2022-08-01,-0.3565,-0.065,-0.272,0.0275,1.1305,1.7345
2022-08-02,-0.33,-0.062,-0.281,0.0,1.161,1.817
2022-08-03,-0.347,-0.058,-0.284,0.002,1.184,1.767
2022-08-04,-0.36,0.081,-0.276,-0.002,1.173,1.745
2022-08-05,-0.36,0.068,-0.292,0.0,1.352,1.761
2022-08-08,-0.31,0.065,-0.276,-0.025,1.345,1.7735
2022-08-09,-0.36,0.047,-0.263,-0.008,1.3735,1.78
2022-08-10,-0.204,0.037,-0.282,-0.006,1.4265,1.767
2022-08-11,-0.217,0.022,-0.328,-0.005,1.425,1.7745
2022-08-12,-0.215,0.045,-0.333,-0.006,1.3625,1.875
2022-08-15,-0.204,0.064,-0.216,0.05,1.3915,1.8215
2022-08-16,-0.221,0.071,-0.217,0.015,1.4005,1.8375
2022-08-17,-0.213,0.128,-0.202,0.0225,1.398,1.887
2022-08-18,-0.225,0.086,-0.186,0.005,1.3955,1.8915
2022-08-19,-0.236,0.085,-0.205,0.0125,1.5455,1.977
2022-08-22,-0.226,0.058,-0.146,0.0025,1.531,1.9795
2022-08-23,-0.235,-0.062,-0.188,-0.05,1.6445,2.054
2022-08-24,-0.293,-0.0985,-0.215,-0.15,1.6515,2.065
2022-08-25,-0.285,-0.127,-0.237,-0.2675,1.6445,2.0215
2022-08-26,-0.266,-0.0925,-0.245,-0.2,1.652,2.0235
2022-08-29,-0.237,-0.072,-0.206,-0.0025,,
2022-08-30,-0.159,0.031,-0.212,-0.029,1.6445,2.001
2022-08-31,-0.111,0.025,-0.202,0.0375,1.6935,2.318
2022-09-01,-0.067,0.05,-0.12,0.055,1.703,2.3235
2022-09-02,-0.036,0.042,-0.087,0.032,1.728,2.371
2022-09-05,-0.004,0.113,-0.04,-0.0525,1.7225,2.3745
2022-09-06,0.008,0.1815,-0.036,-0.0185,1.8615,2.3825
2022-09-07,0.007,0.2265,0.045,0.0825,1.8205,2.3675
2022-09-08,0.082,0.4305,0.178,0.2825,1.8345,2.3735
2022-09-09,0.157,0.4915,0.214,0.3375,1.8655,2.358
2022-09-12,0.228,0.5925,0.307,0.64,1.8615,2.3615
2022-09-13,0.202,0.6185,0.309,0.615,1.9295,2.53
2022-09-14,0.144,0.5255,0.269,0.523,1.9045,2.4965
2022-09-15,0.112,0.4975,0.286,0.5325,1.893,2.4825
2022-09-16,0.0665,0.5235,0.282,0.6925,2.0025,2.532
2022-09-19,0.1005,0.6285,0.28,0.69,,
2022-09-20,0.1635,0.6685,0.286,0.7375,2.019,2.539
2022-09-21,0.1755,0.6835,0.295,0.705,1.933,2.459
2022-09-22,0.1885,0.7355,0.29,0.7325,2.0105,2.4655
2022-09-23,0.2125,0.7425,0.31,0.7,2.0025,2.486
2022-09-26,0.2225,0.7865,0.3225,0.736,2.524,2.9775
2022-09-27,0.2145,0.7705,0.2945,0.705,2.0645,2.823
2022-09-28,0.2345,0.7595,0.2915,0.715,2.0315,3.09
2022-09-29,0.2525,0.7925,0.3055,0.725,2.1275,3.0895
2022-09-30,0.2565,0.7855,0.3335,0.716,1.9265,2.899
2022-10-03,0.2735,0.7235,0.37,0.752,1.9315,2.8995
2022-10-04,0.2935,0.7285,0.365,0.733,2.0915,2.854
2022-10-05,0.3015,0.7315,0.374,0.74,2.0315,2.8175
2022-10-06,0.3965,0.743,0.408,0.743,1.82,2.8915
2022-10-07,0.603,0.7725,0.41,0.765,2.0635,2.8455
2022-10-10,0.6,0.745,0.5915,0.795,2.1055,2.9675
2022-10-11,0.588,0.7735,0.5965,0.777,2.1865,3.003
2022-10-12,0.625,0.7945,0.575,0.792,2.2005,3.057
2022-10-13,0.64,0.8435,0.6295,0.833,2.142,2.9575
2022-10-14,0.647,0.8515,0.6445,0.82,2.155,2.864
2022-10-17,0.655,0.8245,0.68,0.835,2.0535,2.8145
2022-10-18,0.658,0.8135,0.699,0.852,2.2815,2.9575
2022-10-19,0.5935,0.813,0.62,0.74,2.2425,2.937
2022-10-20,0.587,0.811,0.6,0.8,2.2005,2.9235
2022-10-21,0.619,0.826,0.621,0.815,2.2465,2.851
2022-10-24,0.544,0.837,0.4875,1.03,2.2105,2.8405
2022-10-25,0.571,0.828,0.5215,1.0,2.2955,2.8385
2022-10-26,0.592,0.836,0.4875,1.0,2.271,2.775
2022-10-27,0.659,0.863,0.5342,1.03,2.4205,2.8015
2022-10-28,0.688,0.932,0.5651,1.025,2.3995,2.775
2022-10-31,0.703,0.965,0.741,1.167,2.402,2.647
2022-11-01,0.746,1.061,0.763,1.197,2.4855,2.678
2022-11-02,0.718,0.988,0.786,1.171,2.3975,2.7205
2022-11-03,0.81,1.08,0.83,1.204,2.303,2.7855
2022-11-04,0.78,1.081,0.8,1.17,2.628,2.792
2022-11-07,0.926,1.0245,0.824,1.325,2.576,2.7705
2022-11-08,0.997,1.395,0.9,1.288,2.5255,2.756
2022-11-09,0.8,1.403,0.928,1.246,2.5665,2.791
2022-11-10,0.8355,1.38,1.021,1.2175,2.596,2.8985
2022-11-11,1.1185,1.4115,1.0,1.222,2.5825,2.949
2022-11-14,1.0955,1.4025,1.094,1.25,2.611,2.8625
2022-11-15,1.2155,1.4415,1.134,1.244,2.7835,2.8915
2022-11-16,1.1105,1.4215,1.05,1.242,2.6795,2.92
2022-11-17,1.149,1.4435,1.19,1.2475,2.6695,3.0965
2022-11-18,1.135,1.4415,1.048,1.249,2.689,2.945
2022-11-21,0.963,1.3655,0.93,1.363,2.698,3.0345
2022-11-22,0.9195,1.3645,0.93,1.381,2.6615,3.0355
2022-11-23,0.9535,1.395,0.909,1.46,2.609,3.041
2022-11-24,1.0285,1.3995,0.935,1.468,2.6105,3.0715
2022-11-25,0.9875,1.3985,0.857,1.446,2.5825,3.0575
2022-11-28,0.9805,1.27,0.86,1.3875,2.6285,3.074
2022-11-29,0.9015,1.507,0.79,1.3515,2.9015,3.1145
2022-11-30,0.9155,1.5095,0.8,1.338,2.992,3.182
2022-12-01,0.9755,1.5155,0.775,1.3275,3.0145,3.1765
2022-12-02,1.0055,1.5545,0.775,1.3035,2.9895,3.202
2022-12-05,1.1215,1.461,0.799,1.408,2.989,3.1755
2022-12-06,1.0055,1.6095,0.8,1.379,2.9525,3.2415
2022-12-07,1.1315,1.6055,0.81,1.374,3.0415,3.241
2022-12-08,1.0955,1.6575,0.85,1.387,3.0035,3.2435
2022-12-09,1.0955,1.707,0.884,1.415,2.992,3.262
2022-12-12,0.9715,1.6795,0.99,1.421,2.942,3.2855
2022-12-13,0.885,1.6655,1.027,1.429,3.0825,3.2995
2022-12-14,0.868,1.6935,0.97,1.45,2.9755,3.257
2022-12-15,0.762,1.7015,1.07,1.439,2.9775,3.2645
2022-12-16,0.739,1.6795,0.9975,1.4825,3.0705,3.236
2022-12-19,0.624,1.662,1.094,1.725,3.0645,3.2105
2022-12-20,0.861,1.7485,1.041,1.745,3.3815,3.3405
2022-12-21,0.859,1.767,2.98,1.777,3.1445,3.341
2022-12-22,0.827,1.745,1.212,1.789,2.9625,3.4375
2022-12-23,0.849,1.834,0.995,1.753,2.9485,3.4025
2022-12-27,0.9125,1.768,0.974,1.7525,,
2022-12-28,0.872,1.652,0.984,1.768,2.992,3.495
2022-12-29,1.0655,1.656,1.096,1.75,2.8015,3.4545
2022-12-30,1.02,1.857,0.868,1.779,2.9795,3.394
2023-01-02,1.3815,1.91,1.51,1.94,,
2023-01-03,1.6095,2.037,1.562,1.95,2.9885,3.417
2023-01-04,1.6965,2.103,1.725,1.982,2.934,3.4
2023-01-05,1.7115,2.09,1.768,2.012,2.9345,3.4095
2023-01-06,1.688,2.073,1.75,2.015,3.021,3.499
2023-01-09,1.6765,2.1,1.8555,2.09,3.028,3.4495
2023-01-10,1.7105,2.084,1.7895,2.1,3.2995,3.757
2023-01-11,1.7585,2.0665,1.7745,2.1,3.3135,3.7655
2023-01-12,1.795,2.067,1.7675,2.08,3.3435,3.754
2023-01-13,1.8785,2.087,1.7325,2.091,3.3915,3.767
2023-01-16,1.8755,2.0685,1.8685,2.175,3.4655,3.8015
2023-01-17,1.867,2.0865,1.8495,2.158,3.6395,3.8605
2023-01-18,1.8355,2.0745,1.8225,2.17,3.6385,3.858
2023-01-19,1.8085,2.0885,1.8305,2.195,3.637,3.8385
2023-01-20,1.8335,2.145,1.8715,2.205,3.6815,3.851
2023-01-23,1.893,2.1285,1.93,2.203,3.4485,3.785
2023-01-24,1.9295,2.1135,1.938,2.198,3.626,3.7905
2023-01-25,1.931,2.12,1.95,2.201,3.6385,3.804
2023-01-26,1.9585,2.1245,2.0035,2.212,3.5195,3.843
2023-01-27,1.9985,2.1495,2.0115,2.22,3.5285,3.821
2023-01-30,1.9815,2.1385,2.029,2.347,3.6575,3.8955
2023-01-31,1.9715,2.151,2.102,2.323,3.4495,3.896
2023-02-01,2.0085,2.1505,2.109,2.339,3.4545,3.9105
2023-02-02,2.0455,2.174,2.115,2.402,3.4755,3.871
2023-02-03,2.0735,2.2075,2.097,2.403,3.6515,3.9485
2023-02-06,2.1435,2.264,2.252,2.46,3.6925,3.924
2023-02-07,2.2105,2.4435,2.2395,2.469,3.5715,3.925
2023-02-08,2.2745,2.459,2.2165,2.471,3.582,3.9475
2023-02-09,2.3085,2.4955,2.196,2.48,3.5785,3.946
2023-02-10,2.3485,2.5385,2.2,2.5,3.5745,3.9275
2023-02-13,2.3745,2.536,2.24,2.56,3.6925,3.9545
2023-02-14,2.3485,2.5565,2.233,2.565,3.7755,3.96
2023-02-15,2.3125,2.589,2.336,2.57,3.737,3.95
2023-02-16,2.3065,2.5885,2.314,2.587,3.784,3.923
2023-02-17,2.3175,2.608,2.325,2.612,3.804,3.962
2023-02-20,2.2645,2.6585,2.384,2.635,3.8495,3.953
2023-02-21,2.2485,2.625,2.371,2.621,3.8975,3.9805
2023-02-22,2.2375,2.5675,2.378,2.639,3.8925,3.9585
2023-02-23,2.2935,2.573,2.356,2.623,3.8865,3.915
2023-02-24,2.2825,2.6295,2.404,2.64,3.8345,3.838
2023-02-27,2.266,2.6375,2.28,2.685,3.8675,4.006
2023-02-28,2.253,2.639,2.286,2.695,3.9115,4.039
2023-03-01,2.2425,2.6425,2.302,2.71,3.9205,4.0675
2023-03-02,2.2625,2.6535,2.295,2.726,3.872,4.0255
2023-03-03,2.2625,2.666,2.278,2.734,3.8655,4.0925
2023-03-06,2.2565,2.657,2.519,2.734,3.902,4.1035
2023-03-07,2.2495,2.8495,2.491,2.733,3.9655,4.1005
2023-03-08,2.2565,2.8525,2.503,2.721,3.9915,4.172
2023-03-09,2.3455,2.8445,2.583,2.726,3.9895,4.1345
2023-03-10,2.3905,2.826,2.55,2.707,3.9725,4.1245
2023-03-13,2.3975,2.638,2.5,2.688,3.9895,4.059
2023-03-14,2.3455,2.6235,2.55,2.745,4.0795,4.1875
2023-03-15,2.263,2.423,2.498,2.582,4.0745,4.034
2023-03-16,2.1695,2.611,2.68,2.762,4.0195,4.0245
2023-03-17,1.87,2.5305,2.701,2.738,4.0335,4.0175
2023-03-20,2.16,2.462,2.683,2.698,3.875,3.979
2023-03-21,2.267,2.457,2.564,2.696,3.9525,4.0265
2023-03-22,2.31,2.556,2.5145,2.723,4.1465,4.285
2023-03-23,2.416,2.5335,2.4775,2.74,4.1215,4.2615
2023-03-24,2.343,2.4835,2.5185,2.704,4.1095,4.2485
2023-03-27,2.321,2.589,2.573,2.784,4.0415,4.148
2023-03-28,2.386,2.5985,2.504,2.787,4.0745,4.0635
2023-03-29,2.475,2.5815,2.485,2.7585,4.076,4.0545
2023-03-30,2.525,2.624,2.516,2.7925,4.0625,4.0585
2023-03-31,2.579,2.676,2.522,2.8025,4.0635,4.06
2023-04-03,2.691,2.685,2.715,2.8145,4.129,4.059
2023-04-04,2.668,2.701,2.74,2.8185,4.0145,4.2375
2023-04-05,2.577,2.7065,2.7135,2.7965,4.0205,4.222
2023-04-06,2.6835,2.661,2.5675,2.7875,4.0335,4.232
2023-04-11,2.6275,2.652,2.5745,2.936,4.0415,4.2715
2023-04-12,2.6735,2.651,2.5815,2.924,4.0885,4.2515
2023-04-13,2.6155,2.6685,2.5165,2.943,4.076,4.2615
2023-04-14,2.656,2.737,2.5405,2.939,4.0775,4.227
2023-04-17,2.654,2.7015,2.632,2.942,4.058,4.267
2023-04-18,2.548,2.651,2.636,2.933,4.0885,4.291
2023-04-19,2.632,2.6855,2.633,2.931,4.2175,4.4315
2023-04-20,2.483,2.69,2.639,2.931,4.151,4.342
2023-04-21,2.514,2.7675,2.669,2.952,4.1705,4.3255
2023-04-24,2.471,2.6305,2.741,3.0675,4.2515,4.289
2023-04-25,2.451,2.582,2.769,3.031,4.1835,4.432
2023-04-26,2.515,2.5835,2.751,3.027,4.189,4.356
2023-04-27,2.481,2.6195,2.726,3.043,4.2095,4.393
2023-04-28,2.453,2.579,2.727,3.023,4.2325,4.4025
2023-05-02,2.504,2.754,2.703,3.019,4.308,4.487
2023-05-03,2.5225,2.7415,2.77,3.044,4.3055,4.444
2023-05-04,2.6025,2.7375,2.734,3.015,4.2875,4.393
2023-05-05,2.691,2.7605,2.7385,2.994,4.2245,4.407
2023-05-08,2.6245,2.792,2.757,3.104,,
2023-05-09,2.7615,2.8575,2.766,3.084,4.4085,4.46
2023-05-10,2.8275,2.869,2.768,3.097,4.4145,4.4275
2023-05-11,2.835,2.9875,2.799,3.097,4.3855,4.418
2023-05-12,2.8085,2.97,2.803,3.098,4.3235,4.4325
2023-05-15,2.7435,2.9235,2.799,3.06,4.3215,4.502
2023-05-16,2.7395,2.9045,2.793,3.052,4.2785,4.552
2023-05-17,2.7245,2.8955,2.803,3.059,4.2875,4.511
2023-05-18,2.6975,2.892,2.83,3.067,4.4005,4.52
2023-05-19,2.8415,2.895,2.967,3.083,4.4155,4.527
2023-05-22,2.6275,2.875,2.8195,3.117,4.426,4.547
2023-05-23,2.8455,2.8825,2.8235,3.126,4.4825,4.5895
2023-05-24,2.8305,2.912,2.8915,3.1405,4.6555,4.658
2023-05-25,2.8335,2.9125,2.9205,3.136,4.518,4.685
2023-05-26,2.8155,2.925,2.9945,3.136,4.4005,4.7455
2023-05-29,2.9245,2.9125,2.984,3.1385,,
2023-05-30,2.8465,2.898,3.021,3.13,4.4365,4.7835
2023-05-31,2.8255,2.8905,2.99,3.1335,4.4005,4.7805
2023-06-01,2.8185,2.932,3.025,3.1475,4.3125,4.771
2023-06-02,2.8505,2.94,3.022,3.176,4.385,4.8
2023-06-05,2.8495,3.014,3.047,3.2835,4.3035,4.8135
2023-06-06,2.8905,3.013,3.068,3.2815,4.3465,4.7805
2023-06-07,2.8325,3.0455,3.081,3.2965,4.2175,4.767
2023-06-08,2.816,3.104,3.05,3.312,4.1655,4.745
2023-06-09,2.904,3.107,3.096,3.302,4.3545,4.8185
2023-06-12,2.9125,3.1095,3.094,3.291,4.3215,4.826
2023-06-13,2.9205,3.1415,3.088,3.2915,4.6325,4.855
2023-06-14,3.0045,3.1365,3.109,3.3105,4.6695,4.855
2023-06-15,2.9495,3.175,3.104,3.3397,4.6945,4.847
2023-06-16,2.8595,3.199,3.115,3.34,4.691,4.8355
2023-06-19,3.55036,3.198,3.113,3.3965,4.6535,4.853
2023-06-20,3.099,3.272,3.115,3.3935,4.7055,4.8785
2023-06-21,3.12,3.273,3.095,3.3965,4.576,4.61
2023-06-22,3.142,3.283,3.111,3.3915,5.156,5.257
2023-06-23,3.153,3.275,3.121,3.382,5.1425,5.287
2023-06-26,3.2,3.32,3.105,3.3875,4.979,5.3615
2023-06-27,3.179,3.327,3.103,3.3775,4.896,5.177
2023-06-28,3.165,3.323,3.106,3.365,4.9135,5.1505
2023-06-29,3.171,3.329,3.058,3.3725,4.894,5.143
2023-06-30,3.153,3.332,3.085,3.3715,4.906,5.1405
2023-07-03,3.177,3.337,3.1795,3.458,4.9425,5.2305
2023-07-04,3.171,3.34,3.202,3.46,4.935,5.25
2023-07-05,3.193,3.35,3.213,3.469,4.9465,5.294
2023-07-06,3.242,3.353,3.215,3.48,4.967,5.2895
2023-07-07,3.239,3.3665,3.222,3.483,4.988,5.3225
2023-07-10,3.304,3.365,3.316,3.528,4.9485,5.277
2023-07-11,3.312,3.379,3.318,3.535,4.948,5.337
2023-07-12,3.324,3.3605,3.32,3.535,4.955,5.3425
2023-07-13,3.3335,3.5115,3.39,3.545,4.9345,5.3525
2023-07-14,3.3655,3.518,3.396,3.555,4.9125,5.3665
2023-07-17,3.411,3.504,3.3945,3.599,4.9155,5.376
2023-07-18,3.4145,3.4695,3.4055,3.573,5.114,5.455
2023-07-19,3.391,3.447,3.4115,3.573,5.072,5.407
2023-07-20,3.4135,3.444,3.435,3.588,5.1275,5.468
2023-07-21,3.417,3.439,3.427,3.591,5.1435,5.483
2023-07-24,3.4845,3.4565,3.453,3.591,5.1435,5.483
2023-07-25,3.4765,3.46,3.461,3.595,5.3455,5.3625
2023-07-26,3.4695,3.4535,3.469,3.589,5.3535,5.3765
2023-07-27,3.4795,3.469,3.49,3.578,5.347,5.365
2023-07-28,3.4965,3.4665,3.501,3.564,5.343,5.354
2023-07-31,3.5165,3.4975,3.5778,3.594,5.4065,5.4075
2023-08-01,3.5285,3.507,3.5805,3.602,5.467,5.408
2023-08-02,3.5225,3.4955,3.5165,3.597,5.3465,5.398
2023-08-03,3.5245,3.502,3.5025,3.601,5.2725,5.312
2023-08-04,3.5415,3.5075,3.49,3.591,5.265,5.318
2023-08-07,3.5225,3.516,3.527,3.578,5.3815,5.325
2023-08-08,3.508,3.5165,3.573,3.577,5.1455,5.3735
2023-08-09,3.5345,3.4905,3.568,3.574,5.148,5.3755
2023-08-10,3.5035,3.509,3.61,3.58,5.1485,5.3435
2023-08-11,3.5105,3.5415,3.519,3.574,5.1515,5.3495
2023-08-14,3.5205,3.5455,3.507,3.659,5.118,5.3935
2023-08-15,3.49,3.5635,3.5185,3.663,5.1475,5.4495
2023-08-16,3.5145,3.5775,3.5,3.661,5.148,5.452
2023-08-17,3.489,3.5875,3.53,3.67,5.1515,5.4725
2023-08-18,3.4405,3.584,3.5415,3.654,5.184,5.458
2023-08-21,,3.601,3.623,3.661,5.172,5.4745
2023-08-22,3.475,3.598,3.609,3.652,5.2065,5.5145
2023-08-23,3.462,3.582,3.546,3.616,5.1945,5.5125
2023-08-24,3.449,3.5655,3.5533,3.619,5.1975,5.52
2023-08-25,3.435,3.5665,3.5586,3.62,5.3085,5.4545
2023-08-28,3.433,3.587,3.432,3.6835,,
2023-08-29,3.433,3.614,3.521,3.6785,5.1475,5.476
2023-08-30,3.461,3.607,3.519,3.683,5.2135,5.5345
2023-08-31,3.442,3.5595,3.545,3.643,5.2405,5.496
2023-09-01,3.455,3.553,3.518,3.639,5.221,5.4755
2023-09-04,3.443,3.565,3.565,3.646,5.249,5.515
2023-09-05,3.472,3.569,3.563,3.633,5.3135,5.525
2023-09-06,3.475,3.57,3.574,3.646,5.2855,5.4885
2023-09-07,3.579,3.605,3.553,3.625,5.279,5.496
2023-09-08,3.588,3.61,3.542,3.629,5.2685,5.4895
2023-09-11,3.5485,3.618,3.5725,3.704,5.2685,5.4895
2023-09-12,3.5885,3.648,3.5975,3.707,5.28,5.444
2023-09-13,3.6195,3.666,3.6385,3.75,5.2865,5.417
2023-09-14,3.6975,3.746,3.7365,3.805,5.3075,5.453
2023-09-15,3.7315,3.736,3.7335,3.797,5.2965,5.492
2023-09-18,3.7165,3.732,3.7465,3.815,5.2835,5.4745
2023-09-19,3.7065,3.731,3.7515,3.798,5.4135,5.5425
2023-09-20,3.6325,3.678,3.7555,3.761,5.368,5.478
2023-09-21,3.6425,3.654,3.7262,3.769,5.258,5.318
2023-09-22,3.6595,3.6475,3.6819,3.765,5.278,5.331
2023-09-25,3.6355,3.6475,3.707,3.8202,5.227,5.361
2023-09-26,3.6365,3.6355,3.738,3.8221,5.2215,5.342
2023-09-27,3.6475,3.6165,3.736,3.8285,5.2135,5.3035
2023-09-28,3.6535,3.6205,3.721,3.8365,5.2045,5.3375
2023-09-29,3.666,3.6125,3.718,3.826,5.227,5.3385
2023-10-02,3.657,3.6205,3.737,3.819,5.2215,5.331
2023-10-03,3.73,3.6195,3.742,3.822,5.2485,5.32
2023-10-04,3.755,3.6485,3.74,3.816,5.2385,5.329
2023-10-05,3.744,3.6715,3.74,3.812,5.2255,5.3095
2023-10-06,3.783,3.7145,3.739,3.819,5.245,5.297
2023-10-09,3.783,3.7365,3.796,3.773,5.242,5.2835
2023-10-10,3.782,3.7255,3.795,3.768,5.2545,5.3
2023-10-11,3.746,3.7305,3.795,3.763,5.2475,5.2925
2023-10-12,3.726,3.7345,3.795,3.764,5.253,5.28
2023-10-13,3.729,3.7295,3.761,3.764,5.2145,5.3045
2023-10-16,3.727,3.7385,3.789,3.7596,5.242,5.282
2023-10-17,3.73,3.7335,3.796,3.746,5.301,5.296
2023-10-18,3.716,3.7145,3.79,3.757,5.3075,5.2885
2023-10-19,3.709,3.702,3.789,3.757,5.258,5.28
2023-10-20,3.707,3.689,3.79,3.754,5.3125,5.3125
2023-10-23,3.697,3.683,3.748,3.793,5.267,5.34
2023-10-24,3.673,3.669,3.752,3.792,5.3335,5.304
2023-10-25,3.676,3.674,3.808,3.788,5.342,5.3005
2023-10-26,3.677,3.669,3.76,3.775,5.336,5.25
2023-10-27,3.68,3.662,3.772,3.774,5.3765,5.2825
2023-10-30,3.675,3.671,3.781,3.759,5.3575,5.242
2023-10-31,3.688,3.695,3.78,3.77,5.28,5.288
2023-11-01,3.682,3.697,3.779,3.764,5.286,5.2375
2023-11-02,3.663,3.693,3.759,3.764,5.249,5.246
2023-11-03,3.632,3.686,3.759,3.765,5.2865,5.231
2023-11-06,3.698,3.677,3.765,3.808,5.272,5.233
2023-11-07,3.706,3.679,3.769,3.796,5.286,5.258
2023-11-08,3.76,3.698,3.769,3.793,5.2485,5.267
2023-11-09,3.713,3.688,3.773,3.783,5.2095,5.25
2023-11-10,3.773,3.71,3.772,3.78,5.2115,5.2565
2023-11-13,3.773,3.701,3.688,3.779,5.2065,5.2465
2023-11-14,3.742,3.717,3.683,3.766,5.2145,5.3
2023-11-15,3.701,3.752,3.672,3.774,5.219,5.2715
2023-11-16,3.674,3.764,3.68,3.772,5.208,5.284
2023-11-17,3.685,3.68,3.69,3.764,5.21,5.2955
2023-11-20,3.689,3.6935,3.513,3.805,5.204,5.3
2023-11-21,3.621,3.622,3.442,3.793,5.3105,5.3
2023-11-22,3.622,3.659,3.645,3.788,5.261,5.3095
2023-11-23,3.57,3.663,3.643,3.7785,5.239,5.323
2023-11-24,3.58,3.641,3.67,3.7725,5.261,5.3085
2023-11-27,3.618,3.654,3.673,3.7695,5.245,5.2865
2023-11-28,3.633,3.638,3.6696,3.772,5.2575,5.279
2023-11-29,3.621,3.6385,3.649,3.7605,5.2485,5.2755
2023-11-30,3.63,3.664,3.659,3.758,5.2725,5.2715
2023-12-01,3.635,3.659,3.66,3.7465,5.3055,5.2785
2023-12-04,3.641,3.701,3.6542,3.7766,5.254,5.273
2023-12-05,3.709,3.706,3.623,3.7757,5.1955,5.288
2023-12-06,3.661,3.715,3.612,3.764,5.1905,5.267
2023-12-07,3.5845,3.681,3.613,3.756,5.2205,5.2715
2023-12-08,3.6185,3.662,3.597,3.7408,5.2085,5.2875
2023-12-11,3.6485,3.693,3.645,3.7372,5.209,5.273
2023-12-12,3.6705,3.695,3.64,3.7245,5.218,5.254
2023-12-13,3.6715,3.7,3.634,3.7305,5.2205,5.2715
2023-12-14,3.6685,3.6455,3.575,3.733,5.2085,5.2545
2023-12-15,3.6575,3.659,3.573,3.7225,5.196,5.2785
2023-12-18,3.6455,3.6595,3.6615,3.7365,5.2125,5.251
2023-12-19,3.6585,3.631,3.49,3.6595,5.218,5.271
2023-12-20,3.6105,3.6765,3.5825,3.654,5.2205,5.246
2023-12-21,3.6575,3.585,3.5235,3.5115,5.2085,5.2545
2023-12-22,3.6225,3.586,3.5285,3.6175,5.2115,5.2525
2023-12-27,3.623,3.594,3.6094,3.6,5.23,5.247
2023-12-28,3.6,3.585,3.608,3.608,5.1945,5.229
2023-12-29,3.612,3.56,3.512,3.61,5.1805,5.2435
2024-01-02,3.751,3.612,3.829,3.743,5.1885,5.2465
2024-01-03,3.762,3.665,3.76,3.693,5.2105,5.247
2024-01-04,3.73,3.673,3.775,3.692,5.215,5.2425
2024-01-05,3.8785,3.681,3.806,3.692,5.219,5.208
2024-01-08,3.8615,3.704,3.803,3.83,5.1985,5.2165
2024-01-09,3.8995,3.742,3.796,3.83,5.2315,5.238
2024-01-10,3.9175,3.788,3.794,3.837,5.1925,5.2085
2024-01-11,3.9885,3.791,3.791,3.834,5.2235,5.238
2024-01-12,3.661,3.804,3.781,3.8341,5.2115,5.2055
2024-01-15,3.7335,3.814,3.816,3.8115,5.2125,5.198
2024-01-16,3.7465,3.817,3.809,3.8135,5.218,5.2
2024-01-17,3.744,3.7945,3.815,3.815,5.2205,5.1915
2024-01-18,3.724,3.7965,3.814,3.837,5.1945,5.212
2024-01-19,3.709,3.7825,3.814,3.8375,5.2115,5.1965
2024-01-22,3.743,3.7855,3.803,3.8065,5.2125,5.211
2024-01-23,3.7695,3.807,3.809,3.7965,5.218,5.221
2024-01-24,3.7665,3.769,3.801,3.7715,5.2065,5.2205
2024-01-25,3.745,3.779,3.806,3.76,5.2085,5.216
2024-01-26,3.789,3.739,3.747,3.7675,5.2115,5.2185
2024-01-29,3.797,3.733,3.836,3.82,5.195,5.193
2024-01-30,3.801,3.741,3.829,3.824,5.177,5.179
2024-01-31,3.819,3.696,3.829,3.798,5.1925,5.1535
2024-02-01,3.8505,3.695,3.8127,3.822,5.1645,5.165
2024-02-02,3.8505,3.706,3.8052,3.823,5.1805,5.1535
2024-02-05,3.8505,3.738,3.796,3.827,5.1775,5.149
2024-02-06,3.8655,3.739,3.802,3.818,5.177,5.1715
2024-02-07,3.8675,3.74,3.809,3.812,5.1785,5.171
2024-02-08,3.8765,3.731,3.805,3.816,5.1945,5.2035
2024-02-09,3.9255,3.774,3.836,3.83,5.1805,5.2035
2024-02-12,3.9125,3.77,3.825,3.831,5.195,5.1825
2024-02-13,3.8425,3.7675,3.807,3.833,5.1905,5.188
2024-02-14,3.8425,3.7625,3.786,3.831,5.1925,5.1785
2024-02-15,3.8435,3.7635,3.789,3.83,5.1945,5.195
2024-02-16,3.8445,3.7685,3.789,3.825,5.1805,5.201
2024-02-19,3.7735,3.7175,3.8395,3.827,5.195,5.202
2024-02-20,3.8245,3.7055,3.8475,3.825,5.218,5.2085
2024-02-21,3.8245,3.7165,3.8321,3.822,5.2065,5.1915
2024-02-22,3.8165,3.7445,3.8525,3.821,5.2085,5.199
2024-02-23,3.8245,3.7335,3.8385,3.826,5.196,5.1965
2024-02-26,3.78,3.7395,3.7855,3.856,5.195,5.206
2024-02-27,3.779,3.7625,3.7855,3.85,5.1905,5.2005
2024-02-28,3.778,3.7415,3.7855,3.846,5.1925,5.213
2024-02-29,3.752,3.7495,3.7945,3.8435,5.1945,5.2085
2024-03-01,3.7135,3.7585,3.7865,3.864,5.196,5.208
2024-03-04,3.748,3.748,3.8155,3.8455,5.2295,5.209
2024-03-05,3.746,3.7405,3.8035,3.847,5.2085,5.221
2024-03-06,3.746,3.708,3.804,3.8405,5.2045,5.2085
2024-03-07,3.745,3.7225,3.8105,3.867,5.1925,5.229
2024-03-08,3.7465,3.716,3.813,3.847,5.2085,5.2135
2024-03-11,3.7885,3.7355,3.78,3.8515,5.209,5.206
2024-03-12,3.8165,3.761,3.793,3.8495,5.218,5.204
2024-03-13,3.817,3.739,3.779,3.8535,5.2205,5.2085
2024-03-14,3.801,3.746,3.797,3.858,5.2085,5.2035
2024-03-15,3.802,3.724,3.778,3.8565,5.2115,5.2095
2024-03-18,3.96,3.74,3.8095,3.86,5.2125,5.206
2024-03-19,3.67,3.7015,3.7965,3.834,5.218,5.233
2024-03-20,3.772,3.6985,3.7815,3.8325,5.2205,5.2165
2024-03-21,3.671,3.6945,3.7785,3.8275,5.1795,5.182
2024-03-22,3.624,3.719,3.7695,3.8065,5.1805,5.1835
2024-03-25,3.544,3.662,3.7455,3.8505,5.195,5.215
2024-03-26,3.603,3.689,3.7305,3.8455,5.218,5.229
2024-03-27,3.6365,3.688,3.7425,3.8385,5.2345,5.2335
2024-03-28,3.6,3.709,3.7745,3.8385,5.2385,5.225
2024-04-02,3.613,3.724,3.7905,3.8025,5.262,5.2285
2024-04-03,3.643,3.753,3.8042,3.818,5.2205,5.2925
2024-04-04,3.72,3.758,3.8423,3.8105,5.2385,5.2035
2024-04-05,3.757,3.766,3.8415,3.7995,5.2725,5.231
2024-04-08,3.753,3.739,3.747,3.8315,5.2475,5.229
2024-04-09,3.807,3.753,3.762,3.8245,5.2485,5.204
2024-04-10,3.776,3.718,3.755,3.8355,5.218,5.2205
2024-04-11,3.856,3.681,3.79,3.826,5.2345,5.2035
2024-04-12,3.77,3.668,3.785,3.8235,5.2385,5.1925
2024-04-15,3.779,3.658,3.8245,3.8275,5.209,5.211
2024-04-16,3.771,3.634,3.8195,3.8225,5.218,5.225
2024-04-17,3.721,3.629,3.8255,3.8275,5.2205,5.2295
2024-04-18,3.733,3.621,3.8215,3.818,5.2235,5.195
2024-04-19,3.672,3.621,3.8225,3.8185,5.2265,5.1965
2024-04-22,3.7695,3.618,3.8195,3.8315,5.2125,5.211
2024-04-23,3.7405,3.601,3.8255,3.8265,5.2455,5.217
2024-04-24,3.702,3.601,3.8315,3.8265,5.2485,5.1995
2024-04-25,3.7675,3.6,3.8225,3.8185,5.2385,5.225
2024-04-26,3.8375,3.602,3.8295,3.8205,5.242,5.2355
2024-04-29,3.8565,3.607,3.8255,3.808,5.2475,5.224
2024-04-30,3.8005,3.619,3.8265,3.8055,5.222,5.2085
2024-05-01,,,,,5.2315,5.1955
2024-05-02,3.7995,3.5765,3.8225,3.7935,5.2345,5.191
2024-05-03,3.8215,3.581,3.8115,3.7905,5.1945,5.2095
2024-05-06,3.7985,3.604,3.8145,3.81,,
2024-05-07,3.8275,3.603,3.8205,3.8025,5.2125,5.1925
2024-05-08,3.8335,3.6425,3.8265,3.8015,5.2065,5.1745
2024-05-09,3.8865,3.6415,3.8285,3.7955,5.2235,5.191
2024-05-10,3.78,3.6415,3.835,3.8015,5.2575,5.1795
2024-05-13,3.78,3.6245,3.8005,3.7875,5.2125,5.198
2024-05-14,,3.6295,3.8055,3.768,5.218,5.179
2024-05-15,3.672,3.617,3.8115,3.761,5.2635,5.166
2024-05-16,3.653,3.606,3.7935,3.756,5.2525,5.148
2024-05-17,3.654,3.621,3.725,3.745,5.2115,5.1535
2024-05-20,3.662,3.6015,3.7665,3.7595,5.2125,5.175
2024-05-21,3.65,3.5845,3.779,3.734,5.218,5.146
2024-05-22,3.658,3.5895,3.773,3.7625,5.2345,5.2085
2024-05-23,3.64,3.5785,3.746,3.7275,5.2235,5.233
2024-05-24,3.633,3.5755,3.749,3.7315,5.242,5.2185
2024-05-27,3.608,3.5805,3.737,3.7205,,
2024-05-28,3.616,3.5515,3.708,3.7175,5.244,5.2195
2024-05-29,3.597,3.558,3.705,3.705,5.2485,5.225
2024-05-30,3.617,3.534,3.703,3.7,5.2525,5.2165
2024-05-31,3.593,3.539,3.692,3.697,5.2265,5.216
2024-06-03,3.528,3.582,3.664,3.6995,5.2125,5.2005
2024-06-04,3.549,3.534,3.655,3.687,5.2045,5.221
2024-06-05,3.73,3.568,3.65,3.681,5.2065,5.2335
2024-06-06,3.523,3.517,3.628,3.675,5.2085,5.216
2024-06-07,3.468,3.518,3.611,3.673,5.196,5.2265
2024-06-10,3.612,3.513,3.628,3.666,5.2475,5.233
2024-06-11,3.452,3.534,3.617,3.6665,5.2045,5.196
2024-06-12,3.52,3.532,3.595,3.661,5.2205,5.2165
2024-06-13,3.511,3.528,3.604,3.6665,5.2235,5.2205
2024-06-14,3.501,3.519,3.603,3.657,5.2265,5.2095
2024-06-17,3.6,3.466,3.633,3.711,5.2125,5.233
2024-06-18,3.348,3.471,3.639,3.7115,5.2315,5.221
2024-06-19,3.296,3.44,3.655,3.693,5.2485,5.2295
2024-06-20,3.286,3.33,3.642,3.689,5.2385,5.191
2024-06-21,3.2735,3.336,3.665,3.7025,5.2575,5.1925
2024-06-24,3.2665,3.371,3.705,3.691,5.2295,5.198
2024-06-25,3.2585,3.358,3.713,3.68,5.2455,5.184
2024-06-26,3.2315,3.352,3.71,3.678,5.2345,5.1955
2024-06-27,3.2865,3.352,3.689,3.68,5.2525,5.208
2024-06-28,3.2655,3.339,3.704,3.715,5.242,5.1835
2024-07-01,3.3065,3.3,3.67,3.696,5.2295,5.206
2024-07-02,3.3125,3.3525,3.666,3.681,5.2455,5.175
2024-07-03,3.3645,3.351,3.667,3.679,5.2485,5.1705
2024-07-04,3.3485,3.355,3.671,3.691,5.2385,5.178
2024-07-05,3.3635,3.356,3.66,3.666,5.2265,5.1535
2024-07-08,3.4075,3.371,3.661,3.668,5.2475,5.206
2024-07-09,3.4375,3.351,3.665,3.668,5.2315,5.167
2024-07-10,3.4485,3.425,3.672,3.661,5.2205,5.1825
2024-07-11,3.4615,3.418,3.659,3.6475,5.2385,5.174
2024-07-12,3.447,3.417,3.661,3.657,5.2265,5.1755
2024-07-15,3.4585,3.419,3.687,3.6525,5.2295,5.215
2024-07-16,3.447,3.418,3.688,3.639,5.2045,5.171
2024-07-17,3.429,3.416,3.689,3.636,5.2345,5.1875
2024-07-18,3.263,3.42,3.687,3.633,5.1945,5.165
2024-07-19,3.263,3.422,3.688,3.63,5.1805,5.1755
2024-07-22,3.324,3.414,3.656,3.622,5.195,5.198
2024-07-23,3.3145,3.405,3.662,3.608,5.1905,5.167
2024-07-24,3.316,3.396,3.658,3.597,5.1925,5.1785
2024-07-25,3.315,3.39,3.644,3.597,5.1495,5.178
2024-07-26,3.314,3.391,3.632,3.599,5.1345,5.1495
2024-07-29,3.316,3.388,3.592,3.6025,5.1075,5.149
2024-07-30,3.315,3.384,3.559,3.6,5.1035,5.1045
2024-07-31,3.315,3.337,3.557,3.604,5.0955,5.0905
2024-08-01,3.314,3.328,3.557,3.581,4.9375,5.008
2024-08-02,3.313,3.306,3.542,3.557,5.0175,4.9945
2024-08-05,3.4955,3.271,3.571,3.545,4.992,4.9575
2024-08-06,3.522,3.26,3.559,3.547,5.0,4.98
2024-08-07,3.529,3.265,3.568,3.556,5.0085,4.9765
2024-08-08,3.543,3.268,3.57,3.548,5.0025,4.987
2024-08-09,3.535,3.273,3.54,3.551,4.9975,4.9775
2024-08-12,3.7145,3.267,3.488,3.544,5.0025,4.9885
2024-08-13,3.3475,3.3045,3.49,3.534,5.0,4.98
2024-08-14,3.368,3.3075,3.502,3.534,4.9945,4.9935
2024-08-15,3.395,3.3005,3.49,3.536,5.0025,5.004
2024-08-16,3.4,3.2985,3.492,3.521,5.0125,4.9865
2024-08-19,3.4,3.2445,3.499,3.503,5.0205,5.015
2024-08-20,3.4,3.2395,3.516,3.488,5.0,4.963
2024-08-21,3.4,3.2145,3.491,3.477,5.0085,4.9685
2024-08-22,3.4,3.2205,3.454,3.47,5.0175,4.97
2024-08-23,3.4,3.2195,3.467,3.462,4.9975,4.956
2024-08-26,3.4,3.2115,3.452,3.481,,
2024-08-27,3.37,3.1625,3.442,3.4435,5.023,4.9635
2024-08-28,3.4015,3.1605,3.453,3.474,4.9945,4.9265
2024-08-29,3.436,3.1795,3.442,3.456,4.9885,4.936
2024-08-30,3.457,3.1895,3.442,3.466,4.9975,4.9305
2024-09-02,3.46,3.2045,3.437,3.47,5.0205,4.94
2024-09-03,3.564,3.2035,3.442,3.464,5.0,4.934
2024-09-04,3.6,3.2105,3.42,3.446,5.0085,4.9015
2024-09-05,3.539,3.1795,3.442,3.441,4.9735,4.927
2024-09-06,3.591,3.1675,3.461,3.4275,4.9975,4.9305
2024-09-09,3.607,3.1965,3.411,3.441,5.0375,4.915
2024-09-10,3.598,3.1685,3.447,3.443,5.0135,4.934
2024-09-11,3.554,3.1835,3.447,3.423,5.0225,4.9395
2024-09-12,3.5,3.1725,3.424,3.432,4.9885,4.889
2024-09-13,3.465,3.1655,3.417,3.406,4.9665,4.8655
2024-09-16,3.6,3.177,3.421,3.386,4.9855,4.8485
2024-09-17,3.044,3.176,3.42,3.369,4.9455,4.8595
2024-09-18,3.042,3.1475,3.409,3.351,4.9665,4.876
2024-09-19,3.005,3.1195,3.424,3.348,5.0025,4.91
2024-09-20,3.0165,3.076,3.404,3.349,4.9355,4.8955
2024-09-23,3.118,3.0845,3.416,3.292,4.9505,4.884
2024-09-24,3.075,3.0905,3.362,3.259,4.9185,4.88
2024-09-25,3.141,3.014,3.375,3.233,4.9375,4.8845
2024-09-26,3.074,2.909,3.361,3.187,4.9585,4.876
2024-09-27,3.122,3.012,3.347,3.261,4.9665,4.8485
2024-09-30,3.09,3.037,3.307,3.28,4.9675,4.875
2024-10-01,3.087,2.946,3.289,3.237,4.959,4.868
2024-10-02,3.043,3.01,3.289,3.213,4.9945,4.8635
2024-10-03,3.012,3.021,3.279,3.1815,4.9585,4.864
2024-10-04,3.095,3.015,3.28,3.194,5.0125,4.8355
2024-10-07,3.098,3.0,3.215,3.17,4.9855,4.8485
2024-10-08,3.072,2.98,3.209,3.163,4.9185,4.7845
2024-10-09,3.107,2.981,3.203,3.159,4.9235,4.7965
2024-10-10,3.071,2.948,3.202,3.15,4.9295,4.821
2024-10-11,3.07,2.964,3.189,3.146,4.9815,4.7755
2024-10-14,2.937,2.965,3.2155,3.149,5.0205,4.773
2024-10-15,2.935,2.9825,3.2185,3.134,4.9865,4.751
2024-10-16,2.393,2.9765,3.193,3.126,4.9665,4.7295
2024-10-17,2.332,2.923,3.165,3.099,4.9295,4.736
2024-10-18,2.21,2.8725,3.145,3.094,4.89,4.7155
2024-10-21,1.927,2.8845,3.079,3.0835,4.9155,4.706
2024-10-22,2.145,2.839,3.069,3.073,4.8635,4.689
2024-10-23,2.227,2.8195,3.063,3.0605,4.8675,4.7085
2024-10-24,2.256,2.8125,3.056,3.052,4.856,4.681
2024-10-25,2.35,2.8205,3.049,3.0515,4.8285,4.6945
2024-10-28,1.662,2.801,3.168,3.0705,4.8455,4.724
2024-10-29,1.709,2.752,3.171,3.029,4.8365,4.735
2024-10-30,0.929,2.749,3.182,3.058,4.8955,4.788
2024-10-31,1.07,2.748,3.173,3.06,4.8415,4.8
2024-11-01,1.1045,2.771,3.189,3.071,4.8135,4.7115
2024-11-04,1.197,2.73,3.079,3.093,4.8455,4.742
2024-11-05,2.4,2.742,3.024,3.0805,4.8095,4.6975
2024-11-06,2.8705,2.9065,3.035,3.025,4.7825,4.6955
2024-11-07,2.85,2.905,3.016,2.9885,4.7535,4.694
2024-11-08,2.8345,2.891,3.034,2.999,4.7675,4.7325
2024-11-11,2.9695,2.906,3.171,2.9945,4.8105,4.702
2024-11-12,2.9875,2.8995,3.168,2.9685,4.782,4.714
2024-11-13,2.899,2.892,3.1572,2.969,4.7685,4.7205
2024-11-14,2.9715,2.8905,3.1603,2.96,4.7675,4.698
2024-11-15,2.899,2.882,3.164,2.941,4.7675,4.6855
2024-11-18,2.8885,2.7855,3.113,2.9375,4.758,4.684
2024-11-19,2.5565,2.5525,2.946,2.9055,4.7415,4.689
2024-11-20,2.5885,2.5995,2.921,2.8965,4.7545,4.6915
2024-11-21,2.373,2.54,2.948,2.873,4.7385,4.681
2024-11-22,2.5915,2.4795,2.967,2.8285,4.7675,4.6945
2024-11-25,2.65,2.466,2.8732,2.817,4.7755,4.702
2024-11-26,2.604,2.516,2.812,2.837,4.782,4.693
2024-11-27,2.9945,2.577,2.8755,2.874,4.7685,4.6995
2024-11-28,2.803,2.704,2.8685,2.8685,4.7825,4.702
2024-11-29,3.0235,2.662,2.801,2.854,4.7825,4.6815
2024-12-02,2.934,2.641,2.913,2.887,4.7925,4.684
2024-12-03,3.0225,2.62,2.87,2.903,4.782,4.6765
2024-12-04,3.1665,2.661,2.732,2.866,4.7965,4.6745
2024-12-05,3.1115,2.637,2.727,2.843,4.7975,4.681
2024-12-06,3.215,2.593,2.727,2.833,4.7825,4.707
2024-12-09,3.0,2.48,2.826,2.777,4.7925,4.693
2024-12-10,2.627,2.31,2.803,2.757,4.6865,4.681
2024-12-11,2.603,2.294,2.794,2.75,4.6835,4.7085
2024-12-12,2.387,2.336,2.7535,2.737,4.6795,4.694
2024-12-13,2.282,2.304,2.745,2.739,4.6755,4.69
2024-12-16,2.241,2.177,2.7605,2.772,4.688,4.702
2024-12-17,2.291,2.189,2.7665,2.7545,4.7275,4.6765
2024-12-18,2.351,2.215,2.8835,2.7079,4.7255,4.6785
2024-12-19,2.571,2.2935,2.8265,2.6963,4.709,4.66
2024-12-20,2.6,2.5005,2.87,2.7259,4.7215,4.6945
2024-12-23,2.523,2.429,2.6975,2.7845,4.723,4.6885
2024-12-24,,,2.64,2.7456,4.7275,4.685
2024-12-27,2.523,2.5125,2.7105,2.729,4.7065,4.677
2024-12-30,2.69,2.4795,2.7275,2.654,4.723,4.675
2024-12-31,,,2.698,2.681,4.73,4.671
2025-01-02,2.551,2.501,2.732,2.654,4.726,4.6575
2025-01-03,2.657,2.4855,2.808,2.6513,4.723,4.667
2025-01-06,2.727,2.5205,2.831,2.6785,4.7275,4.6745
2025-01-07,2.791,2.5,2.8525,2.6738,4.714,4.664
2025-01-08,2.845,2.5385,2.8565,2.6669,4.6975,4.6665
2025-01-09,2.971,2.5615,2.833,2.675,4.6945,4.643
2025-01-10,2.583,2.544,2.8665,2.683,4.737,4.6555
2025-01-13,2.568,2.531,2.8002,2.695,4.723,4.658
2025-01-14,2.5385,2.491,2.8027,2.701,4.755,4.6495
2025-01-15,2.566,2.41,2.808,2.6813,4.7395,4.6055
2025-01-16,2.56,2.475,2.79,2.6688,4.7385,4.603
2025-01-17,2.629,2.505,2.811,2.6745,4.737,4.589
2025-01-20,2.701,2.6,2.769,2.651,4.7405,4.5885
2025-01-21,2.698,2.599,2.76,2.64885,4.646,4.568
2025-01-22,2.695,2.59,2.749,2.6367,4.6405,4.552
2025-01-23,2.665,2.584,2.72,2.6216,4.665,4.5575
2025-01-24,2.675,2.584,2.7,2.6318,4.6145,4.562
2025-01-27,2.679,2.573,2.6761,2.6143,4.6535,4.5455
2025-01-28,2.653,2.529,2.678,2.603,4.6185,4.5565
2025-01-29,2.643,2.534,2.6574,2.596,4.6125,4.528
2025-01-30,2.609,2.515,2.616,2.5628,4.5915,4.52
2025-01-31,2.594,2.496,2.6248,2.5479,4.5685,4.514
2025-02-03,2.577,2.462,2.5417,2.5176,4.5655,4.498
2025-02-04,2.61,2.481,2.5473,2.506,4.5375,4.49
2025-02-05,2.575,2.475,2.5313,2.498,4.5275,4.523
2025-02-06,2.485,2.448,2.525,2.4972,4.5325,4.5025
2025-02-07,2.534,2.45,2.5127,2.495,4.5075,4.516
2025-02-10,2.47,2.445,2.5895,2.488,4.4785,4.4755
2025-02-11,2.532,2.448,2.5686,2.48,4.4965,4.469
2025-02-12,2.48,2.451,2.5752,2.4795,4.5135,4.4355
2025-02-13,2.515,2.396,2.5554,2.4645,4.474,4.435
2025-02-14,2.479,2.4,2.5625,2.464,4.5225,4.4455
2025-02-17,2.36,2.404,2.4952,2.416,4.4785,4.409
2025-02-18,2.38,2.356,2.4888,2.407,4.5095,4.436
2025-02-19,2.38,2.356,2.4875,2.412,4.5135,4.4525
2025-02-20,2.329,2.241,2.4771,2.41,4.474,4.4605
2025-02-21,2.324,2.239,2.4628,2.416,4.492,4.4325
2025-02-24,2.319,2.299,2.4197,2.424,4.4785,4.436
2025-02-25,2.127,2.317,2.4169,2.416,4.5095,4.4325
2025-02-26,2.124,2.289,2.4004,2.4252,4.4715,4.436
2025-02-27,2.106,2.2675,2.38475,2.4124,4.5035,4.398
2025-02-28,2.097,2.244,2.3807,2.396,4.4465,4.435
2025-03-03,2.087,2.2745,2.3763,2.3955,4.4435,4.4275
2025-03-04,2.299,2.232,2.37,2.377,4.469,4.403
2025-03-05,2.293,2.24,2.3669,2.399,4.4715,4.394
2025-03-06,2.238,2.145,2.3506,2.3843,4.4595,4.393
2025-03-07,2.212,2.143,2.392,2.387,4.4615,4.4025
2025-03-10,2.176,2.137,2.4345,2.4105,4.4435,4.387
2025-03-11,2.177,2.137,2.4356,2.3985,4.401,4.378
2025-03-12,2.125,2.142,2.4217,2.4005,4.429,4.381
2025-03-13,2.128,2.13,2.4108,2.3915,4.4005,4.376
2025-03-14,1.971,2.108,2.4065,2.3825,4.4005,4.3685
2025-03-17,1.957,2.02,2.386,2.364,4.4435,4.378
2025-03-18,1.876,2.022,2.3935,2.3455,4.456,4.4155
2025-03-19,1.955,2.019,2.382,2.3305,4.4575,4.4065
2025-03-20,1.826,2.122,2.3855,2.322,4.4445,4.376
2025-03-21,1.581,2.119,2.3755,2.3335,4.4615,4.42
2025-03-24,1.57,2.1595,2.3815,2.336,4.4785,4.427
2025-03-25,1.73,2.102,2.3718,2.325,4.4995,4.382
2025-03-26,1.707,2.1475,2.3135,2.319,4.4695,4.4105
2025-03-27,1.756,2.083,2.2485,2.2975,4.4715,4.4055
2025-03-28,1.765,2.063,2.2323,2.287,4.474,4.407
2025-03-31,1.982,2.095,2.229,2.279,4.475,4.427
2025-04-01,2.023,2.1235,2.26,2.291,4.4555,4.436
2025-04-02,2.25,2.102,2.307,2.286,4.4575,4.444
2025-04-03,2.201,2.106,2.281,2.2975,4.5625,4.444
2025-04-04,2.386,2.089,2.263,2.244,4.4765,4.437
2025-04-07,2.066,2.082,2.278,2.236,4.4785,4.396
2025-04-08,2.053,2.053,2.271,2.239,4.4735,4.374
2025-04-09,2.028,2.024,2.246,2.197,4.5095,4.3605
2025-04-10,2.03,2.042,2.248,2.21985,4.4715,4.397
2025-04-11,2.021,2.036,2.232,2.199,4.474,4.4025
2025-04-14,1.968,1.95,2.216,2.207,4.492,4.3825
2025-04-15,1.917,1.916,2.207,2.21,4.442,4.3535
2025-04-16,1.868,1.882,2.151,2.172,4.429,4.335
2025-04-17,1.845,1.844,2.131,2.141,4.4155,4.325
2025-04-22,1.838,1.838,2.1432,2.125,4.418,4.321
2025-04-23,1.855,1.839,2.1479,2.129,4.4145,4.306
2025-04-24,1.855,1.827,2.14,2.1,4.3855,4.3
2025-04-25,1.856,1.829,2.1485,2.096,4.4005,4.304
2025-04-28,1.711,1.782,2.1387,2.08,4.3735,4.245
2025-04-29,1.856,1.782,2.1369,2.076,4.3165,4.264
2025-04-30,1.821,1.783,2.1338,2.08,4.3055,4.2745
2025-05-01,,,,,4.302,4.259
2025-05-02,1.936,1.787,2.1264,2.074,4.239,4.2205
2025-05-05,1.93,1.782,2.1314,2.063,,
2025-05-06,1.929,1.751,2.1167,2.037,4.2335,4.258
2025-05-07,2.017,1.763,2.0789,2.013,4.2315,4.218
2025-05-08,1.75,1.904,2.1002,1.995,4.2245,4.27
2025-05-09,1.743,1.905,2.1136,2.002,4.2325,4.2615
2025-05-12,1.561,1.918,2.1,2.03,4.129,4.263
2025-05-13,1.612,1.914,2.105,2.043,4.061,4.2665
2025-05-14,1.557,1.874,2.1,2.0414,4.0615,4.2595
2025-05-15,1.58,1.874,2.1,2.0489,4.0625,4.2575
2025-05-16,1.585,1.862,2.105,2.052,4.0635,4.2655
2025-05-19,1.674,1.854,2.0798,2.0539,4.2335,4.258
2025-05-20,1.609,1.851,2.0766,2.0383,4.2515,4.233
2025-05-21,1.65,1.873,2.0731,2.024,4.2455,4.2555
2025-05-22,1.606,1.835,2.061,2.0105,4.2535,4.2405
2025-05-23,1.619,1.858,2.048,1.998,4.2625,4.2525
2025-05-26,1.614,1.863,2.041,2.0,,
2025-05-27,1.612,1.858,2.04,1.99,4.2715,4.2625
2025-05-28,1.611,1.874,2.017,1.988,4.2455,4.254
2025-05-29,1.396,1.846,2.022,1.985,4.2535,4.2555
2025-05-30,1.582,1.844,2.015,1.987,4.2475,4.253
2025-06-02,1.595,1.845,1.99,1.988,4.2515,4.2565
2025-06-03,1.57,1.841,1.978,1.9835,4.2515,4.2375
2025-06-04,1.861,1.821,1.96895,1.975,4.2455,4.243
2025-06-05,1.761,1.817,1.9511,1.975,4.239,4.2405
2025-06-06,1.711,1.814,1.934,1.968,4.2475,4.2615
2025-06-09,1.646,1.795,1.895,1.968,4.2515,4.236
2025-06-10,1.75,1.801,1.922,1.963,4.2925,4.2725
2025-06-11,1.672,1.788,1.957,1.96,4.2735,4.2535
2025-06-12,1.751,1.779,1.954,1.954,4.2685,4.247
2025-06-13,1.751,1.781,1.953,1.951,4.2625,4.2465
2025-06-16,1.468,1.705,1.958,1.954,4.2515,4.2295
2025-06-17,1.495,1.733,1.954,1.964,4.2515,4.2085
2025-06-18,1.559,1.678,1.956,1.969,4.2735,4.222
2025-06-19,1.473,1.699,1.959,1.967,4.283,4.1685
2025-06-20,1.433,1.729,1.952,1.966,4.2625,4.1715
2025-06-23,1.467,1.702,1.9632,1.956,4.2685,4.232
2025-06-24,1.576,1.8,1.971,1.954,4.197,4.1915
2025-06-25,1.75,1.8,1.9672,1.954,4.2455,4.1885
2025-06-26,1.7,1.77,1.9712,1.95,4.239,4.194
2025-06-27,1.75,1.772,1.9645,1.961,4.2325,4.257
2025-06-30,1.751,1.775,1.9895,1.955,4.2335,4.179
2025-07-01,1.732,1.816,1.9963,1.957,4.251,4.142
2025-07-02,1.681,1.809,1.9828,1.923,4.2455,4.1385
2025-07-03,1.561,1.821,2.0139,1.932,4.2535,4.1305
2025-07-04,1.756,1.831,1.9824,1.935,4.2625,4.176
2025-07-07,1.743,1.848,1.977,1.93,4.286,4.148
2025-07-08,1.702,1.838,1.976,1.932,4.265,4.1505
2025-07-09,1.771,1.821,1.98,1.947,4.2455,4.1465
2025-07-10,1.701,1.824,1.962,1.954,4.2535,4.1345
2025-07-11,1.693,1.809,1.982,1.953,4.2165,4.129
2025-07-14,1.643,1.783,1.9695,1.956,4.2335,4.13
2025-07-15,1.66,1.785,1.9745,1.956,4.2515,4.1335
2025-07-16,1.69,1.798,1.9735,1.95,4.2455,4.1385
2025-07-17,1.67,1.792,1.96,1.948,4.239,4.1305
2025-07-18,1.771,1.805,1.9645,1.949,4.2475,4.1245
2025-07-21,1.661,1.815,1.9637,1.9415,4.2165,4.1255
2025-07-22,1.773,1.841,1.9629,1.946,4.1695,4.1255
2025-07-23,1.671,1.828,1.96895,1.943,4.1185,4.1005
2025-07-24,1.669,1.823,1.9735,1.97,4.1215,4.0965
2025-07-25,1.775,1.819,1.966,1.977,4.1095,4.0985
2025-07-28,1.775,1.823,1.961,1.984,4.1115,4.09
2025-07-29,1.666,1.8425,1.9715,1.977,4.0935,4.08
2025-07-30,1.775,1.847,1.983,1.975,4.061,4.0715
2025-07-31,1.775,1.841,1.982,1.975,4.0615,4.0755
2025-08-01,1.774,1.842,1.982,1.965,4.0335,4.086
2025-08-04,1.725,1.8124,1.951,1.963,4.025,4.0635
2025-08-05,1.8844,1.7817,1.9428,1.961,4.0065,4.0345
2025-08-06,1.8762,1.7539,1.9412,1.947,3.9775,4.0295
2025-08-07,1.765,1.817,1.959,1.951,3.9895,4.0455
2025-08-08,1.7982,1.794,1.974,1.95,3.9725,4.039
2025-08-11,1.8083,1.734,1.9565,1.9483,3.9965,4.052
2025-08-12,1.7924,1.766,1.9361,1.9656,4.0055,4.038
2025-08-13,1.792,1.786,1.9273,1.9611,4.004,4.0375
2025-08-14,1.779,1.7908,1.9375,1.961,4.064,4.052
2025-08-15,1.7839,1.781,1.9435,1.961,4.077,4.046
2025-08-18,1.6929,1.732,1.953,1.964,4.042,4.043
2025-08-19,1.6688,1.546,1.947,1.965,4.0195,4.0655
2025-08-20,1.6566,1.566,1.945,1.956,4.0185,4.065
2025-08-21,1.6217,1.623,1.947,1.966,4.0175,4.071
2025-08-22,1.638,1.623,1.946,1.964,4.015,4.0655
2025-08-25,1.6129,1.8545,1.958,1.99,,
2025-08-26,1.6215,1.8565,1.9571,1.9919,4.014,4.067
2025-08-27,1.6024,1.7805,1.966,1.9897,4.0185,4.052
2025-08-28,1.6212,1.8275,1.968,2.0,4.0175,4.054
2025-08-29,1.801,1.8205,1.979,1.995,4.0595,4.0395
2025-09-01,1.6403,1.8345,1.948,1.9892,4.051,4.07
2025-09-02,1.6406,1.8185,1.941,1.9869,4.0475,4.063
2025-09-03,1.6365,1.8595,1.9453,1.9845,4.0335,4.0415
2025-09-04,1.8229,1.8605,1.935,1.986,4.0335,4.0305
2025-09-05,1.7581,1.854,1.933,1.9885,4.0415,4.055
2025-09-08,1.75155,1.8452,1.9632,1.998,4.051,4.034
2025-09-09,1.7446,1.8465,1.9649,1.99995,4.0475,4.038
2025-09-10,1.7428,1.8075,1.9727,1.9979,4.0485,4.063
2025-09-11,1.6763,1.7395,1.9592,1.992,4.0485,4.069
2025-09-12,1.6159,1.72,1.9707,1.9955,4.0415,4.05
2025-09-15,1.3514,1.63,1.963,1.9849,4.051,4.0475
2025-09-16,1.3681,1.5778,1.962,1.967,4.0615,4.067
2025-09-17,1.3305,1.5592,1.981,1.9934,4.0485,4.067
2025-09-18,1.3708,1.671,1.979,1.9863,4.0335,4.0645
2025-09-19,1.75,1.6781,1.985,1.9862,4.0415,4.0725
2025-09-22,1.7418,1.6047,1.9632,1.9837,4.051,4.07
2025-09-23,1.85,1.5911,1.9678,1.9788,4.0475,4.067
2025-09-24,1.9,1.5972,1.9727,1.9858,4.0485,4.063
2025-09-25,1.9029,1.5954,1.9715,1.9803,4.0335,4.0645
2025-09-26,1.9095,1.5845,1.9707,1.971,4.0415,4.0635
2025-09-29,1.95,1.4635,1.9735,1.965,4.051,4.079
2025-09-30,1.926,1.7511,1.9784,1.9797,4.0335,4.0505
2025-10-01,1.9212,1.7209,1.9727,1.9714,4.0335,4.0455
2025-10-02,1.9209,1.7223,1.9655,1.972,4.0485,4.069
2025-10-03,1.9358,1.7039,1.9585,1.96,4.0595,4.0635
2025-10-06,1.9293,1.6562,1.9477,1.961,3.923,3.9935
2025-10-07,1.9506,1.6216,1.96,1.9555,4.0475,4.017
2025-10-08,1.4628,1.5859,1.9508,1.9611,4.0485,4.0205
2025-10-09,1.4327,1.5743,1.9472,1.962,4.0335,4.022
2025-10-10,1.4418,1.5861,1.9458,1.964,4.0415,4.015
2025-10-13,1.3009,1.5175,1.958,1.982,4.047,4.015
2025-10-14,1.1904,1.476,1.9571,1.968,4.062731,4.4125
2025-10-15,1.1808,1.4398,1.9508,1.9617,4.0485,4.056
2025-10-16,1.191,1.4217,1.9544,1.9588,4.0485,4.0625
2025-10-17,1.19,1.4393,1.952,1.9606,4.0415,4.0705
2025-10-20,1.3,,1.9375,1.9923,4.051,4.061
2025-10-21,1.54,1.4541,1.9465,1.9904,4.0475,4.059
2025-10-22,1.6505,1.4427,1.9562,1.99,4.0335,4.0205
2025-10-23,1.45,1.4631,1.9472,1.9839,4.033,4.022
2025-10-24,1.4755,1.5349,1.9612,2.0005,4.042,4.037
2025-10-27,1.553,1.7575,1.9735,2.0145,4.042,3.9985
2025-10-28,1.55,1.7665,1.9731,2.001,4.0195,3.988
2025-10-29,1.63665,1.7725,1.9672,2.003,4.0185,3.9445
2025-10-30,1.54,1.7685,1.959,2.005,4.018,3.9575
2025-10-31,1.6261,1.7835,1.964,2.0025,4.024,3.9395
2025-11-03,1.635,1.7804,1.9735,2.026,4.0055,3.931
2025-11-04,1.5871,1.8,1.9707,2.015,3.9915,3.971
2025-11-05,1.62,1.7928,1.978,2.017,4.004,3.9695
2025-11-06,1.62,1.7947,1.9712,2.018,4.0795,4.009
2025-11-07,1.61,1.786,1.9645,2.02,4.0415,3.966
2025-11-10,1.5873,1.8114,1.9683,2.024,4.0695,3.9625
2025-11-11,1.5905,1.7939,1.9678,2.017,4.076,3.9625
2025-11-12,1.5829,1.7996,1.9727,2.0156,4.092,3.9655
2025-11-13,1.585,1.824,1.9755,2.016,4.0795,3.962
2025-11-14,1.6159,1.802,1.9625,2.01,4.0765,3.957
2025-11-17,1.64,1.785,2.0425,2.04,4.088,3.9535
2025-11-18,1.6183,1.783,2.02,2.0325,4.076,3.9585
2025-11-19,1.68,1.795,2.0355,2.03,4.0335,3.936
2025-11-20,1.706,1.80815,2.0435,2.0285,4.0175,3.9405
2025-11-21,1.91,1.819,2.03915,2.026,4.0765,3.935
2025-11-24,2.03,1.834,2.0458,2.036,4.088,3.9355
2025-11-25,1.865,1.8269,2.0369,2.038,4.0475,3.921
2025-11-26,1.844,1.8196,2.0329,2.0335,4.0485,3.9065
2025-11-27,1.9,1.8327,2.0535,2.0335,4.011,3.9105
2025-11-28,1.96,1.8585,2.0435,2.036,3.995,3.891
2025-12-01,1.97,1.8554,1.989,2.0855,4.0065,3.9
2025-12-02,1.8478,1.954,1.994,2.086,3.9915,3.9
2025-12-03,1.8398,1.954,1.978,2.066,3.9895,3.8895
2025-12-04,1.8326,1.92,1.9712,2.0655,3.9875,3.8935
2025-12-05,1.8886,1.954,1.9769,2.0684,4.0065,3.86
2025-12-08,1.8961,1.924,1.9702,2.0714,3.978,3.864
2025-12-09,1.8881,1.945,1.9645,2.0591,3.9345,3.896
2025-12-10,1.86,1.955,1.962,2.0643,3.916,3.881
2025-12-11,1.9,1.947,1.9433,2.0599,3.911,3.874
2025-12-12,1.88,1.935,1.941,2.0584,3.9195,3.867
2025-12-15,1.89,1.958,1.99,2.0879,3.8865,3.875
2025-12-16,1.891,1.953,1.9829,2.0767,3.8925,3.854
2025-12-17,1.89,1.959,1.96895,2.0835,3.872,3.8345
2025-12-18,1.88,1.957,1.9668,2.0739,3.865,3.855
2025-12-19,1.877,1.958,1.966,2.0663,3.867,3.847
2025-12-22,1.93,1.959,1.955,2.0433,3.8775,3.8505
2025-12-23,2.049,1.93,1.9817,2.0461,3.85,3.8165
2025-12-24,,,1.96,2.052,3.8495,3.811
2025-12-29,2.104,1.955,1.9875,2.025,3.8495,3.846
2025-12-30,2.071,1.955,1.9995,2.0245,3.85,3.8375
2025-12-31,,,,2.027,3.8495,3.8465
2026-01-02,2.048,1.956,1.9906,2.0184,3.8495,3.8335
2026-01-05,1.929,1.94,2.0024,2.0136,3.8495,3.837
2026-01-06,2.04,1.954,2.003,2.0165,3.782,3.825
2026-01-07,1.981,1.95,1.9898,2.0194,3.789,3.8215
2026-01-08,1.89,1.934,1.9825,2.0178,3.796,3.833
2026-01-09,1.975,1.91,1.966,2.0125,3.786,3.8055
2026-01-12,2.0,1.91,1.9702,2.026,3.7955,3.79
2026-01-13,1.9253,1.91,1.97,2.0222,3.7655,3.787
2026-01-14,1.8522,1.93,1.962,2.0143,3.7695,3.788
2026-01-15,1.8809,1.9,1.9559,2.0084,3.7585,3.7995
2026-01-16,1.9084,1.94,1.958,2.0107,3.7275,3.789
2026-01-19,1.8928,1.93,1.977,2.0043,3.74,3.788
2026-01-20,1.9295,1.932,1.996,2.0,3.737,3.7915
2026-01-21,1.9204,1.921,1.99,1.989,3.7395,3.788
2026-01-22,1.9119,1.916,1.99,1.9817,3.7425,3.7865
2026-01-23,1.9086,1.909,1.999,1.9862,3.745,3.789
2026-01-26,1.9307,1.91,1.99,2.0258,3.74,3.7925
2026-01-27,1.9371,1.909,1.963,2.019,3.7515,3.7955
2026-01-28,1.9346,1.909,1.969,2.019,3.7395,3.792
2026-01-29,1.9254,1.914,1.967,2.01,3.7425,3.791
2026-01-30,1.9456,1.914,2.005,2.005,3.745,3.785
2026-02-02,2.0073,1.94,1.9766,2.0039,3.758,3.788
2026-02-03,1.9814,1.943,1.9829,2.016,3.7515,3.7575
2026-02-04,1.99,1.917,1.9828,2.004,3.7395,3.758
2026-02-05,1.981,1.917,1.9825,2.011,3.7585,3.6785
2026-02-06,2.0034,1.917,1.982,1.998,3.7795,3.688
2026-02-09,1.9293,1.918,2.002,2.0179,3.7765,3.683
2026-02-10,1.96,1.921,1.983,2.0181,3.7725,3.6785
2026-02-11,2.0166,1.918,1.99,2.0183,3.747,3.674
2026-02-12,1.8902,1.91,1.9947,2.0042,3.7505,3.671
2026-02-13,1.9801,1.916,1.999,1.9957,3.736,3.661
2026-02-16,1.934,1.914,1.9895,2.0022,3.7395,3.663
2026-02-17,1.91,1.921,1.9963,2.0,3.7515,3.641
2026-02-18,1.905,1.922,1.9898,1.9978,3.7395,3.64
2026-02-19,1.9,1.85,1.975,2.0024,3.7275,3.637
2026-02-20,1.89,1.923,1.9824,2.0025,3.745,3.63
2026-02-23,1.9,1.922,1.977,2.019,3.74,3.627
2026-02-24,1.9,1.922,1.97,2.004,3.723,3.6415
2026-02-25,1.92,1.894,1.962,2.0143,3.7105,3.637
2026-02-26,1.93,1.902,1.967,2.0037,3.7125,3.6235
2026-02-27,1.93,1.903,1.966,2.013,3.71,3.609
2026-03-02,1.96,1.928,1.9864,2.017,3.74,3.7095
2026-03-03,1.98,1.9036,1.9838,2.0219,3.7515,3.741
2026-03-04,1.98,1.913,2.0,2.0222,,3.9885
2026-03-05,2.0,1.937,2.0037,2.0277,3.7585,3.74
2026-03-06,2.005,1.939,2.0004,2.0305,5.6435,4.0615
2026-03-09,2.03,1.931,2.0251,2.098,3.7765,3.797
2026-03-10,2.0,1.935,2.005,2.092,3.7485,3.754
2026-03-11,1.987,1.933,2.011,2.1,3.7795,3.788
2026-03-12,2.0,1.9453,2.007,2.097,3.7545,3.7825
2026-03-13,2.0,1.9465,2.0087,2.097,3.775,3.767
2026-03-16,1.854,1.9003,2.004,2.093,3.7975,3.788
2026-03-17,1.802,1.817,1.989,2.0854,3.7795,3.804
2026-03-18,1.7723,1.816,1.9891,2.095,3.784,3.809
2026-03-19,1.786,1.81,1.989,2.117,3.7885,3.872
2026-03-20,1.795,1.809,1.989,2.1555,3.7795,3.922
2026-03-23,1.7955,1.84,2.0087,2.208,3.795,3.9265
2026-03-24,1.802,1.84,2.005,2.215,3.7935,3.938
2026-03-25,1.7895,1.835,1.989,2.1982,3.7985,3.915
2026-03-26,1.79,1.83,1.9887,2.213,3.7885,3.9275
2026-03-27,1.769,1.826,1.9877,2.2,3.8325,3.926
2026-03-30,1.8275,1.9,2.0045,2.197,3.8315,3.9175
2026-03-31,1.829,1.89,1.9943,2.201,3.8075,3.898
2026-04-01,1.766,1.92,1.9848,2.1935,3.8275,3.8665
2026-04-02,1.7275,1.92,2.015,2.202,3.8495,3.695
2026-04-07,1.801,1.9,2.0475,2.2763,3.821,3.9
2026-04-08,1.872,1.9,2.0171,2.1849,3.8785,3.9275
2026-04-09,1.8,1.9,2.0168,2.188,3.8425,3.936
2026-04-10,1.94555,1.895,2.0278,2.187,3.841,3.922
2026-04-13,1.89,1.89,2.061,2.2267,3.8325,3.9355
2026-04-14,1.89,1.89,2.0282,2.1961,3.8215,3.9335
2026-04-15,1.894,1.995,2.0261,2.1757,3.8275,3.9445
2026-04-16,1.89,1.965,2.02,2.148,3.804,3.915
2026-04-17,1.895,1.9229,2.0023,2.117,3.7975,3.873
2026-04-20,1.9,1.9508,2.002,2.074,3.7765,3.8865
2026-04-21,1.9,1.9435,2.005,2.08,3.7655,3.9125
2026-04-22,1.89,1.9415,2.0063,2.078,3.8275,3.923
2026-04-23,1.88,1.951,1.996,2.083,3.8195,3.936
2026-04-24,1.86,1.9543,2.001,2.079,3.8325,3.9
2026-04-27,1.8,1.9407,1.9973,2.1715,3.7765,3.891
2026-04-28,1.79,1.9576,2.009,2.1995,3.7755,3.908
2026-04-29,1.76,1.9717,2.021,2.2241,3.7935,3.9525
2026-04-30,1.8,1.934,1.992,2.1839,3.784,3.915
2026-05-01,,,,,3.7625,3.913
2026-05-04,1.8,1.9316,2.0264,2.226,,
2026-05-05,1.77,1.9278,2.017,2.224,3.7765,3.9155
2026-05-06,1.77,1.9297,2.0,2.2,3.7695,3.896
2026-05-07,1.699,1.9308,1.982,2.204,3.7585,3.9065
2026-05-08,2.0,1.9213,1.975,2.2155,3.7625,3.9065
2026-05-11,2.0,1.9289,1.99,2.2335,3.758,3.8995
2026-05-12,2.0,1.9399,1.9997,2.228,3.7655,3.921
2026-05-13,1.862,1.9416,1.9836,2.2284,3.784,3.915
2026-05-14,1.8122,1.9401,1.978,2.225,3.7585,3.8935
2026-05-15,1.873,1.95,1.9707,2.235,3.7795,3.882
2026-05-18,1.849,1.9578,2.022,2.2543,3.795,3.931
2026-05-19,1.8534,1.9617,2.026,2.257,3.7795,3.8875
2026-05-20,1.942,1.9508,2.027,2.24,3.784,3.847
2026-05-21,1.848,1.9868,2.039,2.251,3.7735,3.855
2026-05-22,1.8352,1.9741,2.014,2.243,3.758,3.8415
2026-05-25,1.905,1.97,2.065,2.222,,
2026-05-26,1.8383,1.9878,2.08,2.25,3.763,3.8385
2026-05-27,1.8571,1.9995,2.0818,2.251,3.7695,3.881
2026-05-28,1.94,1.9982,2.0922,2.251,3.7735,3.885
2026-05-29,1.8906,2.0028,2.097,2.259,3.745,3.851
2026-06-01,1.955,2.0235,2.142,2.309,3.795,3.8775
2026-06-02,2.0,2.03,2.15,2.3093,3.7655,3.84
2026-06-03,1.975,2.0387,2.157,2.324,3.7545,3.846
2026-06-04,1.999,2.06,2.174,2.332,3.7735,3.843
2026-06-05,1.988,2.0714,2.178,2.335,3.7795,3.858
2026-06-08,1.973,2.0899,2.1955,2.337,3.795,3.864
2026-06-09,2.009,2.115,2.2082,2.333,3.7935,3.85
2026-06-10,2.044,2.113,2.2136,2.3414,3.7985,3.8685
2026-06-11,2.05,2.1527,2.2542,2.348,3.7885,3.859
2026-06-12,2.151,2.18,2.2447,2.347,3.7795,3.847
2026-06-15,2.16,2.1817,2.264,2.3619,3.7764,3.8416
2026-06-16,2.0,2.1827,2.271,2.3578,3.7795,3.85405
2026-06-17,2.1827,2.1827,2.241,2.353,3.78385,3.8429
2026-06-18,2.1829,2.1829,2.2422,2.355,3.7887,3.82085
2026-06-19,2.1828,2.214,2.27,2.355,3.77985,3.82905
2026-06-22,2.1527,2.223,2.28,2.3463,3.79475,3.8237
2026-06-23,2.18,2.219,2.2814,2.3352,3.7795,3.82475
2026-06-24,2.1639,2.2102,2.285,2.331,3.7692,3.826
2026-06-25,2.175,2.231,2.2783,2.3288,3.7734,3.82085
2026-06-26,2.18,2.229,2.2759,2.3263,3.79735,3.83345
2026-06-29,2.19775,2.233,2.304,2.386,3.79475,3.8192
2026-06-30,2.2262,2.5085,2.292,2.3795,3.7795,3.83315
2026-07-01,2.1968,2.2396,2.296,2.373,3.7692,3.826
2026-07-02,2.21,2.2324,2.2843,2.3606,3.7887,3.81655
2026-07-03,2.21,2.2405,2.2883,2.359,3.77985,3.81575
2026-07-06,2.21,2.2736,2.273,2.354,3.79475,3.8192
2026-07-07,2.2023,2.2843,2.2867,2.3639,3.77245,3.83315
2026-07-08,2.23,2.3215,2.3012,2.391,3.79855,3.8725
2026-07-09,2.205,2.3087,2.2964,2.387,3.7887,3.85505
2026-07-10,2.222,2.307,2.2821,2.386,3.7886,3.84225
2026-07-13,2.2401,2.2603,2.3178,2.425,3.80395,3.8595
2026-07-14,2.2566,2.2658,2.3111,2.4185,3.7795,3.84565
2026-07-15,2.2193,2.2592,2.3067,2.41,3.7692,3.83445
2026-07-16,2.218,2.256,2.3074,2.4155,3.804,3.85075
2026-07-17,2.2382,2.263,2.2821,2.412,3.8148,3.85115
2026-07-20,2.2257,2.278,2.298,2.416,3.79475,3.8595
2026-07-21,2.214,2.279,2.292,2.413,3.7936,3.86655
2026-07-22,2.2162,2.2856,2.296,2.418,3.81325,3.86825
2026-07-23,2.232,2.287,2.2783,2.418,3.7887,3.88065
2026-07-24,2.2221,2.2741,2.2759,2.4015,3.79735,3.86885
2026-07-27,2.2,2.287,2.28,2.431,3.79475,3.86395
2026-07-28,2.2258,2.286,2.2601,2.429,3.7936,3.86655
2026-07-29,2.2207,2.285,2.2738,2.425,3.78385,3.8767
2026-07-30,2.221,2.2687,2.26025,2.4225,3.7887,3.84645
