Year,Month,GEPU_current,GEPU_ppp
1997,1,77.6165645638669,81.8456652643875
1997,2,77.885979802493,78.8634620969919
1997,3,68.952539564158,68.3252796134779
1997,4,73.7684807836665,75.2468641554647
1997,5,77.3498390895215,84.7475911170143
1997,6,81.268321426862,86.1712015735897
1997,7,66.485892502431,67.3785029902149
1997,8,63.7096723683278,60.9729776518343
1997,9,66.1133087408445,62.2334429694983
1997,10,80.4566998918207,76.3866519099678
1997,11,95.6049063392316,86.0491746261536
1997,12,111.289276053938,97.9550451872871
1998,1,102.28669423729,93.1698391345154
1998,2,83.6856451299635,78.3194181670752
1998,3,87.5423922606731,82.7146743142234
1998,4,80.0277830126969,75.3095679294732
1998,5,85.2840789465628,81.6660228609381
1998,6,84.4059250902435,80.8450189146056
1998,7,103.066592384427,97.6035301339513
1998,8,114.496278981977,108.541476402878
1998,9,150.039102707929,153.704315637446
1998,10,118.942456689301,112.624953319262
1998,11,101.045649631464,97.0827693046127
1998,12,96.9148648127689,97.0706235512856
1999,1,99.8988855940285,98.3795453167137
1999,2,79.4462206635027,76.1970058851789
1999,3,63.3446269542342,58.9411484645059
1999,4,67.1564875202673,66.5297850835896
1999,5,69.066654281711,68.082721982458
1999,6,71.2661839658757,69.9965780740181
1999,7,72.6635036841182,72.0142524224467
1999,8,67.2402560519875,71.1575741299113
1999,9,69.5980541641401,68.731077008591
1999,10,67.176087135164,68.9770433783096
1999,11,69.7026141056835,67.8806011702868
1999,12,62.8036699725169,61.6315430153102
2000,1,67.3436110040065,69.3365076815513
2000,2,62.1725858716283,60.2550718710207
2000,3,62.8692825124648,61.7535533551985
2000,4,65.1133000357063,61.9300726286512
2000,5,87.8203410733659,84.026473636735
2000,6,90.3583148541953,86.3377868903708
2000,7,68.421229402373,64.858634409096
2000,8,55.5794363419571,54.0285536249524
2000,9,60.6675861971283,62.9084868218762
2000,10,70.2830518409774,70.056520716145
2000,11,106.939871149598,98.7226619089344
2000,12,100.922841403865,94.5608657976975
2001,1,101.387693403767,95.4402244584673
2001,2,98.3819718688164,91.0087518335544
2001,3,110.101841428176,100.384483632916
2001,4,106.331379471523,94.805711873913
2001,5,84.8704292056918,79.1220523919567
2001,6,73.9336655034951,70.327317153842
2001,7,96.6748360642872,87.6029439849534
2001,8,82.4503867085598,77.502208256147
2001,9,180.374115208441,167.458576291684
2001,10,169.634895100117,160.119646031383
2001,11,126.426964151881,121.329119745862
2001,12,110.163355645414,105.23860902907
2002,1,107.327580992662,103.607328845195
2002,2,85.8687595494986,79.7616012742178
2002,3,77.5795834006778,75.5124069733508
2002,4,82.6371673587395,80.9578122572092
2002,5,80.7528336239486,79.1398567911457
2002,6,92.1406403480749,90.1431520801283
2002,7,102.586882060485,98.4671027987941
2002,8,107.036626529846,102.859705225699
2002,9,122.133265432693,118.235823796199
2002,10,116.87698332185,114.404724283827
2002,11,123.326535159063,117.532643576598
2002,12,121.754488610049,118.541739494882
2003,1,131.674041515273,123.419063827409
2003,2,140.351795053391,133.303328742177
2003,3,174.072539113766,166.313739252069
2003,4,138.386467047853,134.182959795841
2003,5,106.52224509431,102.909528704503
2003,6,88.3897128088105,82.6081881384179
2003,7,81.4685291715388,83.130402185078
2003,8,70.7070407177575,72.6074667983281
2003,9,80.4967667458247,77.2361030147916
2003,10,76.6641521673257,78.3519152515572
2003,11,75.5088460833496,77.9749917840218
2003,12,73.6944770912599,75.4938921315644
2004,1,73.6154973923507,78.4852082120783
2004,2,73.2409697567056,79.6021211583157
2004,3,78.2242942485288,75.9912217468028
2004,4,77.6926694161634,79.9294141052984
2004,5,90.5209586577654,97.036202683901
2004,6,76.7257778291373,77.2148810428824
2004,7,75.1384143804261,73.1474718910838
2004,8,68.849769444745,68.038774585761
2004,9,76.7952830129201,73.11996411102
2004,10,89.1248206030288,89.652836454632
2004,11,84.3427470333799,81.9004915766434
2004,12,66.6535606738235,69.1622614602927
2005,1,59.0302216242294,65.4195182344249
2005,2,55.3945115177323,58.262355144808
2005,3,53.3999485836255,56.1346830606753
2005,4,72.8213028393506,78.528635944702
2005,5,67.9880438516679,65.3544049265548
2005,6,70.7229325927356,71.2994723652545
2005,7,63.9929045240624,65.5985390807799
2005,8,61.6523603571185,62.7074645551114
2005,9,92.7372298984098,91.342274927412
2005,10,66.8329086336418,69.636569496886
2005,11,65.8522004392354,64.0517968079743
2005,12,61.4919619735132,65.6779619611235
2006,1,70.5736279739642,76.5718432667092
2006,2,58.8276718907811,59.9242759680385
2006,3,58.8457210351508,61.4579863822322
2006,4,71.1810060040269,73.3060869834469
2006,5,63.615386473123,63.7820912206584
2006,6,73.5499131862179,74.0841452174051
2006,7,69.9861304767075,71.6926425601975
2006,8,60.6114940865261,64.3684521931067
2006,9,57.2562552712654,56.4264210439749
2006,10,60.4503193447804,64.9904526918272
2006,11,58.1636776862304,63.1597729627737
2006,12,56.6585622565719,59.9929763580508
2007,1,63.7457928357655,64.3048230974535
2007,2,54.7550840961362,57.4762073965873
2007,3,64.1745442858684,66.0245559644294
2007,4,59.5878577276963,62.8512219489291
2007,5,58.2751024113178,58.4258358160234
2007,6,57.6518303264793,58.5190886083842
2007,7,47.5680549973902,51.2161882636088
2007,8,78.5248320238914,76.8525532888873
2007,9,99.0008566624749,93.9339046312732
2007,10,79.0743256836981,78.5586934217194
2007,11,82.5168522536636,78.7755719199338
2007,12,96.5798494473646,98.3986544611997
2008,1,134.674764891475,132.507223862416
2008,2,98.2123831418713,96.5173557614606
2008,3,117.777653926139,124.716657128132
2008,4,91.3326186959153,96.7133094493325
2008,5,77.8397279985944,80.1946408122487
2008,6,87.1327340698971,91.0628132069318
2008,7,95.8407997276668,104.896192179585
2008,8,89.6543515328438,95.9023417974598
2008,9,162.064067365059,157.925087459881
2008,10,207.669825880532,207.151906482632
2008,11,143.300244807642,144.706524838355
2008,12,144.492670973328,146.658831323114
2009,1,145.678037242153,145.335064551984
2009,2,147.506420586186,144.619893915482
2009,3,131.573341634542,134.164310435122
2009,4,101.833293163878,103.230354825609
2009,5,103.118714089198,99.8102722946663
2009,6,116.015667146029,125.324822987176
2009,7,104.888151758535,112.872953948097
2009,8,101.687360137735,105.242541432417
2009,9,106.282115170175,115.107574556885
2009,10,91.8503618399487,96.1295662583392
2009,11,104.451836843994,106.476034174676
2009,12,101.854028006857,103.284090684973
2010,1,117.795861827589,119.062871233839
2010,2,113.098165003304,116.95971486066
2010,3,113.050885552998,117.038581635297
2010,4,108.665566174582,108.330530330996
2010,5,145.767124106028,141.715933661858
2010,6,136.081855184582,137.401623265066
2010,7,147.009474133971,144.30861322017
2010,8,122.217251492511,120.012935549957
2010,9,132.229391340992,126.359020257539
2010,10,126.233733416394,123.073408965102
2010,11,130.118326335866,126.37667603316
2010,12,133.111603192517,136.39992007347
2011,1,113.735016855096,120.355568800601
2011,2,96.0750248072293,96.5339232676173
2011,3,129.18926018116,128.921129532175
2011,4,117.529223601268,119.937600670701
2011,5,92.8868516999675,92.5210335279035
2011,6,123.812184544727,122.685067013885
2011,7,152.195735205208,149.394984779193
2011,8,214.011817784583,211.732791314351
2011,9,193.217830518129,192.458123916293
2011,10,165.242794551844,169.172568120145
2011,11,190.733033534709,192.923993057576
2011,12,176.208647335259,181.411465726066
2012,1,153.495953440358,155.994896966981
2012,2,139.788238218001,144.413076504617
2012,3,131.08456754817,141.666152710534
2012,4,128.07259689924,132.242130481138
2012,5,157.803167270248,161.67309014357
2012,6,181.53905197598,184.354277564037
2012,7,149.934943739187,149.468674051488
2012,8,116.21894735465,116.995112633112
2012,9,151.65237647468,152.80979181312
2012,10,149.520971084528,148.941668102716
2012,11,163.284530986615,157.599906105445
2012,12,168.240526799015,166.217810428812
2013,1,165.060015230408,162.787049059771
2013,2,121.174915444295,120.961597247412
2013,3,143.071104612418,142.110520142186
2013,4,134.105672383674,135.849426197238
2013,5,106.235333488291,105.683912711983
2013,6,126.163104073456,127.241017996567
2013,7,107.368130396701,107.192344531273
2013,8,118.335145174805,124.026861339653
2013,9,136.956604172915,138.387886131918
2013,10,166.516901507248,163.744781926103
2013,11,102.386301269491,104.762772896792
2013,12,120.235880701621,123.102987362509
2014,1,113.734455669588,116.583806011232
2014,2,99.611606288327,98.4225659393474
2014,3,112.367842243405,110.563970449355
2014,4,108.530451435937,113.688327237072
2014,5,105.364191346987,108.19015740975
2014,6,90.1128747621402,93.4397670237166
2014,7,92.6694784779138,96.3646099244214
2014,8,96.1496246107166,102.688028669322
2014,9,119.567613144331,124.259839837665
2014,10,111.008634184874,111.760348894687
2014,11,117.265260269603,123.913034838278
2014,12,109.400016823128,111.548787745419
2015,1,126.991469584131,131.853218605185
2015,2,113.953152938798,119.807233270544
2015,3,109.946211822817,113.928076619075
2015,4,99.3901285767518,97.9650200254693
2015,5,102.930937340861,99.3708571873976
2015,6,117.84478764026,116.343810555727
2015,7,121.866110578633,119.860080386821
2015,8,118.513451397597,115.287882764051
2015,9,151.975894976969,151.049247852745
2015,10,114.318263935914,112.680097385985
2015,11,103.35634700694,102.628717190039
2015,12,110.794803787437,113.71753419236
2016,1,143.25869507491,138.120339903338
2016,2,145.445867902638,142.293795226873
2016,3,156.87798869008,157.631316873617
2016,4,140.104646137866,141.768241767298
2016,5,123.378987339943,119.267709706723
2016,6,227.871561711938,216.122806189094
2016,7,202.245585191248,184.955403632174
2016,8,132.668946889675,132.741458319484
2016,9,134.349333141845,135.847210083297
2016,10,125.003714446858,119.891166274781
2016,11,226.279887407649,210.848554173496
2016,12,183.765426620881,184.05041324178
2017,1,246.662727026049,252.398060634802
2017,2,184.979404805132,187.138727593289
2017,3,233.120323716625,243.509844816938
2017,4,174.337238977714,173.027053396719
2017,5,142.50647261577,139.114591040414
2017,6,169.719264279922,171.084144619987
2017,7,163.0248778605,167.173719972876
2017,8,139.145189854636,138.8155902085
2017,9,155.776595287537,159.000309824047
2017,10,143.306916329635,146.981310189776
2017,11,158.270102465898,163.960184554047
2017,12,146.381935400048,151.548800136647
2018,1,175.202106027918,174.992820750325
2018,2,124.854900280021,127.800882216367
2018,3,179.438300021771,176.209218695173
2018,4,163.520232525187,169.506914107472
2018,5,170.195667595635,169.224345933254
2018,6,163.377413639533,160.22399319739
2018,7,225.211224103614,231.613943014036
2018,8,170.79926314398,178.517814425495
2018,9,191.352205560252,200.886898352145
2018,10,211.929085118699,221.158961157669
2018,11,245.658912088368,260.247631854144
2018,12,217.810727976404,212.676799782994
2019,1,241.43860544587,238.209064436051
2019,2,172.617705346076,175.173169776209
2019,3,238.141036655995,245.932681418725
2019,4,189.14538547176,200.206123074275
2019,5,221.065895620614,232.594464583136
2019,6,317.283863211256,340.73814018723
2019,7,247.12883235987,253.995935043509
2019,8,288.150815578135,286.391747053289
2019,9,235.791966410523,246.373656136543
2019,10,200.755683019793,205.918997568589
2019,11,240.623155590568,253.897408765542
2019,12,230.805457061057,241.258848941958
2020,1,190.61937764179,196.144756809839
2020,2,194.830046554026,194.072223159532
2020,3,314.868122728456,305.980776601405
2020,4,325.601022531846,328.82458181549
2020,5,410.426214250071,412.210130226345
2020,6,306.663360788621,317.557039102425
2020,7,309.185990733403,299.051383793268
2020,8,285.987850130655,295.171870148669
2020,9,305.589211833198,318.430343606243
2020,10,302.8122753052,304.763374185833
2020,11,392.414506904478,408.416824780297
2020,12,299.135434028655,305.841715521689
2021,1,269.375413044619,277.352598600791
2021,2,193.157420717871,196.996768291605
2021,3,209.91187516623,216.629715000961
2021,4,192.2340414131,201.066332352422
2021,5,171.863944722072,176.71394861459
2021,6,169.305303385319,178.524624395575
2021,7,187.288970459617,185.824977835783
2021,8,198.815312619605,203.118030826038
2021,9,209.548357834327,214.67550973196
2021,10,185.598553926868,190.563602259038
2021,11,227.08432787018,228.073827094864
2021,12,255.069338001237,259.633681171997
2022,1,219.486110960313,227.186457396575
2022,2,174.484554340896,186.114444010193
2022,3,294.510923118177,298.174825293435
2022,4,266.920362618681,286.225707150502
2022,5,272.132914543853,282.193049833636
2022,6,244.53692430034,259.575406513381
2022,7,289.18853289114,297.90440343953
2022,8,233.456083272348,236.92628377098
2022,9,246.681960082087,250.968223636594
2022,10,262.278751874149,264.707288999648
2022,11,307.125400125669,318.583412034259
2022,12,237.003193611618,250.582531901701
2023,1,215.981239274285,224.937820488263
2023,2,238.725736132714,255.912739007424
2023,3,309.745178833857,328.571664883375
2023,4,252.875811414803,278.704716563858
2023,5,208.448073534334,207.183553060863
2023,6,219.521014427581,234.006031809935
2023,7,189.497111831159,198.339374723683
2023,8,173.037776895618,183.229715223669
2023,9,198.007990700442,207.79838513413
2023,10,188.224434080694,196.390906663706
2023,11,205.660016148033,217.317173096263
2023,12,219.864537093897,244.708714006885
2024,1,236.313409228726,256.674169174581
2024,2,165.132005473475,178.010552620817
2024,3,176.315615846419,183.484249132933
2024,4,168.595434059326,173.68634970634
2024,5,180.934060454147,185.516685813891
2024,6,171.620418440803,173.409784297379
2024,7,223.913464423367,237.217236466633
2024,8,189.062878692349,198.565254629123
2024,9,199.993143738465,207.447461289646
2024,10,202.374341256596,210.092485747817
2024,11,279.140365885094,275.942052829946
2024,12,323.007047396169,327.923291108347
2025,1,306.73629165479,304.562790839686
2025,2,329.090731021514,320.347280990876
2025,3,469.970603749057,457.591603939346
2025,4,621.412416893627,575.799354960561
2025,5,506.03074253622,471.634041096287
2025,6,365.757769942443,352.956748964504
2025,7,401.540709045132,382.141573445843
2025,8,338.626322586721,320.822199741126
2025,9,305.066835486829,290.693574969899
2025,10,397.845747916422,410.635593637116
2025,11,365.225064169846,369.862697149717
2025,12,332.576942665627,346.642588684446
2026,1,375.69576890694,368.855007535247
2026,2,350.959516881449,358.652828503655
2026,3,446.036868899645,464.466417038655
2026,4,342.222608816366,345.998970872439
2026,5,321.314493605154,318.139879773252
2026,6,278.230131566573,285.256879521927
,,,
"Citation: Davis, Steven J., 2016. “An Index of Global Economic Policy Uncertainty,” Macroeconomic Review, October.",,,
