Date,RIC,LSEG_Field,MOVE_Index
2020-01-01 00:00:00+00:00,.MOVE,TRDPRC_1,58.28
2020-01-02 00:00:00+00:00,.MOVE,TRDPRC_1,57.2
2020-01-03 00:00:00+00:00,.MOVE,TRDPRC_1,60.12
2020-01-06 00:00:00+00:00,.MOVE,TRDPRC_1,62.79
2020-01-07 00:00:00+00:00,.MOVE,TRDPRC_1,62.63
2020-01-08 00:00:00+00:00,.MOVE,TRDPRC_1,60.49
2020-01-09 00:00:00+00:00,.MOVE,TRDPRC_1,57.66
2020-01-10 00:00:00+00:00,.MOVE,TRDPRC_1,53.32
2020-01-13 00:00:00+00:00,.MOVE,TRDPRC_1,53.27
2020-01-14 00:00:00+00:00,.MOVE,TRDPRC_1,52.35
2020-01-15 00:00:00+00:00,.MOVE,TRDPRC_1,50.54
2020-01-16 00:00:00+00:00,.MOVE,TRDPRC_1,50.37
2020-01-17 00:00:00+00:00,.MOVE,TRDPRC_1,49.67
2020-01-20 00:00:00+00:00,.MOVE,TRDPRC_1,49.67
2020-01-21 00:00:00+00:00,.MOVE,TRDPRC_1,53.42
2020-01-22 00:00:00+00:00,.MOVE,TRDPRC_1,51.31
2020-01-23 00:00:00+00:00,.MOVE,TRDPRC_1,55.34
2020-01-24 00:00:00+00:00,.MOVE,TRDPRC_1,59.94
2020-01-27 00:00:00+00:00,.MOVE,TRDPRC_1,66.73
2020-01-28 00:00:00+00:00,.MOVE,TRDPRC_1,65.6
2020-01-29 00:00:00+00:00,.MOVE,TRDPRC_1,66.17
2020-01-30 00:00:00+00:00,.MOVE,TRDPRC_1,71.07
2020-01-31 00:00:00+00:00,.MOVE,TRDPRC_1,72.98
2020-02-03 00:00:00+00:00,.MOVE,TRDPRC_1,72.81
2020-02-04 00:00:00+00:00,.MOVE,TRDPRC_1,68.17
2020-02-05 00:00:00+00:00,.MOVE,TRDPRC_1,64.07
2020-02-06 00:00:00+00:00,.MOVE,TRDPRC_1,61.24
2020-02-07 00:00:00+00:00,.MOVE,TRDPRC_1,65.59
2020-02-10 00:00:00+00:00,.MOVE,TRDPRC_1,68.13
2020-02-11 00:00:00+00:00,.MOVE,TRDPRC_1,64.89
2020-02-12 00:00:00+00:00,.MOVE,TRDPRC_1,63.52
2020-02-13 00:00:00+00:00,.MOVE,TRDPRC_1,63.51
2020-02-14 00:00:00+00:00,.MOVE,TRDPRC_1,62.38
2020-02-18 00:00:00+00:00,.MOVE,TRDPRC_1,67.66
2020-02-19 00:00:00+00:00,.MOVE,TRDPRC_1,68.04
2020-02-20 00:00:00+00:00,.MOVE,TRDPRC_1,69.6
2020-02-21 00:00:00+00:00,.MOVE,TRDPRC_1,74.54
2020-02-24 00:00:00+00:00,.MOVE,TRDPRC_1,86.92
2020-02-25 00:00:00+00:00,.MOVE,TRDPRC_1,87.38
2020-02-26 00:00:00+00:00,.MOVE,TRDPRC_1,87.0
2020-02-27 00:00:00+00:00,.MOVE,TRDPRC_1,92.59
2020-02-28 00:00:00+00:00,.MOVE,TRDPRC_1,109.67
2020-03-02 00:00:00+00:00,.MOVE,TRDPRC_1,104.89
2020-03-03 00:00:00+00:00,.MOVE,TRDPRC_1,102.97
2020-03-04 00:00:00+00:00,.MOVE,TRDPRC_1,89.59
2020-03-05 00:00:00+00:00,.MOVE,TRDPRC_1,96.96
2020-03-06 00:00:00+00:00,.MOVE,TRDPRC_1,125.21
2020-03-09 00:00:00+00:00,.MOVE,TRDPRC_1,163.7
2020-03-10 00:00:00+00:00,.MOVE,TRDPRC_1,123.72
2020-03-11 00:00:00+00:00,.MOVE,TRDPRC_1,127.84
2020-03-12 00:00:00+00:00,.MOVE,TRDPRC_1,152.62
2020-03-13 00:00:00+00:00,.MOVE,TRDPRC_1,138.4
2020-03-16 00:00:00+00:00,.MOVE,TRDPRC_1,124.53
2020-03-17 00:00:00+00:00,.MOVE,TRDPRC_1,109.85
2020-03-18 00:00:00+00:00,.MOVE,TRDPRC_1,124.14
2020-03-19 00:00:00+00:00,.MOVE,TRDPRC_1,141.13
2020-03-20 00:00:00+00:00,.MOVE,TRDPRC_1,133.37
2020-03-23 00:00:00+00:00,.MOVE,TRDPRC_1,135.38
2020-03-24 00:00:00+00:00,.MOVE,TRDPRC_1,111.09
2020-03-25 00:00:00+00:00,.MOVE,TRDPRC_1,87.14
2020-03-26 00:00:00+00:00,.MOVE,TRDPRC_1,88.48
2020-03-27 00:00:00+00:00,.MOVE,TRDPRC_1,88.33
2020-03-30 00:00:00+00:00,.MOVE,TRDPRC_1,90.7
2020-03-31 00:00:00+00:00,.MOVE,TRDPRC_1,83.87
2020-04-01 00:00:00+00:00,.MOVE,TRDPRC_1,83.13
2020-04-02 00:00:00+00:00,.MOVE,TRDPRC_1,71.99
2020-04-03 00:00:00+00:00,.MOVE,TRDPRC_1,65.01
2020-04-06 00:00:00+00:00,.MOVE,TRDPRC_1,66.28
2020-04-07 00:00:00+00:00,.MOVE,TRDPRC_1,72.21
2020-04-08 00:00:00+00:00,.MOVE,TRDPRC_1,75.71
2020-04-09 00:00:00+00:00,.MOVE,TRDPRC_1,74.39
2020-04-13 00:00:00+00:00,.MOVE,TRDPRC_1,75.85
2020-04-14 00:00:00+00:00,.MOVE,TRDPRC_1,69.52
2020-04-15 00:00:00+00:00,.MOVE,TRDPRC_1,70.5
2020-04-16 00:00:00+00:00,.MOVE,TRDPRC_1,69.93
2020-04-17 00:00:00+00:00,.MOVE,TRDPRC_1,69.84
2020-04-20 00:00:00+00:00,.MOVE,TRDPRC_1,70.6
2020-04-21 00:00:00+00:00,.MOVE,TRDPRC_1,73.83
2020-04-22 00:00:00+00:00,.MOVE,TRDPRC_1,72.29
2020-04-23 00:00:00+00:00,.MOVE,TRDPRC_1,67.25
2020-04-24 00:00:00+00:00,.MOVE,TRDPRC_1,66.09
2020-04-27 00:00:00+00:00,.MOVE,TRDPRC_1,62.7
2020-04-28 00:00:00+00:00,.MOVE,TRDPRC_1,58.89
2020-04-29 00:00:00+00:00,.MOVE,TRDPRC_1,57.15
2020-04-30 00:00:00+00:00,.MOVE,TRDPRC_1,53.59
2020-05-01 00:00:00+00:00,.MOVE,TRDPRC_1,48.11
2020-05-04 00:00:00+00:00,.MOVE,TRDPRC_1,49.25
2020-05-05 00:00:00+00:00,.MOVE,TRDPRC_1,49.65
2020-05-06 00:00:00+00:00,.MOVE,TRDPRC_1,51.31
2020-05-07 00:00:00+00:00,.MOVE,TRDPRC_1,54.93
2020-05-08 00:00:00+00:00,.MOVE,TRDPRC_1,57.4
2020-05-11 00:00:00+00:00,.MOVE,TRDPRC_1,61.6
2020-05-12 00:00:00+00:00,.MOVE,TRDPRC_1,61.26
2020-05-13 00:00:00+00:00,.MOVE,TRDPRC_1,57.56
2020-05-14 00:00:00+00:00,.MOVE,TRDPRC_1,59.05
2020-05-15 00:00:00+00:00,.MOVE,TRDPRC_1,56.53
2020-05-18 00:00:00+00:00,.MOVE,TRDPRC_1,58.7
2020-05-19 00:00:00+00:00,.MOVE,TRDPRC_1,60.09
2020-05-20 00:00:00+00:00,.MOVE,TRDPRC_1,58.85
2020-05-21 00:00:00+00:00,.MOVE,TRDPRC_1,55.62
2020-05-22 00:00:00+00:00,.MOVE,TRDPRC_1,51.67
2020-05-25 00:00:00+00:00,.MOVE,TRDPRC_1,51.67
2020-05-26 00:00:00+00:00,.MOVE,TRDPRC_1,52.22
2020-05-27 00:00:00+00:00,.MOVE,TRDPRC_1,52.98
2020-05-28 00:00:00+00:00,.MOVE,TRDPRC_1,50.57
2020-05-29 00:00:00+00:00,.MOVE,TRDPRC_1,51.55
2020-06-01 00:00:00+00:00,.MOVE,TRDPRC_1,55.07
2020-06-02 00:00:00+00:00,.MOVE,TRDPRC_1,55.35
2020-06-03 00:00:00+00:00,.MOVE,TRDPRC_1,61.24
2020-06-04 00:00:00+00:00,.MOVE,TRDPRC_1,61.18
2020-06-05 00:00:00+00:00,.MOVE,TRDPRC_1,61.97
2020-06-08 00:00:00+00:00,.MOVE,TRDPRC_1,62.77
2020-06-09 00:00:00+00:00,.MOVE,TRDPRC_1,62.94
2020-06-10 00:00:00+00:00,.MOVE,TRDPRC_1,60.02
2020-06-11 00:00:00+00:00,.MOVE,TRDPRC_1,56.47
2020-06-12 00:00:00+00:00,.MOVE,TRDPRC_1,55.81
2020-06-15 00:00:00+00:00,.MOVE,TRDPRC_1,58.09
2020-06-16 00:00:00+00:00,.MOVE,TRDPRC_1,60.49
2020-06-17 00:00:00+00:00,.MOVE,TRDPRC_1,58.16
2020-06-18 00:00:00+00:00,.MOVE,TRDPRC_1,55.15
2020-06-19 00:00:00+00:00,.MOVE,TRDPRC_1,53.45
2020-06-22 00:00:00+00:00,.MOVE,TRDPRC_1,53.93
2020-06-23 00:00:00+00:00,.MOVE,TRDPRC_1,54.04
2020-06-24 00:00:00+00:00,.MOVE,TRDPRC_1,54.89
2020-06-25 00:00:00+00:00,.MOVE,TRDPRC_1,51.57
2020-06-26 00:00:00+00:00,.MOVE,TRDPRC_1,51.21
2020-06-29 00:00:00+00:00,.MOVE,TRDPRC_1,52.96
2020-06-30 00:00:00+00:00,.MOVE,TRDPRC_1,54.13
2020-07-01 00:00:00+00:00,.MOVE,TRDPRC_1,53.28
2020-07-02 00:00:00+00:00,.MOVE,TRDPRC_1,50.96
2020-07-06 00:00:00+00:00,.MOVE,TRDPRC_1,52.03
2020-07-07 00:00:00+00:00,.MOVE,TRDPRC_1,50.98
2020-07-08 00:00:00+00:00,.MOVE,TRDPRC_1,49.8
2020-07-09 00:00:00+00:00,.MOVE,TRDPRC_1,50.07
2020-07-10 00:00:00+00:00,.MOVE,TRDPRC_1,49.19
2020-07-13 00:00:00+00:00,.MOVE,TRDPRC_1,49.55
2020-07-14 00:00:00+00:00,.MOVE,TRDPRC_1,50.81
2020-07-15 00:00:00+00:00,.MOVE,TRDPRC_1,47.08
2020-07-16 00:00:00+00:00,.MOVE,TRDPRC_1,46.43
2020-07-17 00:00:00+00:00,.MOVE,TRDPRC_1,45.68
2020-07-20 00:00:00+00:00,.MOVE,TRDPRC_1,46.82
2020-07-21 00:00:00+00:00,.MOVE,TRDPRC_1,46.45
2020-07-22 00:00:00+00:00,.MOVE,TRDPRC_1,45.32
2020-07-23 00:00:00+00:00,.MOVE,TRDPRC_1,43.93
2020-07-24 00:00:00+00:00,.MOVE,TRDPRC_1,42.48
2020-07-27 00:00:00+00:00,.MOVE,TRDPRC_1,42.61
2020-07-28 00:00:00+00:00,.MOVE,TRDPRC_1,41.27
2020-07-29 00:00:00+00:00,.MOVE,TRDPRC_1,41.63
2020-07-30 00:00:00+00:00,.MOVE,TRDPRC_1,40.66
2020-07-31 00:00:00+00:00,.MOVE,TRDPRC_1,41.98
2020-08-03 00:00:00+00:00,.MOVE,TRDPRC_1,43.1345
2020-08-04 00:00:00+00:00,.MOVE,TRDPRC_1,44.1071
2020-08-05 00:00:00+00:00,.MOVE,TRDPRC_1,41.7507
2020-08-06 00:00:00+00:00,.MOVE,TRDPRC_1,42.6047
2020-08-07 00:00:00+00:00,.MOVE,TRDPRC_1,41.4622
2020-08-10 00:00:00+00:00,.MOVE,TRDPRC_1,42.213
2020-08-11 00:00:00+00:00,.MOVE,TRDPRC_1,45.2642
2020-08-12 00:00:00+00:00,.MOVE,TRDPRC_1,44.2282
2020-08-13 00:00:00+00:00,.MOVE,TRDPRC_1,45.0836
2020-08-14 00:00:00+00:00,.MOVE,TRDPRC_1,43.09
2020-08-17 00:00:00+00:00,.MOVE,TRDPRC_1,45.81
2020-08-18 00:00:00+00:00,.MOVE,TRDPRC_1,46.06
2020-08-19 00:00:00+00:00,.MOVE,TRDPRC_1,44.6
2020-08-20 00:00:00+00:00,.MOVE,TRDPRC_1,44.58
2020-08-21 00:00:00+00:00,.MOVE,TRDPRC_1,45.14
2020-08-24 00:00:00+00:00,.MOVE,TRDPRC_1,46.33
2020-08-25 00:00:00+00:00,.MOVE,TRDPRC_1,47.89
2020-08-26 00:00:00+00:00,.MOVE,TRDPRC_1,47.99
2020-08-27 00:00:00+00:00,.MOVE,TRDPRC_1,49.29
2020-08-28 00:00:00+00:00,.MOVE,TRDPRC_1,48.19
2020-08-31 00:00:00+00:00,.MOVE,TRDPRC_1,47.02
2020-09-01 00:00:00+00:00,.MOVE,TRDPRC_1,44.3
2020-09-02 00:00:00+00:00,.MOVE,TRDPRC_1,44.86
2020-09-03 00:00:00+00:00,.MOVE,TRDPRC_1,45.76
2020-09-04 00:00:00+00:00,.MOVE,TRDPRC_1,47.04
2020-09-08 00:00:00+00:00,.MOVE,TRDPRC_1,50.68
2020-09-09 00:00:00+00:00,.MOVE,TRDPRC_1,48.82
2020-09-10 00:00:00+00:00,.MOVE,TRDPRC_1,45.21
2020-09-11 00:00:00+00:00,.MOVE,TRDPRC_1,43.12
2020-09-14 00:00:00+00:00,.MOVE,TRDPRC_1,44.21
2020-09-15 00:00:00+00:00,.MOVE,TRDPRC_1,43.06
2020-09-16 00:00:00+00:00,.MOVE,TRDPRC_1,42.43
2020-09-17 00:00:00+00:00,.MOVE,TRDPRC_1,38.45
2020-09-18 00:00:00+00:00,.MOVE,TRDPRC_1,37.24
2020-09-21 00:00:00+00:00,.MOVE,TRDPRC_1,38.63
2020-09-22 00:00:00+00:00,.MOVE,TRDPRC_1,39.35
2020-09-23 00:00:00+00:00,.MOVE,TRDPRC_1,38.63
2020-09-24 00:00:00+00:00,.MOVE,TRDPRC_1,37.22
2020-09-25 00:00:00+00:00,.MOVE,TRDPRC_1,36.97
2020-09-28 00:00:00+00:00,.MOVE,TRDPRC_1,37.4
2020-09-29 00:00:00+00:00,.MOVE,TRDPRC_1,36.62
2020-09-30 00:00:00+00:00,.MOVE,TRDPRC_1,39.21
2020-10-01 00:00:00+00:00,.MOVE,TRDPRC_1,38.65
2020-10-02 00:00:00+00:00,.MOVE,TRDPRC_1,39.97
2020-10-05 00:00:00+00:00,.MOVE,TRDPRC_1,39.81
2020-10-06 00:00:00+00:00,.MOVE,TRDPRC_1,57.75
2020-10-07 00:00:00+00:00,.MOVE,TRDPRC_1,56.98
2020-10-08 00:00:00+00:00,.MOVE,TRDPRC_1,57.31
2020-10-09 00:00:00+00:00,.MOVE,TRDPRC_1,57.52
2020-10-13 00:00:00+00:00,.MOVE,TRDPRC_1,55.59
2020-10-14 00:00:00+00:00,.MOVE,TRDPRC_1,53.5
2020-10-15 00:00:00+00:00,.MOVE,TRDPRC_1,55.62
2020-10-16 00:00:00+00:00,.MOVE,TRDPRC_1,57.25
2020-10-19 00:00:00+00:00,.MOVE,TRDPRC_1,61.16
2020-10-20 00:00:00+00:00,.MOVE,TRDPRC_1,60.42
2020-10-21 00:00:00+00:00,.MOVE,TRDPRC_1,59.07
2020-10-22 00:00:00+00:00,.MOVE,TRDPRC_1,59.73
2020-10-23 00:00:00+00:00,.MOVE,TRDPRC_1,58.46
2020-10-26 00:00:00+00:00,.MOVE,TRDPRC_1,58.95
2020-10-27 00:00:00+00:00,.MOVE,TRDPRC_1,57.88
2020-10-28 00:00:00+00:00,.MOVE,TRDPRC_1,57.13
2020-10-29 00:00:00+00:00,.MOVE,TRDPRC_1,61.3
2020-10-30 00:00:00+00:00,.MOVE,TRDPRC_1,61.91
2020-11-02 00:00:00+00:00,.MOVE,TRDPRC_1,63.56
2020-11-03 00:00:00+00:00,.MOVE,TRDPRC_1,64.37
2020-11-04 00:00:00+00:00,.MOVE,TRDPRC_1,47.74
2020-11-05 00:00:00+00:00,.MOVE,TRDPRC_1,43.76
2020-11-06 00:00:00+00:00,.MOVE,TRDPRC_1,39.88
2020-11-09 00:00:00+00:00,.MOVE,TRDPRC_1,44.94
2020-11-10 00:00:00+00:00,.MOVE,TRDPRC_1,46.19
2020-11-12 00:00:00+00:00,.MOVE,TRDPRC_1,44.17
2020-11-13 00:00:00+00:00,.MOVE,TRDPRC_1,42.95
2020-11-16 00:00:00+00:00,.MOVE,TRDPRC_1,42.49
2020-11-17 00:00:00+00:00,.MOVE,TRDPRC_1,43.08
2020-11-18 00:00:00+00:00,.MOVE,TRDPRC_1,43.62
2020-11-19 00:00:00+00:00,.MOVE,TRDPRC_1,43.53
2020-11-20 00:00:00+00:00,.MOVE,TRDPRC_1,42.31
2020-11-23 00:00:00+00:00,.MOVE,TRDPRC_1,43.04
2020-11-24 00:00:00+00:00,.MOVE,TRDPRC_1,42.38
2020-11-25 00:00:00+00:00,.MOVE,TRDPRC_1,39.62
2020-11-27 00:00:00+00:00,.MOVE,TRDPRC_1,39.64
2020-11-30 00:00:00+00:00,.MOVE,TRDPRC_1,40.84
2020-12-01 00:00:00+00:00,.MOVE,TRDPRC_1,41.53
2020-12-02 00:00:00+00:00,.MOVE,TRDPRC_1,43.92
2020-12-03 00:00:00+00:00,.MOVE,TRDPRC_1,42.53
2020-12-04 00:00:00+00:00,.MOVE,TRDPRC_1,43.89
2020-12-07 00:00:00+00:00,.MOVE,TRDPRC_1,49.67
2020-12-08 00:00:00+00:00,.MOVE,TRDPRC_1,49.1
2020-12-09 00:00:00+00:00,.MOVE,TRDPRC_1,48.48
2020-12-10 00:00:00+00:00,.MOVE,TRDPRC_1,47.15
2020-12-11 00:00:00+00:00,.MOVE,TRDPRC_1,47.52
2020-12-14 00:00:00+00:00,.MOVE,TRDPRC_1,49.22
2020-12-15 00:00:00+00:00,.MOVE,TRDPRC_1,48.14
2020-12-16 00:00:00+00:00,.MOVE,TRDPRC_1,46.96
2020-12-17 00:00:00+00:00,.MOVE,TRDPRC_1,44.15
2020-12-18 00:00:00+00:00,.MOVE,TRDPRC_1,44.64
2020-12-21 00:00:00+00:00,.MOVE,TRDPRC_1,46.66
2020-12-22 00:00:00+00:00,.MOVE,TRDPRC_1,43.57
2020-12-23 00:00:00+00:00,.MOVE,TRDPRC_1,42.74
2020-12-24 00:00:00+00:00,.MOVE,TRDPRC_1,42.11
2020-12-28 00:00:00+00:00,.MOVE,TRDPRC_1,45.26
2020-12-29 00:00:00+00:00,.MOVE,TRDPRC_1,46.1
2020-12-30 00:00:00+00:00,.MOVE,TRDPRC_1,47.19
2020-12-31 00:00:00+00:00,.MOVE,TRDPRC_1,48.98
2021-01-04 00:00:00+00:00,.MOVE,TRDPRC_1,49.59
2021-01-05 00:00:00+00:00,.MOVE,TRDPRC_1,48.95
2021-01-06 00:00:00+00:00,.MOVE,TRDPRC_1,44.64
2021-01-07 00:00:00+00:00,.MOVE,TRDPRC_1,45.2
2021-01-08 00:00:00+00:00,.MOVE,TRDPRC_1,44.81
2021-01-11 00:00:00+00:00,.MOVE,TRDPRC_1,47.77
2021-01-12 00:00:00+00:00,.MOVE,TRDPRC_1,50.12
2021-01-13 00:00:00+00:00,.MOVE,TRDPRC_1,45.6
2021-01-14 00:00:00+00:00,.MOVE,TRDPRC_1,46.23
2021-01-15 00:00:00+00:00,.MOVE,TRDPRC_1,45.14
2021-01-19 00:00:00+00:00,.MOVE,TRDPRC_1,45.23
2021-01-20 00:00:00+00:00,.MOVE,TRDPRC_1,42.53
2021-01-21 00:00:00+00:00,.MOVE,TRDPRC_1,43.01
2021-01-22 00:00:00+00:00,.MOVE,TRDPRC_1,43.09
2021-01-25 00:00:00+00:00,.MOVE,TRDPRC_1,43.08
2021-01-26 00:00:00+00:00,.MOVE,TRDPRC_1,43.14
2021-01-27 00:00:00+00:00,.MOVE,TRDPRC_1,44.16
2021-01-28 00:00:00+00:00,.MOVE,TRDPRC_1,45.53
2021-01-29 00:00:00+00:00,.MOVE,TRDPRC_1,47.41
2021-02-01 00:00:00+00:00,.MOVE,TRDPRC_1,46.28
2021-02-02 00:00:00+00:00,.MOVE,TRDPRC_1,45.91
2021-02-03 00:00:00+00:00,.MOVE,TRDPRC_1,46.93
2021-02-04 00:00:00+00:00,.MOVE,TRDPRC_1,47.25
2021-02-05 00:00:00+00:00,.MOVE,TRDPRC_1,47.2
2021-02-08 00:00:00+00:00,.MOVE,TRDPRC_1,48.45
2021-02-09 00:00:00+00:00,.MOVE,TRDPRC_1,46.75
2021-02-10 00:00:00+00:00,.MOVE,TRDPRC_1,46.27
2021-02-11 00:00:00+00:00,.MOVE,TRDPRC_1,45.95
2021-02-12 00:00:00+00:00,.MOVE,TRDPRC_1,47.01
2021-02-16 00:00:00+00:00,.MOVE,TRDPRC_1,56.78
2021-02-17 00:00:00+00:00,.MOVE,TRDPRC_1,55.97
2021-02-18 00:00:00+00:00,.MOVE,TRDPRC_1,56.12
2021-02-19 00:00:00+00:00,.MOVE,TRDPRC_1,60.43
2021-02-22 00:00:00+00:00,.MOVE,TRDPRC_1,62.42
2021-02-23 00:00:00+00:00,.MOVE,TRDPRC_1,61.73
2021-02-24 00:00:00+00:00,.MOVE,TRDPRC_1,61.92
2021-02-25 00:00:00+00:00,.MOVE,TRDPRC_1,74.16
2021-02-26 00:00:00+00:00,.MOVE,TRDPRC_1,75.66
2021-03-01 00:00:00+00:00,.MOVE,TRDPRC_1,68.73
2021-03-02 00:00:00+00:00,.MOVE,TRDPRC_1,57.7
2021-03-03 00:00:00+00:00,.MOVE,TRDPRC_1,65.83
2021-03-04 00:00:00+00:00,.MOVE,TRDPRC_1,68.13
2021-03-05 00:00:00+00:00,.MOVE,TRDPRC_1,69.37
2021-03-08 00:00:00+00:00,.MOVE,TRDPRC_1,71.65
2021-03-09 00:00:00+00:00,.MOVE,TRDPRC_1,67.44
2021-03-10 00:00:00+00:00,.MOVE,TRDPRC_1,63.19
2021-03-11 00:00:00+00:00,.MOVE,TRDPRC_1,63.9
2021-03-12 00:00:00+00:00,.MOVE,TRDPRC_1,70.83
2021-03-15 00:00:00+00:00,.MOVE,TRDPRC_1,70.79
2021-03-16 00:00:00+00:00,.MOVE,TRDPRC_1,70.81
2021-03-17 00:00:00+00:00,.MOVE,TRDPRC_1,66.75
2021-03-18 00:00:00+00:00,.MOVE,TRDPRC_1,70.48
2021-03-19 00:00:00+00:00,.MOVE,TRDPRC_1,68.8
2021-03-22 00:00:00+00:00,.MOVE,TRDPRC_1,67.62
2021-03-23 00:00:00+00:00,.MOVE,TRDPRC_1,60.77
2021-03-24 00:00:00+00:00,.MOVE,TRDPRC_1,60.71
2021-03-25 00:00:00+00:00,.MOVE,TRDPRC_1,59.54
2021-03-26 00:00:00+00:00,.MOVE,TRDPRC_1,61.49
2021-03-29 00:00:00+00:00,.MOVE,TRDPRC_1,65.96
2021-03-30 00:00:00+00:00,.MOVE,TRDPRC_1,67.44
2021-03-31 00:00:00+00:00,.MOVE,TRDPRC_1,71.27
2021-04-01 00:00:00+00:00,.MOVE,TRDPRC_1,64.99
2021-04-02 00:00:00+00:00,.MOVE,TRDPRC_1,63.71
2021-04-05 00:00:00+00:00,.MOVE,TRDPRC_1,61.79
2021-04-06 00:00:00+00:00,.MOVE,TRDPRC_1,60.29
2021-04-07 00:00:00+00:00,.MOVE,TRDPRC_1,62.54
2021-04-08 00:00:00+00:00,.MOVE,TRDPRC_1,60.08
2021-04-09 00:00:00+00:00,.MOVE,TRDPRC_1,61.21
2021-04-12 00:00:00+00:00,.MOVE,TRDPRC_1,63.5
2021-04-13 00:00:00+00:00,.MOVE,TRDPRC_1,61.2
2021-04-14 00:00:00+00:00,.MOVE,TRDPRC_1,60.08
2021-04-15 00:00:00+00:00,.MOVE,TRDPRC_1,59.05
2021-04-16 00:00:00+00:00,.MOVE,TRDPRC_1,62.57
2021-04-19 00:00:00+00:00,.MOVE,TRDPRC_1,63.96
2021-04-20 00:00:00+00:00,.MOVE,TRDPRC_1,64.35
2021-04-21 00:00:00+00:00,.MOVE,TRDPRC_1,62.27
2021-04-22 00:00:00+00:00,.MOVE,TRDPRC_1,59.62
2021-04-23 00:00:00+00:00,.MOVE,TRDPRC_1,59.98
2021-04-26 00:00:00+00:00,.MOVE,TRDPRC_1,60.98
2021-04-27 00:00:00+00:00,.MOVE,TRDPRC_1,60.15
2021-04-28 00:00:00+00:00,.MOVE,TRDPRC_1,60.31
2021-04-29 00:00:00+00:00,.MOVE,TRDPRC_1,59.02
2021-04-30 00:00:00+00:00,.MOVE,TRDPRC_1,58.13
2021-05-03 00:00:00+00:00,.MOVE,TRDPRC_1,57.33
2021-05-04 00:00:00+00:00,.MOVE,TRDPRC_1,58.51
2021-05-05 00:00:00+00:00,.MOVE,TRDPRC_1,56.93
2021-05-06 00:00:00+00:00,.MOVE,TRDPRC_1,57.75
2021-05-07 00:00:00+00:00,.MOVE,TRDPRC_1,54.13
2021-05-10 00:00:00+00:00,.MOVE,TRDPRC_1,55.48
2021-05-11 00:00:00+00:00,.MOVE,TRDPRC_1,58.01
2021-05-12 00:00:00+00:00,.MOVE,TRDPRC_1,58.47
2021-05-13 00:00:00+00:00,.MOVE,TRDPRC_1,56.59
2021-05-14 00:00:00+00:00,.MOVE,TRDPRC_1,54.99
2021-05-17 00:00:00+00:00,.MOVE,TRDPRC_1,58.59
2021-05-18 00:00:00+00:00,.MOVE,TRDPRC_1,57.18
2021-05-19 00:00:00+00:00,.MOVE,TRDPRC_1,57.31
2021-05-20 00:00:00+00:00,.MOVE,TRDPRC_1,55.04
2021-05-21 00:00:00+00:00,.MOVE,TRDPRC_1,54.59
2021-05-24 00:00:00+00:00,.MOVE,TRDPRC_1,54.94
2021-05-25 00:00:00+00:00,.MOVE,TRDPRC_1,53.72
2021-05-26 00:00:00+00:00,.MOVE,TRDPRC_1,52.82
2021-05-27 00:00:00+00:00,.MOVE,TRDPRC_1,53.47
2021-05-28 00:00:00+00:00,.MOVE,TRDPRC_1,52.04
2021-06-01 00:00:00+00:00,.MOVE,TRDPRC_1,54.99
2021-06-02 00:00:00+00:00,.MOVE,TRDPRC_1,55.21
2021-06-03 00:00:00+00:00,.MOVE,TRDPRC_1,53.96
2021-06-04 00:00:00+00:00,.MOVE,TRDPRC_1,49.78
2021-06-07 00:00:00+00:00,.MOVE,TRDPRC_1,49.55
2021-06-08 00:00:00+00:00,.MOVE,TRDPRC_1,49.93
2021-06-09 00:00:00+00:00,.MOVE,TRDPRC_1,52.84
2021-06-10 00:00:00+00:00,.MOVE,TRDPRC_1,48.26
2021-06-11 00:00:00+00:00,.MOVE,TRDPRC_1,50.85
2021-06-14 00:00:00+00:00,.MOVE,TRDPRC_1,54.03
2021-06-15 00:00:00+00:00,.MOVE,TRDPRC_1,52.92
2021-06-16 00:00:00+00:00,.MOVE,TRDPRC_1,54.28
2021-06-17 00:00:00+00:00,.MOVE,TRDPRC_1,54.91
2021-06-18 00:00:00+00:00,.MOVE,TRDPRC_1,60.45
2021-06-21 00:00:00+00:00,.MOVE,TRDPRC_1,61.86
2021-06-22 00:00:00+00:00,.MOVE,TRDPRC_1,58.64
2021-06-23 00:00:00+00:00,.MOVE,TRDPRC_1,55.6
2021-06-24 00:00:00+00:00,.MOVE,TRDPRC_1,54.83
2021-06-25 00:00:00+00:00,.MOVE,TRDPRC_1,55.58
2021-06-28 00:00:00+00:00,.MOVE,TRDPRC_1,56.33
2021-06-29 00:00:00+00:00,.MOVE,TRDPRC_1,56.8
2021-06-30 00:00:00+00:00,.MOVE,TRDPRC_1,57.27
2021-07-01 00:00:00+00:00,.MOVE,TRDPRC_1,57.52
2021-07-02 00:00:00+00:00,.MOVE,TRDPRC_1,52.41
2021-07-06 00:00:00+00:00,.MOVE,TRDPRC_1,56.55
2021-07-07 00:00:00+00:00,.MOVE,TRDPRC_1,60.65
2021-07-08 00:00:00+00:00,.MOVE,TRDPRC_1,61.68
2021-07-09 00:00:00+00:00,.MOVE,TRDPRC_1,59.92
2021-07-12 00:00:00+00:00,.MOVE,TRDPRC_1,60.78
2021-07-13 00:00:00+00:00,.MOVE,TRDPRC_1,60.8
2021-07-14 00:00:00+00:00,.MOVE,TRDPRC_1,57.31
2021-07-15 00:00:00+00:00,.MOVE,TRDPRC_1,56.98
2021-07-16 00:00:00+00:00,.MOVE,TRDPRC_1,58.24
2021-07-19 00:00:00+00:00,.MOVE,TRDPRC_1,67.58
2021-07-20 00:00:00+00:00,.MOVE,TRDPRC_1,69.31
2021-07-21 00:00:00+00:00,.MOVE,TRDPRC_1,65.28
2021-07-22 00:00:00+00:00,.MOVE,TRDPRC_1,64.96
2021-07-23 00:00:00+00:00,.MOVE,TRDPRC_1,65.28
2021-07-26 00:00:00+00:00,.MOVE,TRDPRC_1,69.03
2021-07-27 00:00:00+00:00,.MOVE,TRDPRC_1,70.07
2021-07-28 00:00:00+00:00,.MOVE,TRDPRC_1,62.4
2021-07-29 00:00:00+00:00,.MOVE,TRDPRC_1,62.08
2021-07-30 00:00:00+00:00,.MOVE,TRDPRC_1,61.19
2021-08-02 00:00:00+00:00,.MOVE,TRDPRC_1,64.29
2021-08-03 00:00:00+00:00,.MOVE,TRDPRC_1,65.42
2021-08-04 00:00:00+00:00,.MOVE,TRDPRC_1,62.67
2021-08-05 00:00:00+00:00,.MOVE,TRDPRC_1,63.57
2021-08-06 00:00:00+00:00,.MOVE,TRDPRC_1,62.64
2021-08-09 00:00:00+00:00,.MOVE,TRDPRC_1,65.72
2021-08-10 00:00:00+00:00,.MOVE,TRDPRC_1,66.55
2021-08-11 00:00:00+00:00,.MOVE,TRDPRC_1,60.66
2021-08-12 00:00:00+00:00,.MOVE,TRDPRC_1,57.39
2021-08-13 00:00:00+00:00,.MOVE,TRDPRC_1,55.45
2021-08-16 00:00:00+00:00,.MOVE,TRDPRC_1,59.4
2021-08-17 00:00:00+00:00,.MOVE,TRDPRC_1,60.28
2021-08-18 00:00:00+00:00,.MOVE,TRDPRC_1,58.05
2021-08-19 00:00:00+00:00,.MOVE,TRDPRC_1,59.38
2021-08-20 00:00:00+00:00,.MOVE,TRDPRC_1,59.95
2021-08-23 00:00:00+00:00,.MOVE,TRDPRC_1,62.23
2021-08-24 00:00:00+00:00,.MOVE,TRDPRC_1,63.03
2021-08-25 00:00:00+00:00,.MOVE,TRDPRC_1,64.51
2021-08-26 00:00:00+00:00,.MOVE,TRDPRC_1,63.41
2021-08-27 00:00:00+00:00,.MOVE,TRDPRC_1,57.98
2021-08-30 00:00:00+00:00,.MOVE,TRDPRC_1,60.14
2021-08-31 00:00:00+00:00,.MOVE,TRDPRC_1,59.54
2021-09-01 00:00:00+00:00,.MOVE,TRDPRC_1,58.09
2021-09-02 00:00:00+00:00,.MOVE,TRDPRC_1,55.8
2021-09-03 00:00:00+00:00,.MOVE,TRDPRC_1,53.26
2021-09-07 00:00:00+00:00,.MOVE,TRDPRC_1,57.05
2021-09-08 00:00:00+00:00,.MOVE,TRDPRC_1,57.02
2021-09-09 00:00:00+00:00,.MOVE,TRDPRC_1,52.61
2021-09-10 00:00:00+00:00,.MOVE,TRDPRC_1,51.73
2021-09-13 00:00:00+00:00,.MOVE,TRDPRC_1,53.1
2021-09-14 00:00:00+00:00,.MOVE,TRDPRC_1,51.73
2021-09-15 00:00:00+00:00,.MOVE,TRDPRC_1,53.93
2021-09-16 00:00:00+00:00,.MOVE,TRDPRC_1,53.7
2021-09-17 00:00:00+00:00,.MOVE,TRDPRC_1,56.06
2021-09-20 00:00:00+00:00,.MOVE,TRDPRC_1,59.58
2021-09-21 00:00:00+00:00,.MOVE,TRDPRC_1,59.2
2021-09-22 00:00:00+00:00,.MOVE,TRDPRC_1,55.92
2021-09-23 00:00:00+00:00,.MOVE,TRDPRC_1,56.79
2021-09-24 00:00:00+00:00,.MOVE,TRDPRC_1,58.46
2021-09-27 00:00:00+00:00,.MOVE,TRDPRC_1,60.5
2021-09-28 00:00:00+00:00,.MOVE,TRDPRC_1,62.71
2021-09-29 00:00:00+00:00,.MOVE,TRDPRC_1,61.21
2021-09-30 00:00:00+00:00,.MOVE,TRDPRC_1,61.07
2021-10-01 00:00:00+00:00,.MOVE,TRDPRC_1,57.38
2021-10-04 00:00:00+00:00,.MOVE,TRDPRC_1,60.61
2021-10-05 00:00:00+00:00,.MOVE,TRDPRC_1,62.83
2021-10-06 00:00:00+00:00,.MOVE,TRDPRC_1,60.65
2021-10-07 00:00:00+00:00,.MOVE,TRDPRC_1,60.91
2021-10-08 00:00:00+00:00,.MOVE,TRDPRC_1,59.65
2021-10-12 00:00:00+00:00,.MOVE,TRDPRC_1,62.95
2021-10-13 00:00:00+00:00,.MOVE,TRDPRC_1,60.84
2021-10-14 00:00:00+00:00,.MOVE,TRDPRC_1,59.35
2021-10-15 00:00:00+00:00,.MOVE,TRDPRC_1,62.7
2021-10-18 00:00:00+00:00,.MOVE,TRDPRC_1,70.77
2021-10-19 00:00:00+00:00,.MOVE,TRDPRC_1,68.25
2021-10-20 00:00:00+00:00,.MOVE,TRDPRC_1,65.47
2021-10-21 00:00:00+00:00,.MOVE,TRDPRC_1,69.42
2021-10-22 00:00:00+00:00,.MOVE,TRDPRC_1,72.04
2021-10-25 00:00:00+00:00,.MOVE,TRDPRC_1,68.96
2021-10-26 00:00:00+00:00,.MOVE,TRDPRC_1,66.7
2021-10-27 00:00:00+00:00,.MOVE,TRDPRC_1,70.06
2021-10-28 00:00:00+00:00,.MOVE,TRDPRC_1,71.96
2021-10-29 00:00:00+00:00,.MOVE,TRDPRC_1,75.45
2021-11-01 00:00:00+00:00,.MOVE,TRDPRC_1,78.34
2021-11-02 00:00:00+00:00,.MOVE,TRDPRC_1,71.04
2021-11-03 00:00:00+00:00,.MOVE,TRDPRC_1,71.22
2021-11-04 00:00:00+00:00,.MOVE,TRDPRC_1,64.61
2021-11-05 00:00:00+00:00,.MOVE,TRDPRC_1,66.9
2021-11-08 00:00:00+00:00,.MOVE,TRDPRC_1,70.97
2021-11-09 00:00:00+00:00,.MOVE,TRDPRC_1,73.02
2021-11-10 00:00:00+00:00,.MOVE,TRDPRC_1,78.31
2021-11-12 00:00:00+00:00,.MOVE,TRDPRC_1,78.61
2021-11-15 00:00:00+00:00,.MOVE,TRDPRC_1,81.59
2021-11-16 00:00:00+00:00,.MOVE,TRDPRC_1,81.58
2021-11-17 00:00:00+00:00,.MOVE,TRDPRC_1,81.58
2021-11-18 00:00:00+00:00,.MOVE,TRDPRC_1,74.51
2021-11-19 00:00:00+00:00,.MOVE,TRDPRC_1,73.39
2021-11-22 00:00:00+00:00,.MOVE,TRDPRC_1,79.21
2021-11-23 00:00:00+00:00,.MOVE,TRDPRC_1,80.57
2021-11-24 00:00:00+00:00,.MOVE,TRDPRC_1,83.15
2021-11-26 00:00:00+00:00,.MOVE,TRDPRC_1,89.45
2021-11-29 00:00:00+00:00,.MOVE,TRDPRC_1,89.41
2021-11-30 00:00:00+00:00,.MOVE,TRDPRC_1,84.04
2021-12-01 00:00:00+00:00,.MOVE,TRDPRC_1,82.97
2021-12-02 00:00:00+00:00,.MOVE,TRDPRC_1,82.55
2021-12-03 00:00:00+00:00,.MOVE,TRDPRC_1,79.14
2021-12-06 00:00:00+00:00,.MOVE,TRDPRC_1,87.89
2021-12-07 00:00:00+00:00,.MOVE,TRDPRC_1,88.14
2021-12-08 00:00:00+00:00,.MOVE,TRDPRC_1,80.29
2021-12-09 00:00:00+00:00,.MOVE,TRDPRC_1,79.54
2021-12-10 00:00:00+00:00,.MOVE,TRDPRC_1,74.36
2021-12-13 00:00:00+00:00,.MOVE,TRDPRC_1,76.41
2021-12-14 00:00:00+00:00,.MOVE,TRDPRC_1,78.98
2021-12-15 00:00:00+00:00,.MOVE,TRDPRC_1,74.06
2021-12-16 00:00:00+00:00,.MOVE,TRDPRC_1,69.1
2021-12-17 00:00:00+00:00,.MOVE,TRDPRC_1,72.46
2021-12-20 00:00:00+00:00,.MOVE,TRDPRC_1,77.02
2021-12-21 00:00:00+00:00,.MOVE,TRDPRC_1,79.52
2021-12-22 00:00:00+00:00,.MOVE,TRDPRC_1,76.85
2021-12-23 00:00:00+00:00,.MOVE,TRDPRC_1,77.29
2021-12-27 00:00:00+00:00,.MOVE,TRDPRC_1,80.12
2021-12-28 00:00:00+00:00,.MOVE,TRDPRC_1,77.52
2021-12-29 00:00:00+00:00,.MOVE,TRDPRC_1,78.0
2021-12-30 00:00:00+00:00,.MOVE,TRDPRC_1,77.62
2021-12-31 00:00:00+00:00,.MOVE,TRDPRC_1,77.1
2022-01-03 00:00:00+00:00,.MOVE,TRDPRC_1,84.08
2022-01-04 00:00:00+00:00,.MOVE,TRDPRC_1,83.11
2022-01-05 00:00:00+00:00,.MOVE,TRDPRC_1,78.68
2022-01-06 00:00:00+00:00,.MOVE,TRDPRC_1,77.73
2022-01-07 00:00:00+00:00,.MOVE,TRDPRC_1,74.69
2022-01-10 00:00:00+00:00,.MOVE,TRDPRC_1,78.12
2022-01-11 00:00:00+00:00,.MOVE,TRDPRC_1,77.85
2022-01-12 00:00:00+00:00,.MOVE,TRDPRC_1,74.55
2022-01-13 00:00:00+00:00,.MOVE,TRDPRC_1,72.57
2022-01-14 00:00:00+00:00,.MOVE,TRDPRC_1,76.59
2022-01-18 00:00:00+00:00,.MOVE,TRDPRC_1,84.63
2022-01-19 00:00:00+00:00,.MOVE,TRDPRC_1,80.14
2022-01-20 00:00:00+00:00,.MOVE,TRDPRC_1,80.96
2022-01-21 00:00:00+00:00,.MOVE,TRDPRC_1,81.03
2022-01-24 00:00:00+00:00,.MOVE,TRDPRC_1,83.77
2022-01-25 00:00:00+00:00,.MOVE,TRDPRC_1,84.57
2022-01-26 00:00:00+00:00,.MOVE,TRDPRC_1,85.75
2022-01-27 00:00:00+00:00,.MOVE,TRDPRC_1,85.62
2022-01-28 00:00:00+00:00,.MOVE,TRDPRC_1,85.29
2022-01-31 00:00:00+00:00,.MOVE,TRDPRC_1,85.14
2022-02-01 00:00:00+00:00,.MOVE,TRDPRC_1,85.22
2022-02-02 00:00:00+00:00,.MOVE,TRDPRC_1,84.85
2022-02-03 00:00:00+00:00,.MOVE,TRDPRC_1,85.74
2022-02-04 00:00:00+00:00,.MOVE,TRDPRC_1,87.68
2022-02-07 00:00:00+00:00,.MOVE,TRDPRC_1,87.44
2022-02-08 00:00:00+00:00,.MOVE,TRDPRC_1,82.72
2022-02-09 00:00:00+00:00,.MOVE,TRDPRC_1,81.76
2022-02-10 00:00:00+00:00,.MOVE,TRDPRC_1,88.52
2022-02-11 00:00:00+00:00,.MOVE,TRDPRC_1,94.03
2022-02-14 00:00:00+00:00,.MOVE,TRDPRC_1,102.28
2022-02-15 00:00:00+00:00,.MOVE,TRDPRC_1,94.0
2022-02-16 00:00:00+00:00,.MOVE,TRDPRC_1,92.74
2022-02-17 00:00:00+00:00,.MOVE,TRDPRC_1,96.17
2022-02-18 00:00:00+00:00,.MOVE,TRDPRC_1,94.36
2022-02-22 00:00:00+00:00,.MOVE,TRDPRC_1,95.54
2022-02-23 00:00:00+00:00,.MOVE,TRDPRC_1,95.15
2022-02-24 00:00:00+00:00,.MOVE,TRDPRC_1,100.75
2022-02-25 00:00:00+00:00,.MOVE,TRDPRC_1,93.34
2022-02-28 00:00:00+00:00,.MOVE,TRDPRC_1,100.4
2022-03-01 00:00:00+00:00,.MOVE,TRDPRC_1,118.26
2022-03-02 00:00:00+00:00,.MOVE,TRDPRC_1,110.28
2022-03-03 00:00:00+00:00,.MOVE,TRDPRC_1,115.18
2022-03-04 00:00:00+00:00,.MOVE,TRDPRC_1,131.82
2022-03-07 00:00:00+00:00,.MOVE,TRDPRC_1,140.03
2022-03-08 00:00:00+00:00,.MOVE,TRDPRC_1,133.37
2022-03-09 00:00:00+00:00,.MOVE,TRDPRC_1,110.9
2022-03-10 00:00:00+00:00,.MOVE,TRDPRC_1,105.31
2022-03-11 00:00:00+00:00,.MOVE,TRDPRC_1,99.03
2022-03-14 00:00:00+00:00,.MOVE,TRDPRC_1,105.08
2022-03-15 00:00:00+00:00,.MOVE,TRDPRC_1,101.03
2022-03-16 00:00:00+00:00,.MOVE,TRDPRC_1,100.57
2022-03-17 00:00:00+00:00,.MOVE,TRDPRC_1,91.76
2022-03-18 00:00:00+00:00,.MOVE,TRDPRC_1,91.77
2022-03-21 00:00:00+00:00,.MOVE,TRDPRC_1,101.94
2022-03-22 00:00:00+00:00,.MOVE,TRDPRC_1,105.38
2022-03-23 00:00:00+00:00,.MOVE,TRDPRC_1,105.72
2022-03-24 00:00:00+00:00,.MOVE,TRDPRC_1,113.14
2022-03-25 00:00:00+00:00,.MOVE,TRDPRC_1,125.27
2022-03-28 00:00:00+00:00,.MOVE,TRDPRC_1,129.28
2022-03-29 00:00:00+00:00,.MOVE,TRDPRC_1,117.92
2022-03-30 00:00:00+00:00,.MOVE,TRDPRC_1,112.98
2022-03-31 00:00:00+00:00,.MOVE,TRDPRC_1,106.88
2022-04-01 00:00:00+00:00,.MOVE,TRDPRC_1,108.34
2022-04-04 00:00:00+00:00,.MOVE,TRDPRC_1,108.37
2022-04-05 00:00:00+00:00,.MOVE,TRDPRC_1,116.37
2022-04-06 00:00:00+00:00,.MOVE,TRDPRC_1,123.92
2022-04-07 00:00:00+00:00,.MOVE,TRDPRC_1,122.67
2022-04-08 00:00:00+00:00,.MOVE,TRDPRC_1,124.86
2022-04-11 00:00:00+00:00,.MOVE,TRDPRC_1,129.87
2022-04-12 00:00:00+00:00,.MOVE,TRDPRC_1,117.79
2022-04-13 00:00:00+00:00,.MOVE,TRDPRC_1,116.33
2022-04-14 00:00:00+00:00,.MOVE,TRDPRC_1,119.66
2022-04-18 00:00:00+00:00,.MOVE,TRDPRC_1,122.32
2022-04-19 00:00:00+00:00,.MOVE,TRDPRC_1,122.74
2022-04-20 00:00:00+00:00,.MOVE,TRDPRC_1,125.12
2022-04-21 00:00:00+00:00,.MOVE,TRDPRC_1,130.69
2022-04-22 00:00:00+00:00,.MOVE,TRDPRC_1,128.12
2022-04-25 00:00:00+00:00,.MOVE,TRDPRC_1,131.63
2022-04-26 00:00:00+00:00,.MOVE,TRDPRC_1,129.27
2022-04-27 00:00:00+00:00,.MOVE,TRDPRC_1,130.11
2022-04-28 00:00:00+00:00,.MOVE,TRDPRC_1,128.74
2022-04-29 00:00:00+00:00,.MOVE,TRDPRC_1,128.4
2022-05-02 00:00:00+00:00,.MOVE,TRDPRC_1,135.17
2022-05-03 00:00:00+00:00,.MOVE,TRDPRC_1,126.46
2022-05-04 00:00:00+00:00,.MOVE,TRDPRC_1,121.99
2022-05-05 00:00:00+00:00,.MOVE,TRDPRC_1,122.72
2022-05-06 00:00:00+00:00,.MOVE,TRDPRC_1,121.42
2022-05-09 00:00:00+00:00,.MOVE,TRDPRC_1,125.22
2022-05-10 00:00:00+00:00,.MOVE,TRDPRC_1,126.76
2022-05-11 00:00:00+00:00,.MOVE,TRDPRC_1,118.05
2022-05-12 00:00:00+00:00,.MOVE,TRDPRC_1,118.73
2022-05-13 00:00:00+00:00,.MOVE,TRDPRC_1,114.61
2022-05-16 00:00:00+00:00,.MOVE,TRDPRC_1,117.95
2022-05-17 00:00:00+00:00,.MOVE,TRDPRC_1,119.46
2022-05-18 00:00:00+00:00,.MOVE,TRDPRC_1,114.86
2022-05-19 00:00:00+00:00,.MOVE,TRDPRC_1,115.05
2022-05-20 00:00:00+00:00,.MOVE,TRDPRC_1,111.1
2022-05-23 00:00:00+00:00,.MOVE,TRDPRC_1,110.19
2022-05-24 00:00:00+00:00,.MOVE,TRDPRC_1,111.15
2022-05-25 00:00:00+00:00,.MOVE,TRDPRC_1,105.69
2022-05-26 00:00:00+00:00,.MOVE,TRDPRC_1,102.49
2022-05-27 00:00:00+00:00,.MOVE,TRDPRC_1,98.48
2022-05-31 00:00:00+00:00,.MOVE,TRDPRC_1,107.12
2022-06-01 00:00:00+00:00,.MOVE,TRDPRC_1,109.38
2022-06-02 00:00:00+00:00,.MOVE,TRDPRC_1,99.27
2022-06-03 00:00:00+00:00,.MOVE,TRDPRC_1,97.73
2022-06-06 00:00:00+00:00,.MOVE,TRDPRC_1,102.26
2022-06-07 00:00:00+00:00,.MOVE,TRDPRC_1,102.61
2022-06-08 00:00:00+00:00,.MOVE,TRDPRC_1,105.29
2022-06-09 00:00:00+00:00,.MOVE,TRDPRC_1,105.29
2022-06-10 00:00:00+00:00,.MOVE,TRDPRC_1,114.23
2022-06-13 00:00:00+00:00,.MOVE,TRDPRC_1,139.21
2022-06-14 00:00:00+00:00,.MOVE,TRDPRC_1,144.09
2022-06-15 00:00:00+00:00,.MOVE,TRDPRC_1,135.93
2022-06-16 00:00:00+00:00,.MOVE,TRDPRC_1,138.1
2022-06-17 00:00:00+00:00,.MOVE,TRDPRC_1,133.75
2022-06-21 00:00:00+00:00,.MOVE,TRDPRC_1,138.91
2022-06-22 00:00:00+00:00,.MOVE,TRDPRC_1,129.94
2022-06-23 00:00:00+00:00,.MOVE,TRDPRC_1,125.98
2022-06-24 00:00:00+00:00,.MOVE,TRDPRC_1,127.0
2022-06-27 00:00:00+00:00,.MOVE,TRDPRC_1,133.22
2022-06-28 00:00:00+00:00,.MOVE,TRDPRC_1,135.22
2022-06-29 00:00:00+00:00,.MOVE,TRDPRC_1,130.43
2022-06-30 00:00:00+00:00,.MOVE,TRDPRC_1,135.5
2022-07-01 00:00:00+00:00,.MOVE,TRDPRC_1,144.17
2022-07-05 00:00:00+00:00,.MOVE,TRDPRC_1,156.16
2022-07-06 00:00:00+00:00,.MOVE,TRDPRC_1,151.14
2022-07-07 00:00:00+00:00,.MOVE,TRDPRC_1,149.71
2022-07-08 00:00:00+00:00,.MOVE,TRDPRC_1,145.25
2022-07-11 00:00:00+00:00,.MOVE,TRDPRC_1,147.72
2022-07-12 00:00:00+00:00,.MOVE,TRDPRC_1,148.11
2022-07-13 00:00:00+00:00,.MOVE,TRDPRC_1,136.1
2022-07-14 00:00:00+00:00,.MOVE,TRDPRC_1,137.76
2022-07-15 00:00:00+00:00,.MOVE,TRDPRC_1,129.85
2022-07-18 00:00:00+00:00,.MOVE,TRDPRC_1,127.69
2022-07-19 00:00:00+00:00,.MOVE,TRDPRC_1,124.7
2022-07-20 00:00:00+00:00,.MOVE,TRDPRC_1,122.9
2022-07-21 00:00:00+00:00,.MOVE,TRDPRC_1,121.15
2022-07-22 00:00:00+00:00,.MOVE,TRDPRC_1,123.7
2022-07-25 00:00:00+00:00,.MOVE,TRDPRC_1,128.27
2022-07-26 00:00:00+00:00,.MOVE,TRDPRC_1,128.55
2022-07-27 00:00:00+00:00,.MOVE,TRDPRC_1,117.28
2022-07-28 00:00:00+00:00,.MOVE,TRDPRC_1,119.93
2022-07-29 00:00:00+00:00,.MOVE,TRDPRC_1,116.36
2022-08-01 00:00:00+00:00,.MOVE,TRDPRC_1,120.5
2022-08-02 00:00:00+00:00,.MOVE,TRDPRC_1,129.23
2022-08-03 00:00:00+00:00,.MOVE,TRDPRC_1,122.04
2022-08-04 00:00:00+00:00,.MOVE,TRDPRC_1,120.57
2022-08-05 00:00:00+00:00,.MOVE,TRDPRC_1,122.58
2022-08-08 00:00:00+00:00,.MOVE,TRDPRC_1,124.12
2022-08-09 00:00:00+00:00,.MOVE,TRDPRC_1,125.12
2022-08-10 00:00:00+00:00,.MOVE,TRDPRC_1,115.26
2022-08-11 00:00:00+00:00,.MOVE,TRDPRC_1,111.11
2022-08-12 00:00:00+00:00,.MOVE,TRDPRC_1,106.28
2022-08-15 00:00:00+00:00,.MOVE,TRDPRC_1,113.82
2022-08-16 00:00:00+00:00,.MOVE,TRDPRC_1,116.83
2022-08-17 00:00:00+00:00,.MOVE,TRDPRC_1,117.7
2022-08-18 00:00:00+00:00,.MOVE,TRDPRC_1,120.26
2022-08-19 00:00:00+00:00,.MOVE,TRDPRC_1,123.81
2022-08-22 00:00:00+00:00,.MOVE,TRDPRC_1,135.89
2022-08-23 00:00:00+00:00,.MOVE,TRDPRC_1,133.85
2022-08-24 00:00:00+00:00,.MOVE,TRDPRC_1,133.13
2022-08-25 00:00:00+00:00,.MOVE,TRDPRC_1,126.33
2022-08-26 00:00:00+00:00,.MOVE,TRDPRC_1,122.95
2022-08-29 00:00:00+00:00,.MOVE,TRDPRC_1,130.14
2022-08-30 00:00:00+00:00,.MOVE,TRDPRC_1,127.69
2022-08-31 00:00:00+00:00,.MOVE,TRDPRC_1,124.84
2022-09-01 00:00:00+00:00,.MOVE,TRDPRC_1,126.58
2022-09-02 00:00:00+00:00,.MOVE,TRDPRC_1,120.72
2022-09-06 00:00:00+00:00,.MOVE,TRDPRC_1,133.54
2022-09-07 00:00:00+00:00,.MOVE,TRDPRC_1,133.12
2022-09-08 00:00:00+00:00,.MOVE,TRDPRC_1,124.14
2022-09-09 00:00:00+00:00,.MOVE,TRDPRC_1,121.54
2022-09-12 00:00:00+00:00,.MOVE,TRDPRC_1,123.07
2022-09-13 00:00:00+00:00,.MOVE,TRDPRC_1,128.87
2022-09-14 00:00:00+00:00,.MOVE,TRDPRC_1,125.35
2022-09-15 00:00:00+00:00,.MOVE,TRDPRC_1,124.07
2022-09-16 00:00:00+00:00,.MOVE,TRDPRC_1,124.95
2022-09-19 00:00:00+00:00,.MOVE,TRDPRC_1,133.79
2022-09-20 00:00:00+00:00,.MOVE,TRDPRC_1,134.66
2022-09-21 00:00:00+00:00,.MOVE,TRDPRC_1,130.54
2022-09-22 00:00:00+00:00,.MOVE,TRDPRC_1,131.93
2022-09-23 00:00:00+00:00,.MOVE,TRDPRC_1,137.28
2022-09-26 00:00:00+00:00,.MOVE,TRDPRC_1,153.61
2022-09-27 00:00:00+00:00,.MOVE,TRDPRC_1,158.12
2022-09-28 00:00:00+00:00,.MOVE,TRDPRC_1,158.99
2022-09-29 00:00:00+00:00,.MOVE,TRDPRC_1,148.14
2022-09-30 00:00:00+00:00,.MOVE,TRDPRC_1,141.89
2022-10-03 00:00:00+00:00,.MOVE,TRDPRC_1,152.94
2022-10-04 00:00:00+00:00,.MOVE,TRDPRC_1,151.21
2022-10-05 00:00:00+00:00,.MOVE,TRDPRC_1,152.01
2022-10-06 00:00:00+00:00,.MOVE,TRDPRC_1,153.29
2022-10-07 00:00:00+00:00,.MOVE,TRDPRC_1,148.46
2022-10-11 00:00:00+00:00,.MOVE,TRDPRC_1,155.57
2022-10-12 00:00:00+00:00,.MOVE,TRDPRC_1,160.72
2022-10-13 00:00:00+00:00,.MOVE,TRDPRC_1,155.08
2022-10-14 00:00:00+00:00,.MOVE,TRDPRC_1,152.89
2022-10-17 00:00:00+00:00,.MOVE,TRDPRC_1,150.42
2022-10-18 00:00:00+00:00,.MOVE,TRDPRC_1,145.79
2022-10-19 00:00:00+00:00,.MOVE,TRDPRC_1,147.73
2022-10-20 00:00:00+00:00,.MOVE,TRDPRC_1,155.61
2022-10-21 00:00:00+00:00,.MOVE,TRDPRC_1,156.95
2022-10-24 00:00:00+00:00,.MOVE,TRDPRC_1,154.02
2022-10-25 00:00:00+00:00,.MOVE,TRDPRC_1,147.78
2022-10-26 00:00:00+00:00,.MOVE,TRDPRC_1,140.2
2022-10-27 00:00:00+00:00,.MOVE,TRDPRC_1,142.78
2022-10-28 00:00:00+00:00,.MOVE,TRDPRC_1,144.6
2022-10-31 00:00:00+00:00,.MOVE,TRDPRC_1,147.92
2022-11-01 00:00:00+00:00,.MOVE,TRDPRC_1,148.42
2022-11-02 00:00:00+00:00,.MOVE,TRDPRC_1,141.17
2022-11-03 00:00:00+00:00,.MOVE,TRDPRC_1,136.28
2022-11-04 00:00:00+00:00,.MOVE,TRDPRC_1,128.44
2022-11-07 00:00:00+00:00,.MOVE,TRDPRC_1,128.33
2022-11-08 00:00:00+00:00,.MOVE,TRDPRC_1,126.33
2022-11-09 00:00:00+00:00,.MOVE,TRDPRC_1,124.4
2022-11-10 00:00:00+00:00,.MOVE,TRDPRC_1,111.69
2022-11-14 00:00:00+00:00,.MOVE,TRDPRC_1,119.99
2022-11-15 00:00:00+00:00,.MOVE,TRDPRC_1,128.62
2022-11-16 00:00:00+00:00,.MOVE,TRDPRC_1,130.83
2022-11-17 00:00:00+00:00,.MOVE,TRDPRC_1,132.18
2022-11-18 00:00:00+00:00,.MOVE,TRDPRC_1,129.33
2022-11-21 00:00:00+00:00,.MOVE,TRDPRC_1,132.13
2022-11-22 00:00:00+00:00,.MOVE,TRDPRC_1,133.53
2022-11-23 00:00:00+00:00,.MOVE,TRDPRC_1,136.2
2022-11-25 00:00:00+00:00,.MOVE,TRDPRC_1,129.6
2022-11-28 00:00:00+00:00,.MOVE,TRDPRC_1,131.73
2022-11-29 00:00:00+00:00,.MOVE,TRDPRC_1,131.23
2022-11-30 00:00:00+00:00,.MOVE,TRDPRC_1,127.27
2022-12-01 00:00:00+00:00,.MOVE,TRDPRC_1,119.77
2022-12-02 00:00:00+00:00,.MOVE,TRDPRC_1,118.62
2022-12-05 00:00:00+00:00,.MOVE,TRDPRC_1,126.5
2022-12-06 00:00:00+00:00,.MOVE,TRDPRC_1,129.09
2022-12-07 00:00:00+00:00,.MOVE,TRDPRC_1,131.1
2022-12-08 00:00:00+00:00,.MOVE,TRDPRC_1,129.54
2022-12-09 00:00:00+00:00,.MOVE,TRDPRC_1,132.79
2022-12-12 00:00:00+00:00,.MOVE,TRDPRC_1,141.93
2022-12-13 00:00:00+00:00,.MOVE,TRDPRC_1,135.08
2022-12-14 00:00:00+00:00,.MOVE,TRDPRC_1,120.26
2022-12-15 00:00:00+00:00,.MOVE,TRDPRC_1,111.26
2022-12-16 00:00:00+00:00,.MOVE,TRDPRC_1,113.65
2022-12-19 00:00:00+00:00,.MOVE,TRDPRC_1,118.32
2022-12-20 00:00:00+00:00,.MOVE,TRDPRC_1,119.92
2022-12-21 00:00:00+00:00,.MOVE,TRDPRC_1,115.0
2022-12-22 00:00:00+00:00,.MOVE,TRDPRC_1,112.05
2022-12-23 00:00:00+00:00,.MOVE,TRDPRC_1,113.17
2022-12-27 00:00:00+00:00,.MOVE,TRDPRC_1,124.89
2022-12-28 00:00:00+00:00,.MOVE,TRDPRC_1,120.07
2022-12-29 00:00:00+00:00,.MOVE,TRDPRC_1,120.25
2022-12-30 00:00:00+00:00,.MOVE,TRDPRC_1,121.61
2023-01-03 00:00:00+00:00,.MOVE,TRDPRC_1,129.97
2023-01-04 00:00:00+00:00,.MOVE,TRDPRC_1,125.78
2023-01-05 00:00:00+00:00,.MOVE,TRDPRC_1,119.53
2023-01-06 00:00:00+00:00,.MOVE,TRDPRC_1,113.87
2023-01-09 00:00:00+00:00,.MOVE,TRDPRC_1,116.67
2023-01-10 00:00:00+00:00,.MOVE,TRDPRC_1,119.52
2023-01-11 00:00:00+00:00,.MOVE,TRDPRC_1,115.17
2023-01-12 00:00:00+00:00,.MOVE,TRDPRC_1,112.34
2023-01-13 00:00:00+00:00,.MOVE,TRDPRC_1,113.55
2023-01-17 00:00:00+00:00,.MOVE,TRDPRC_1,122.27
2023-01-18 00:00:00+00:00,.MOVE,TRDPRC_1,112.61
2023-01-19 00:00:00+00:00,.MOVE,TRDPRC_1,114.53
2023-01-20 00:00:00+00:00,.MOVE,TRDPRC_1,114.76
2023-01-23 00:00:00+00:00,.MOVE,TRDPRC_1,114.69
2023-01-24 00:00:00+00:00,.MOVE,TRDPRC_1,112.76
2023-01-25 00:00:00+00:00,.MOVE,TRDPRC_1,107.74
2023-01-26 00:00:00+00:00,.MOVE,TRDPRC_1,104.28
2023-01-27 00:00:00+00:00,.MOVE,TRDPRC_1,100.7
2023-01-30 00:00:00+00:00,.MOVE,TRDPRC_1,103.77
2023-01-31 00:00:00+00:00,.MOVE,TRDPRC_1,99.54
2023-02-01 00:00:00+00:00,.MOVE,TRDPRC_1,97.33
2023-02-02 00:00:00+00:00,.MOVE,TRDPRC_1,97.76
2023-02-03 00:00:00+00:00,.MOVE,TRDPRC_1,98.99
2023-02-06 00:00:00+00:00,.MOVE,TRDPRC_1,105.63
2023-02-07 00:00:00+00:00,.MOVE,TRDPRC_1,103.15
2023-02-08 00:00:00+00:00,.MOVE,TRDPRC_1,100.75
2023-02-09 00:00:00+00:00,.MOVE,TRDPRC_1,102.45
2023-02-10 00:00:00+00:00,.MOVE,TRDPRC_1,109.63
2023-02-13 00:00:00+00:00,.MOVE,TRDPRC_1,110.67
2023-02-14 00:00:00+00:00,.MOVE,TRDPRC_1,110.59
2023-02-15 00:00:00+00:00,.MOVE,TRDPRC_1,108.64
2023-02-16 00:00:00+00:00,.MOVE,TRDPRC_1,111.01
2023-02-17 00:00:00+00:00,.MOVE,TRDPRC_1,110.11
2023-02-21 00:00:00+00:00,.MOVE,TRDPRC_1,119.62
2023-02-22 00:00:00+00:00,.MOVE,TRDPRC_1,118.21
2023-02-23 00:00:00+00:00,.MOVE,TRDPRC_1,117.45
2023-02-24 00:00:00+00:00,.MOVE,TRDPRC_1,122.84
2023-02-27 00:00:00+00:00,.MOVE,TRDPRC_1,120.03
2023-02-28 00:00:00+00:00,.MOVE,TRDPRC_1,123.6
2023-03-01 00:00:00+00:00,.MOVE,TRDPRC_1,121.08
2023-03-02 00:00:00+00:00,.MOVE,TRDPRC_1,124.12
2023-03-03 00:00:00+00:00,.MOVE,TRDPRC_1,122.52
2023-03-06 00:00:00+00:00,.MOVE,TRDPRC_1,128.19
2023-03-07 00:00:00+00:00,.MOVE,TRDPRC_1,133.33
2023-03-08 00:00:00+00:00,.MOVE,TRDPRC_1,129.76
2023-03-09 00:00:00+00:00,.MOVE,TRDPRC_1,129.28
2023-03-10 00:00:00+00:00,.MOVE,TRDPRC_1,140.06
2023-03-13 00:00:00+00:00,.MOVE,TRDPRC_1,173.59
2023-03-14 00:00:00+00:00,.MOVE,TRDPRC_1,169.65
2023-03-15 00:00:00+00:00,.MOVE,TRDPRC_1,198.71
2023-03-16 00:00:00+00:00,.MOVE,TRDPRC_1,167.96
2023-03-17 00:00:00+00:00,.MOVE,TRDPRC_1,180.11
2023-03-20 00:00:00+00:00,.MOVE,TRDPRC_1,182.64
2023-03-21 00:00:00+00:00,.MOVE,TRDPRC_1,162.31
2023-03-22 00:00:00+00:00,.MOVE,TRDPRC_1,142.84
2023-03-23 00:00:00+00:00,.MOVE,TRDPRC_1,151.4
2023-03-24 00:00:00+00:00,.MOVE,TRDPRC_1,173.66
2023-03-27 00:00:00+00:00,.MOVE,TRDPRC_1,161.67
2023-03-28 00:00:00+00:00,.MOVE,TRDPRC_1,155.96
2023-03-29 00:00:00+00:00,.MOVE,TRDPRC_1,150.58
2023-03-30 00:00:00+00:00,.MOVE,TRDPRC_1,141.24
2023-03-31 00:00:00+00:00,.MOVE,TRDPRC_1,135.93
2023-04-03 00:00:00+00:00,.MOVE,TRDPRC_1,138.17
2023-04-04 00:00:00+00:00,.MOVE,TRDPRC_1,147.75
2023-04-05 00:00:00+00:00,.MOVE,TRDPRC_1,153.9
2023-04-06 00:00:00+00:00,.MOVE,TRDPRC_1,147.73
2023-04-07 00:00:00+00:00,.MOVE,TRDPRC_1,139.2
2023-04-10 00:00:00+00:00,.MOVE,TRDPRC_1,143.0
2023-04-11 00:00:00+00:00,.MOVE,TRDPRC_1,139.78
2023-04-12 00:00:00+00:00,.MOVE,TRDPRC_1,129.68
2023-04-13 00:00:00+00:00,.MOVE,TRDPRC_1,119.95
2023-04-14 00:00:00+00:00,.MOVE,TRDPRC_1,118.84
2023-04-17 00:00:00+00:00,.MOVE,TRDPRC_1,122.69
2023-04-18 00:00:00+00:00,.MOVE,TRDPRC_1,122.78
2023-04-19 00:00:00+00:00,.MOVE,TRDPRC_1,124.02
2023-04-20 00:00:00+00:00,.MOVE,TRDPRC_1,120.61
2023-04-21 00:00:00+00:00,.MOVE,TRDPRC_1,120.84
2023-04-24 00:00:00+00:00,.MOVE,TRDPRC_1,126.28
2023-04-25 00:00:00+00:00,.MOVE,TRDPRC_1,137.13
2023-04-26 00:00:00+00:00,.MOVE,TRDPRC_1,130.39
2023-04-27 00:00:00+00:00,.MOVE,TRDPRC_1,122.43
2023-04-28 00:00:00+00:00,.MOVE,TRDPRC_1,122.46
2023-05-01 00:00:00+00:00,.MOVE,TRDPRC_1,128.18
2023-05-02 00:00:00+00:00,.MOVE,TRDPRC_1,137.55
2023-05-03 00:00:00+00:00,.MOVE,TRDPRC_1,134.5
2023-05-04 00:00:00+00:00,.MOVE,TRDPRC_1,140.71
2023-05-05 00:00:00+00:00,.MOVE,TRDPRC_1,130.21
2023-05-08 00:00:00+00:00,.MOVE,TRDPRC_1,135.07
2023-05-09 00:00:00+00:00,.MOVE,TRDPRC_1,133.93
2023-05-10 00:00:00+00:00,.MOVE,TRDPRC_1,125.6
2023-05-11 00:00:00+00:00,.MOVE,TRDPRC_1,128.21
2023-05-12 00:00:00+00:00,.MOVE,TRDPRC_1,120.52
2023-05-15 00:00:00+00:00,.MOVE,TRDPRC_1,127.89
2023-05-16 00:00:00+00:00,.MOVE,TRDPRC_1,130.3
2023-05-17 00:00:00+00:00,.MOVE,TRDPRC_1,120.78
2023-05-18 00:00:00+00:00,.MOVE,TRDPRC_1,122.5
2023-05-19 00:00:00+00:00,.MOVE,TRDPRC_1,127.51
2023-05-22 00:00:00+00:00,.MOVE,TRDPRC_1,132.29
2023-05-23 00:00:00+00:00,.MOVE,TRDPRC_1,131.7
2023-05-24 00:00:00+00:00,.MOVE,TRDPRC_1,132.29
2023-05-25 00:00:00+00:00,.MOVE,TRDPRC_1,139.54
2023-05-26 00:00:00+00:00,.MOVE,TRDPRC_1,145.37
2023-05-30 00:00:00+00:00,.MOVE,TRDPRC_1,141.36
2023-05-31 00:00:00+00:00,.MOVE,TRDPRC_1,136.02
2023-06-01 00:00:00+00:00,.MOVE,TRDPRC_1,124.63
2023-06-02 00:00:00+00:00,.MOVE,TRDPRC_1,120.95
2023-06-05 00:00:00+00:00,.MOVE,TRDPRC_1,119.08
2023-06-06 00:00:00+00:00,.MOVE,TRDPRC_1,114.42
2023-06-07 00:00:00+00:00,.MOVE,TRDPRC_1,120.5
2023-06-08 00:00:00+00:00,.MOVE,TRDPRC_1,115.11
2023-06-09 00:00:00+00:00,.MOVE,TRDPRC_1,115.77
2023-06-12 00:00:00+00:00,.MOVE,TRDPRC_1,119.8
2023-06-13 00:00:00+00:00,.MOVE,TRDPRC_1,118.8
2023-06-14 00:00:00+00:00,.MOVE,TRDPRC_1,114.37
2023-06-15 00:00:00+00:00,.MOVE,TRDPRC_1,107.34
2023-06-16 00:00:00+00:00,.MOVE,TRDPRC_1,104.43
2023-06-20 00:00:00+00:00,.MOVE,TRDPRC_1,114.19
2023-06-21 00:00:00+00:00,.MOVE,TRDPRC_1,110.84
2023-06-22 00:00:00+00:00,.MOVE,TRDPRC_1,107.7
2023-06-23 00:00:00+00:00,.MOVE,TRDPRC_1,105.74
2023-06-26 00:00:00+00:00,.MOVE,TRDPRC_1,109.02
2023-06-27 00:00:00+00:00,.MOVE,TRDPRC_1,110.85
2023-06-28 00:00:00+00:00,.MOVE,TRDPRC_1,108.3
2023-06-29 00:00:00+00:00,.MOVE,TRDPRC_1,113.45
2023-06-30 00:00:00+00:00,.MOVE,TRDPRC_1,110.64
2023-07-03 00:00:00+00:00,.MOVE,TRDPRC_1,110.77
2023-07-05 00:00:00+00:00,.MOVE,TRDPRC_1,110.53
2023-07-06 00:00:00+00:00,.MOVE,TRDPRC_1,134.63
2023-07-07 00:00:00+00:00,.MOVE,TRDPRC_1,130.41
2023-07-10 00:00:00+00:00,.MOVE,TRDPRC_1,131.73
2023-07-11 00:00:00+00:00,.MOVE,TRDPRC_1,127.07
2023-07-12 00:00:00+00:00,.MOVE,TRDPRC_1,114.07
2023-07-13 00:00:00+00:00,.MOVE,TRDPRC_1,111.75
2023-07-14 00:00:00+00:00,.MOVE,TRDPRC_1,112.48
2023-07-17 00:00:00+00:00,.MOVE,TRDPRC_1,113.5
2023-07-18 00:00:00+00:00,.MOVE,TRDPRC_1,112.45
2023-07-19 00:00:00+00:00,.MOVE,TRDPRC_1,107.19
2023-07-20 00:00:00+00:00,.MOVE,TRDPRC_1,112.85
2023-07-21 00:00:00+00:00,.MOVE,TRDPRC_1,106.66
2023-07-24 00:00:00+00:00,.MOVE,TRDPRC_1,109.95
2023-07-25 00:00:00+00:00,.MOVE,TRDPRC_1,113.02
2023-07-26 00:00:00+00:00,.MOVE,TRDPRC_1,104.88
2023-07-27 00:00:00+00:00,.MOVE,TRDPRC_1,111.15
2023-07-28 00:00:00+00:00,.MOVE,TRDPRC_1,109.76
2023-07-31 00:00:00+00:00,.MOVE,TRDPRC_1,112.03
2023-08-01 00:00:00+00:00,.MOVE,TRDPRC_1,116.38
2023-08-02 00:00:00+00:00,.MOVE,TRDPRC_1,115.15
2023-08-03 00:00:00+00:00,.MOVE,TRDPRC_1,124.6
2023-08-04 00:00:00+00:00,.MOVE,TRDPRC_1,115.91
2023-08-07 00:00:00+00:00,.MOVE,TRDPRC_1,120.94
2023-08-08 00:00:00+00:00,.MOVE,TRDPRC_1,118.74
2023-08-09 00:00:00+00:00,.MOVE,TRDPRC_1,112.55
2023-08-10 00:00:00+00:00,.MOVE,TRDPRC_1,108.64
2023-08-11 00:00:00+00:00,.MOVE,TRDPRC_1,112.13
2023-08-14 00:00:00+00:00,.MOVE,TRDPRC_1,119.94
2023-08-15 00:00:00+00:00,.MOVE,TRDPRC_1,121.8
2023-08-16 00:00:00+00:00,.MOVE,TRDPRC_1,117.24
2023-08-17 00:00:00+00:00,.MOVE,TRDPRC_1,121.14
2023-08-18 00:00:00+00:00,.MOVE,TRDPRC_1,120.51
2023-08-21 00:00:00+00:00,.MOVE,TRDPRC_1,130.69
2023-08-22 00:00:00+00:00,.MOVE,TRDPRC_1,126.65
2023-08-23 00:00:00+00:00,.MOVE,TRDPRC_1,118.4
2023-08-24 00:00:00+00:00,.MOVE,TRDPRC_1,117.56
2023-08-25 00:00:00+00:00,.MOVE,TRDPRC_1,110.37
2023-08-28 00:00:00+00:00,.MOVE,TRDPRC_1,110.45
2023-08-29 00:00:00+00:00,.MOVE,TRDPRC_1,110.68
2023-08-30 00:00:00+00:00,.MOVE,TRDPRC_1,109.84
2023-08-31 00:00:00+00:00,.MOVE,TRDPRC_1,107.93
2023-09-01 00:00:00+00:00,.MOVE,TRDPRC_1,102.92
2023-09-05 00:00:00+00:00,.MOVE,TRDPRC_1,109.64
2023-09-06 00:00:00+00:00,.MOVE,TRDPRC_1,111.31
2023-09-07 00:00:00+00:00,.MOVE,TRDPRC_1,105.2
2023-09-08 00:00:00+00:00,.MOVE,TRDPRC_1,104.34
2023-09-11 00:00:00+00:00,.MOVE,TRDPRC_1,107.23
2023-09-12 00:00:00+00:00,.MOVE,TRDPRC_1,105.11
2023-09-13 00:00:00+00:00,.MOVE,TRDPRC_1,101.86
2023-09-14 00:00:00+00:00,.MOVE,TRDPRC_1,97.11
2023-09-15 00:00:00+00:00,.MOVE,TRDPRC_1,96.61
2023-09-18 00:00:00+00:00,.MOVE,TRDPRC_1,99.32
2023-09-19 00:00:00+00:00,.MOVE,TRDPRC_1,101.31
2023-09-20 00:00:00+00:00,.MOVE,TRDPRC_1,97.04
2023-09-21 00:00:00+00:00,.MOVE,TRDPRC_1,106.0
2023-09-22 00:00:00+00:00,.MOVE,TRDPRC_1,101.11
2023-09-25 00:00:00+00:00,.MOVE,TRDPRC_1,117.33
2023-09-26 00:00:00+00:00,.MOVE,TRDPRC_1,117.72
2023-09-27 00:00:00+00:00,.MOVE,TRDPRC_1,122.09
2023-09-28 00:00:00+00:00,.MOVE,TRDPRC_1,115.24
2023-09-29 00:00:00+00:00,.MOVE,TRDPRC_1,113.55
2023-10-02 00:00:00+00:00,.MOVE,TRDPRC_1,127.59
2023-10-03 00:00:00+00:00,.MOVE,TRDPRC_1,141.67
2023-10-04 00:00:00+00:00,.MOVE,TRDPRC_1,128.23
2023-10-05 00:00:00+00:00,.MOVE,TRDPRC_1,130.18
2023-10-06 00:00:00+00:00,.MOVE,TRDPRC_1,126.64
2023-10-10 00:00:00+00:00,.MOVE,TRDPRC_1,136.17
2023-10-11 00:00:00+00:00,.MOVE,TRDPRC_1,127.18
2023-10-12 00:00:00+00:00,.MOVE,TRDPRC_1,126.37
2023-10-13 00:00:00+00:00,.MOVE,TRDPRC_1,128.33
2023-10-16 00:00:00+00:00,.MOVE,TRDPRC_1,130.16
2023-10-17 00:00:00+00:00,.MOVE,TRDPRC_1,130.17
2023-10-18 00:00:00+00:00,.MOVE,TRDPRC_1,129.17
2023-10-19 00:00:00+00:00,.MOVE,TRDPRC_1,134.62
2023-10-20 00:00:00+00:00,.MOVE,TRDPRC_1,135.45
2023-10-23 00:00:00+00:00,.MOVE,TRDPRC_1,131.83
2023-10-24 00:00:00+00:00,.MOVE,TRDPRC_1,128.13
2023-10-25 00:00:00+00:00,.MOVE,TRDPRC_1,131.21
2023-10-26 00:00:00+00:00,.MOVE,TRDPRC_1,130.94
2023-10-27 00:00:00+00:00,.MOVE,TRDPRC_1,129.16
2023-10-30 00:00:00+00:00,.MOVE,TRDPRC_1,131.9
2023-10-31 00:00:00+00:00,.MOVE,TRDPRC_1,126.86
2023-11-01 00:00:00+00:00,.MOVE,TRDPRC_1,120.55
2023-11-02 00:00:00+00:00,.MOVE,TRDPRC_1,118.64
2023-11-03 00:00:00+00:00,.MOVE,TRDPRC_1,118.74
2023-11-06 00:00:00+00:00,.MOVE,TRDPRC_1,121.74
2023-11-07 00:00:00+00:00,.MOVE,TRDPRC_1,120.09
2023-11-08 00:00:00+00:00,.MOVE,TRDPRC_1,117.1
2023-11-09 00:00:00+00:00,.MOVE,TRDPRC_1,117.05
2023-11-10 00:00:00+00:00,.MOVE,TRDPRC_1,116.79
2023-11-13 00:00:00+00:00,.MOVE,TRDPRC_1,124.47
2023-11-14 00:00:00+00:00,.MOVE,TRDPRC_1,124.11
2023-11-15 00:00:00+00:00,.MOVE,TRDPRC_1,122.19
2023-11-16 00:00:00+00:00,.MOVE,TRDPRC_1,116.08
2023-11-17 00:00:00+00:00,.MOVE,TRDPRC_1,113.11
2023-11-20 00:00:00+00:00,.MOVE,TRDPRC_1,115.09
2023-11-21 00:00:00+00:00,.MOVE,TRDPRC_1,112.79
2023-11-22 00:00:00+00:00,.MOVE,TRDPRC_1,111.57
2023-11-24 00:00:00+00:00,.MOVE,TRDPRC_1,107.43
2023-11-27 00:00:00+00:00,.MOVE,TRDPRC_1,109.31
2023-11-28 00:00:00+00:00,.MOVE,TRDPRC_1,110.06
2023-11-29 00:00:00+00:00,.MOVE,TRDPRC_1,114.59
2023-11-30 00:00:00+00:00,.MOVE,TRDPRC_1,115.32
2023-12-01 00:00:00+00:00,.MOVE,TRDPRC_1,111.51
2023-12-04 00:00:00+00:00,.MOVE,TRDPRC_1,118.25
2023-12-05 00:00:00+00:00,.MOVE,TRDPRC_1,127.2
2023-12-06 00:00:00+00:00,.MOVE,TRDPRC_1,124.98
2023-12-07 00:00:00+00:00,.MOVE,TRDPRC_1,129.74
2023-12-08 00:00:00+00:00,.MOVE,TRDPRC_1,121.65
2023-12-11 00:00:00+00:00,.MOVE,TRDPRC_1,126.66
2023-12-12 00:00:00+00:00,.MOVE,TRDPRC_1,118.62
2023-12-13 00:00:00+00:00,.MOVE,TRDPRC_1,113.77
2023-12-14 00:00:00+00:00,.MOVE,TRDPRC_1,118.04
2023-12-15 00:00:00+00:00,.MOVE,TRDPRC_1,115.75
2023-12-18 00:00:00+00:00,.MOVE,TRDPRC_1,118.46
2023-12-19 00:00:00+00:00,.MOVE,TRDPRC_1,115.03
2023-12-20 00:00:00+00:00,.MOVE,TRDPRC_1,111.87
2023-12-21 00:00:00+00:00,.MOVE,TRDPRC_1,111.93
2023-12-22 00:00:00+00:00,.MOVE,TRDPRC_1,111.38
2023-12-26 00:00:00+00:00,.MOVE,TRDPRC_1,116.0
2023-12-27 00:00:00+00:00,.MOVE,TRDPRC_1,114.53
2023-12-28 00:00:00+00:00,.MOVE,TRDPRC_1,113.78
2023-12-29 00:00:00+00:00,.MOVE,TRDPRC_1,114.62
2024-01-02 00:00:00+00:00,.MOVE,TRDPRC_1,127.02
2024-01-03 00:00:00+00:00,.MOVE,TRDPRC_1,124.57
2024-01-04 00:00:00+00:00,.MOVE,TRDPRC_1,121.12
2024-01-05 00:00:00+00:00,.MOVE,TRDPRC_1,116.19
2024-01-08 00:00:00+00:00,.MOVE,TRDPRC_1,117.72
2024-01-09 00:00:00+00:00,.MOVE,TRDPRC_1,114.92
2024-01-10 00:00:00+00:00,.MOVE,TRDPRC_1,109.63
2024-01-11 00:00:00+00:00,.MOVE,TRDPRC_1,103.45
2024-01-12 00:00:00+00:00,.MOVE,TRDPRC_1,106.51
2024-01-16 00:00:00+00:00,.MOVE,TRDPRC_1,113.44
2024-01-17 00:00:00+00:00,.MOVE,TRDPRC_1,105.86
2024-01-18 00:00:00+00:00,.MOVE,TRDPRC_1,107.22
2024-01-19 00:00:00+00:00,.MOVE,TRDPRC_1,104.97
2024-01-22 00:00:00+00:00,.MOVE,TRDPRC_1,106.87
2024-01-23 00:00:00+00:00,.MOVE,TRDPRC_1,107.7
2024-01-24 00:00:00+00:00,.MOVE,TRDPRC_1,105.78
2024-01-25 00:00:00+00:00,.MOVE,TRDPRC_1,105.89
2024-01-26 00:00:00+00:00,.MOVE,TRDPRC_1,100.23
2024-01-29 00:00:00+00:00,.MOVE,TRDPRC_1,106.34
2024-01-30 00:00:00+00:00,.MOVE,TRDPRC_1,104.26
2024-01-31 00:00:00+00:00,.MOVE,TRDPRC_1,107.28
2024-02-01 00:00:00+00:00,.MOVE,TRDPRC_1,113.92
2024-02-02 00:00:00+00:00,.MOVE,TRDPRC_1,106.72
2024-02-05 00:00:00+00:00,.MOVE,TRDPRC_1,108.68
2024-02-06 00:00:00+00:00,.MOVE,TRDPRC_1,110.6
2024-02-07 00:00:00+00:00,.MOVE,TRDPRC_1,107.86
2024-02-08 00:00:00+00:00,.MOVE,TRDPRC_1,108.6
2024-02-09 00:00:00+00:00,.MOVE,TRDPRC_1,106.21
2024-02-12 00:00:00+00:00,.MOVE,TRDPRC_1,109.78
2024-02-13 00:00:00+00:00,.MOVE,TRDPRC_1,113.22
2024-02-14 00:00:00+00:00,.MOVE,TRDPRC_1,111.97
2024-02-15 00:00:00+00:00,.MOVE,TRDPRC_1,112.09
2024-02-16 00:00:00+00:00,.MOVE,TRDPRC_1,109.2
2024-02-20 00:00:00+00:00,.MOVE,TRDPRC_1,111.02
2024-02-21 00:00:00+00:00,.MOVE,TRDPRC_1,114.27
2024-02-22 00:00:00+00:00,.MOVE,TRDPRC_1,115.59
2024-02-23 00:00:00+00:00,.MOVE,TRDPRC_1,108.31
2024-02-26 00:00:00+00:00,.MOVE,TRDPRC_1,110.77
2024-02-27 00:00:00+00:00,.MOVE,TRDPRC_1,110.8
2024-02-28 00:00:00+00:00,.MOVE,TRDPRC_1,108.71
2024-02-29 00:00:00+00:00,.MOVE,TRDPRC_1,109.1
2024-03-01 00:00:00+00:00,.MOVE,TRDPRC_1,106.48
2024-03-04 00:00:00+00:00,.MOVE,TRDPRC_1,109.57
2024-03-05 00:00:00+00:00,.MOVE,TRDPRC_1,110.33
2024-03-06 00:00:00+00:00,.MOVE,TRDPRC_1,105.33
2024-03-07 00:00:00+00:00,.MOVE,TRDPRC_1,105.45
2024-03-08 00:00:00+00:00,.MOVE,TRDPRC_1,100.88
2024-03-11 00:00:00+00:00,.MOVE,TRDPRC_1,106.63
2024-03-12 00:00:00+00:00,.MOVE,TRDPRC_1,101.36
2024-03-13 00:00:00+00:00,.MOVE,TRDPRC_1,97.03
2024-03-14 00:00:00+00:00,.MOVE,TRDPRC_1,98.67
2024-03-15 00:00:00+00:00,.MOVE,TRDPRC_1,97.82
2024-03-18 00:00:00+00:00,.MOVE,TRDPRC_1,102.87
2024-03-19 00:00:00+00:00,.MOVE,TRDPRC_1,99.99
2024-03-20 00:00:00+00:00,.MOVE,TRDPRC_1,92.72
2024-03-21 00:00:00+00:00,.MOVE,TRDPRC_1,90.82
2024-03-22 00:00:00+00:00,.MOVE,TRDPRC_1,91.04
2024-03-25 00:00:00+00:00,.MOVE,TRDPRC_1,92.24
2024-03-26 00:00:00+00:00,.MOVE,TRDPRC_1,90.63
2024-03-27 00:00:00+00:00,.MOVE,TRDPRC_1,86.28
2024-03-28 00:00:00+00:00,.MOVE,TRDPRC_1,86.38
2024-04-01 00:00:00+00:00,.MOVE,TRDPRC_1,94.2
2024-04-02 00:00:00+00:00,.MOVE,TRDPRC_1,96.57
2024-04-03 00:00:00+00:00,.MOVE,TRDPRC_1,97.88
2024-04-04 00:00:00+00:00,.MOVE,TRDPRC_1,96.13
2024-04-05 00:00:00+00:00,.MOVE,TRDPRC_1,94.31
2024-04-08 00:00:00+00:00,.MOVE,TRDPRC_1,99.37
2024-04-09 00:00:00+00:00,.MOVE,TRDPRC_1,98.73
2024-04-10 00:00:00+00:00,.MOVE,TRDPRC_1,109.59
2024-04-11 00:00:00+00:00,.MOVE,TRDPRC_1,108.86
2024-04-12 00:00:00+00:00,.MOVE,TRDPRC_1,112.82
2024-04-15 00:00:00+00:00,.MOVE,TRDPRC_1,121.15
2024-04-16 00:00:00+00:00,.MOVE,TRDPRC_1,119.59
2024-04-17 00:00:00+00:00,.MOVE,TRDPRC_1,113.29
2024-04-18 00:00:00+00:00,.MOVE,TRDPRC_1,108.66
2024-04-19 00:00:00+00:00,.MOVE,TRDPRC_1,111.26
2024-04-22 00:00:00+00:00,.MOVE,TRDPRC_1,108.56
2024-04-23 00:00:00+00:00,.MOVE,TRDPRC_1,106.85
2024-04-24 00:00:00+00:00,.MOVE,TRDPRC_1,110.21
2024-04-25 00:00:00+00:00,.MOVE,TRDPRC_1,108.55
2024-04-26 00:00:00+00:00,.MOVE,TRDPRC_1,104.4
2024-04-29 00:00:00+00:00,.MOVE,TRDPRC_1,105.42
2024-04-30 00:00:00+00:00,.MOVE,TRDPRC_1,107.46
2024-05-01 00:00:00+00:00,.MOVE,TRDPRC_1,100.64
2024-05-02 00:00:00+00:00,.MOVE,TRDPRC_1,100.7
2024-05-03 00:00:00+00:00,.MOVE,TRDPRC_1,95.96
2024-05-06 00:00:00+00:00,.MOVE,TRDPRC_1,94.5
2024-05-07 00:00:00+00:00,.MOVE,TRDPRC_1,98.04
2024-05-08 00:00:00+00:00,.MOVE,TRDPRC_1,95.58
2024-05-09 00:00:00+00:00,.MOVE,TRDPRC_1,93.85
2024-05-10 00:00:00+00:00,.MOVE,TRDPRC_1,94.23
2024-05-13 00:00:00+00:00,.MOVE,TRDPRC_1,105.35
2024-05-14 00:00:00+00:00,.MOVE,TRDPRC_1,106.55
2024-05-15 00:00:00+00:00,.MOVE,TRDPRC_1,93.78
2024-05-16 00:00:00+00:00,.MOVE,TRDPRC_1,91.83
2024-05-17 00:00:00+00:00,.MOVE,TRDPRC_1,89.35
2024-05-20 00:00:00+00:00,.MOVE,TRDPRC_1,88.13
2024-05-21 00:00:00+00:00,.MOVE,TRDPRC_1,85.34
2024-05-22 00:00:00+00:00,.MOVE,TRDPRC_1,82.49
2024-05-23 00:00:00+00:00,.MOVE,TRDPRC_1,86.15
2024-05-24 00:00:00+00:00,.MOVE,TRDPRC_1,83.57
2024-05-28 00:00:00+00:00,.MOVE,TRDPRC_1,89.67
2024-05-29 00:00:00+00:00,.MOVE,TRDPRC_1,93.45
2024-05-30 00:00:00+00:00,.MOVE,TRDPRC_1,91.09
2024-05-31 00:00:00+00:00,.MOVE,TRDPRC_1,91.14
2024-06-03 00:00:00+00:00,.MOVE,TRDPRC_1,93.92
2024-06-04 00:00:00+00:00,.MOVE,TRDPRC_1,100.11
2024-06-05 00:00:00+00:00,.MOVE,TRDPRC_1,102.43
2024-06-06 00:00:00+00:00,.MOVE,TRDPRC_1,100.99
2024-06-07 00:00:00+00:00,.MOVE,TRDPRC_1,91.82
2024-06-10 00:00:00+00:00,.MOVE,TRDPRC_1,94.16
2024-06-11 00:00:00+00:00,.MOVE,TRDPRC_1,97.27
2024-06-12 00:00:00+00:00,.MOVE,TRDPRC_1,91.73
2024-06-13 00:00:00+00:00,.MOVE,TRDPRC_1,91.93
2024-06-14 00:00:00+00:00,.MOVE,TRDPRC_1,100.16
2024-06-17 00:00:00+00:00,.MOVE,TRDPRC_1,99.07
2024-06-18 00:00:00+00:00,.MOVE,TRDPRC_1,97.99
2024-06-20 00:00:00+00:00,.MOVE,TRDPRC_1,94.14
2024-06-21 00:00:00+00:00,.MOVE,TRDPRC_1,94.09
2024-06-24 00:00:00+00:00,.MOVE,TRDPRC_1,95.2
2024-06-25 00:00:00+00:00,.MOVE,TRDPRC_1,96.97
2024-06-26 00:00:00+00:00,.MOVE,TRDPRC_1,97.91
2024-06-27 00:00:00+00:00,.MOVE,TRDPRC_1,95.69
2024-06-28 00:00:00+00:00,.MOVE,TRDPRC_1,98.59
2024-07-01 00:00:00+00:00,.MOVE,TRDPRC_1,106.23
2024-07-02 00:00:00+00:00,.MOVE,TRDPRC_1,107.51
2024-07-03 00:00:00+00:00,.MOVE,TRDPRC_1,102.83
2024-07-05 00:00:00+00:00,.MOVE,TRDPRC_1,98.78
2024-07-08 00:00:00+00:00,.MOVE,TRDPRC_1,97.96
2024-07-09 00:00:00+00:00,.MOVE,TRDPRC_1,95.62
2024-07-10 00:00:00+00:00,.MOVE,TRDPRC_1,92.97
2024-07-11 00:00:00+00:00,.MOVE,TRDPRC_1,89.67
2024-07-12 00:00:00+00:00,.MOVE,TRDPRC_1,86.79
2024-07-15 00:00:00+00:00,.MOVE,TRDPRC_1,94.5
2024-07-16 00:00:00+00:00,.MOVE,TRDPRC_1,93.87
2024-07-17 00:00:00+00:00,.MOVE,TRDPRC_1,91.0
2024-07-18 00:00:00+00:00,.MOVE,TRDPRC_1,91.97
2024-07-19 00:00:00+00:00,.MOVE,TRDPRC_1,94.29
2024-07-22 00:00:00+00:00,.MOVE,TRDPRC_1,94.45
2024-07-23 00:00:00+00:00,.MOVE,TRDPRC_1,95.04
2024-07-24 00:00:00+00:00,.MOVE,TRDPRC_1,94.81
2024-07-25 00:00:00+00:00,.MOVE,TRDPRC_1,99.08
2024-07-26 00:00:00+00:00,.MOVE,TRDPRC_1,97.76
2024-07-29 00:00:00+00:00,.MOVE,TRDPRC_1,98.65
2024-07-30 00:00:00+00:00,.MOVE,TRDPRC_1,100.42
2024-07-31 00:00:00+00:00,.MOVE,TRDPRC_1,99.41
2024-08-01 00:00:00+00:00,.MOVE,TRDPRC_1,101.82
2024-08-02 00:00:00+00:00,.MOVE,TRDPRC_1,112.26
2024-08-05 00:00:00+00:00,.MOVE,TRDPRC_1,121.22
2024-08-06 00:00:00+00:00,.MOVE,TRDPRC_1,119.24
2024-08-07 00:00:00+00:00,.MOVE,TRDPRC_1,112.69
2024-08-08 00:00:00+00:00,.MOVE,TRDPRC_1,110.42
2024-08-09 00:00:00+00:00,.MOVE,TRDPRC_1,108.26
2024-08-12 00:00:00+00:00,.MOVE,TRDPRC_1,118.26
2024-08-13 00:00:00+00:00,.MOVE,TRDPRC_1,118.44
2024-08-14 00:00:00+00:00,.MOVE,TRDPRC_1,106.34
2024-08-15 00:00:00+00:00,.MOVE,TRDPRC_1,103.74
2024-08-16 00:00:00+00:00,.MOVE,TRDPRC_1,102.81
2024-08-19 00:00:00+00:00,.MOVE,TRDPRC_1,110.13
2024-08-20 00:00:00+00:00,.MOVE,TRDPRC_1,111.57
2024-08-21 00:00:00+00:00,.MOVE,TRDPRC_1,111.38
2024-08-22 00:00:00+00:00,.MOVE,TRDPRC_1,108.5
2024-08-23 00:00:00+00:00,.MOVE,TRDPRC_1,105.63
2024-08-26 00:00:00+00:00,.MOVE,TRDPRC_1,106.66
2024-08-27 00:00:00+00:00,.MOVE,TRDPRC_1,109.22
2024-08-28 00:00:00+00:00,.MOVE,TRDPRC_1,108.76
2024-08-29 00:00:00+00:00,.MOVE,TRDPRC_1,106.7
2024-08-30 00:00:00+00:00,.MOVE,TRDPRC_1,107.77
2024-09-03 00:00:00+00:00,.MOVE,TRDPRC_1,114.2
2024-09-04 00:00:00+00:00,.MOVE,TRDPRC_1,119.15
2024-09-05 00:00:00+00:00,.MOVE,TRDPRC_1,114.81
2024-09-06 00:00:00+00:00,.MOVE,TRDPRC_1,107.24
2024-09-09 00:00:00+00:00,.MOVE,TRDPRC_1,104.61
2024-09-10 00:00:00+00:00,.MOVE,TRDPRC_1,108.36
2024-09-11 00:00:00+00:00,.MOVE,TRDPRC_1,103.79
2024-09-12 00:00:00+00:00,.MOVE,TRDPRC_1,98.03
2024-09-13 00:00:00+00:00,.MOVE,TRDPRC_1,100.6
2024-09-16 00:00:00+00:00,.MOVE,TRDPRC_1,101.22
2024-09-17 00:00:00+00:00,.MOVE,TRDPRC_1,101.58
2024-09-18 00:00:00+00:00,.MOVE,TRDPRC_1,98.61
2024-09-19 00:00:00+00:00,.MOVE,TRDPRC_1,92.64
2024-09-20 00:00:00+00:00,.MOVE,TRDPRC_1,91.0
2024-09-23 00:00:00+00:00,.MOVE,TRDPRC_1,93.87
2024-09-24 00:00:00+00:00,.MOVE,TRDPRC_1,93.3
2024-09-25 00:00:00+00:00,.MOVE,TRDPRC_1,91.64
2024-09-26 00:00:00+00:00,.MOVE,TRDPRC_1,90.14
2024-09-27 00:00:00+00:00,.MOVE,TRDPRC_1,92.53
2024-09-30 00:00:00+00:00,.MOVE,TRDPRC_1,94.61
2024-10-01 00:00:00+00:00,.MOVE,TRDPRC_1,104.14
2024-10-02 00:00:00+00:00,.MOVE,TRDPRC_1,102.17
2024-10-03 00:00:00+00:00,.MOVE,TRDPRC_1,101.16
2024-10-04 00:00:00+00:00,.MOVE,TRDPRC_1,100.15
2024-10-07 00:00:00+00:00,.MOVE,TRDPRC_1,124.23
2024-10-08 00:00:00+00:00,.MOVE,TRDPRC_1,123.77
2024-10-09 00:00:00+00:00,.MOVE,TRDPRC_1,122.39
2024-10-10 00:00:00+00:00,.MOVE,TRDPRC_1,116.56
2024-10-11 00:00:00+00:00,.MOVE,TRDPRC_1,118.47
2024-10-15 00:00:00+00:00,.MOVE,TRDPRC_1,127.23
2024-10-16 00:00:00+00:00,.MOVE,TRDPRC_1,121.86
2024-10-17 00:00:00+00:00,.MOVE,TRDPRC_1,122.14
2024-10-18 00:00:00+00:00,.MOVE,TRDPRC_1,123.13
2024-10-21 00:00:00+00:00,.MOVE,TRDPRC_1,128.95
2024-10-22 00:00:00+00:00,.MOVE,TRDPRC_1,129.26
2024-10-23 00:00:00+00:00,.MOVE,TRDPRC_1,129.05
2024-10-24 00:00:00+00:00,.MOVE,TRDPRC_1,127.48
2024-10-25 00:00:00+00:00,.MOVE,TRDPRC_1,128.4
2024-10-28 00:00:00+00:00,.MOVE,TRDPRC_1,130.92
2024-10-29 00:00:00+00:00,.MOVE,TRDPRC_1,131.87
2024-10-30 00:00:00+00:00,.MOVE,TRDPRC_1,130.8
2024-10-31 00:00:00+00:00,.MOVE,TRDPRC_1,135.18
2024-11-01 00:00:00+00:00,.MOVE,TRDPRC_1,132.58
2024-11-04 00:00:00+00:00,.MOVE,TRDPRC_1,136.25
2024-11-05 00:00:00+00:00,.MOVE,TRDPRC_1,130.43
2024-11-06 00:00:00+00:00,.MOVE,TRDPRC_1,117.64
2024-11-07 00:00:00+00:00,.MOVE,TRDPRC_1,104.08
2024-11-08 00:00:00+00:00,.MOVE,TRDPRC_1,99.85
2024-11-12 00:00:00+00:00,.MOVE,TRDPRC_1,108.55
2024-11-13 00:00:00+00:00,.MOVE,TRDPRC_1,102.08
2024-11-14 00:00:00+00:00,.MOVE,TRDPRC_1,99.43
2024-11-15 00:00:00+00:00,.MOVE,TRDPRC_1,102.47
2024-11-18 00:00:00+00:00,.MOVE,TRDPRC_1,102.01
2024-11-19 00:00:00+00:00,.MOVE,TRDPRC_1,105.12
2024-11-20 00:00:00+00:00,.MOVE,TRDPRC_1,106.69
2024-11-21 00:00:00+00:00,.MOVE,TRDPRC_1,101.9
2024-11-22 00:00:00+00:00,.MOVE,TRDPRC_1,99.14
2024-11-25 00:00:00+00:00,.MOVE,TRDPRC_1,99.96
2024-11-26 00:00:00+00:00,.MOVE,TRDPRC_1,99.18
2024-11-27 00:00:00+00:00,.MOVE,TRDPRC_1,97.74
2024-11-29 00:00:00+00:00,.MOVE,TRDPRC_1,95.22
2024-12-02 00:00:00+00:00,.MOVE,TRDPRC_1,97.81
2024-12-03 00:00:00+00:00,.MOVE,TRDPRC_1,95.6
2024-12-04 00:00:00+00:00,.MOVE,TRDPRC_1,92.25
2024-12-05 00:00:00+00:00,.MOVE,TRDPRC_1,91.48
2024-12-06 00:00:00+00:00,.MOVE,TRDPRC_1,83.2
2024-12-09 00:00:00+00:00,.MOVE,TRDPRC_1,85.63
2024-12-10 00:00:00+00:00,.MOVE,TRDPRC_1,90.1
2024-12-11 00:00:00+00:00,.MOVE,TRDPRC_1,82.4
2024-12-12 00:00:00+00:00,.MOVE,TRDPRC_1,82.66
2024-12-13 00:00:00+00:00,.MOVE,TRDPRC_1,85.66
2024-12-16 00:00:00+00:00,.MOVE,TRDPRC_1,90.88
2024-12-17 00:00:00+00:00,.MOVE,TRDPRC_1,90.42
2024-12-18 00:00:00+00:00,.MOVE,TRDPRC_1,87.21
2024-12-19 00:00:00+00:00,.MOVE,TRDPRC_1,90.41
2024-12-20 00:00:00+00:00,.MOVE,TRDPRC_1,91.75
2024-12-23 00:00:00+00:00,.MOVE,TRDPRC_1,95.85
2024-12-24 00:00:00+00:00,.MOVE,TRDPRC_1,96.95
2024-12-26 00:00:00+00:00,.MOVE,TRDPRC_1,95.2
2024-12-27 00:00:00+00:00,.MOVE,TRDPRC_1,94.8
2024-12-30 00:00:00+00:00,.MOVE,TRDPRC_1,99.08
2024-12-31 00:00:00+00:00,.MOVE,TRDPRC_1,98.8
2025-01-02 00:00:00+00:00,.MOVE,TRDPRC_1,96.67
2025-01-03 00:00:00+00:00,.MOVE,TRDPRC_1,93.35
2025-01-06 00:00:00+00:00,.MOVE,TRDPRC_1,97.89
2025-01-07 00:00:00+00:00,.MOVE,TRDPRC_1,102.78
2025-01-08 00:00:00+00:00,.MOVE,TRDPRC_1,100.76
2025-01-09 00:00:00+00:00,.MOVE,TRDPRC_1,99.73
2025-01-10 00:00:00+00:00,.MOVE,TRDPRC_1,96.57
2025-01-13 00:00:00+00:00,.MOVE,TRDPRC_1,103.51
2025-01-14 00:00:00+00:00,.MOVE,TRDPRC_1,101.99
2025-01-15 00:00:00+00:00,.MOVE,TRDPRC_1,93.1
2025-01-16 00:00:00+00:00,.MOVE,TRDPRC_1,92.72
2025-01-17 00:00:00+00:00,.MOVE,TRDPRC_1,95.6
2025-01-21 00:00:00+00:00,.MOVE,TRDPRC_1,96.78
2025-01-22 00:00:00+00:00,.MOVE,TRDPRC_1,89.9
2025-01-23 00:00:00+00:00,.MOVE,TRDPRC_1,88.51
2025-01-24 00:00:00+00:00,.MOVE,TRDPRC_1,86.75
2025-01-27 00:00:00+00:00,.MOVE,TRDPRC_1,95.05
2025-01-28 00:00:00+00:00,.MOVE,TRDPRC_1,92.83
2025-01-29 00:00:00+00:00,.MOVE,TRDPRC_1,90.73
2025-01-30 00:00:00+00:00,.MOVE,TRDPRC_1,90.54
2025-01-31 00:00:00+00:00,.MOVE,TRDPRC_1,91.76
2025-02-03 00:00:00+00:00,.MOVE,TRDPRC_1,94.15
2025-02-04 00:00:00+00:00,.MOVE,TRDPRC_1,90.28
2025-02-05 00:00:00+00:00,.MOVE,TRDPRC_1,94.68
2025-02-06 00:00:00+00:00,.MOVE,TRDPRC_1,93.9
2025-02-07 00:00:00+00:00,.MOVE,TRDPRC_1,93.13
2025-02-10 00:00:00+00:00,.MOVE,TRDPRC_1,87.68
2025-02-11 00:00:00+00:00,.MOVE,TRDPRC_1,85.58
2025-02-12 00:00:00+00:00,.MOVE,TRDPRC_1,86.58
2025-02-13 00:00:00+00:00,.MOVE,TRDPRC_1,84.57
2025-02-14 00:00:00+00:00,.MOVE,TRDPRC_1,84.67
2025-02-18 00:00:00+00:00,.MOVE,TRDPRC_1,84.51
2025-02-19 00:00:00+00:00,.MOVE,TRDPRC_1,83.86
2025-02-20 00:00:00+00:00,.MOVE,TRDPRC_1,86.26
2025-02-21 00:00:00+00:00,.MOVE,TRDPRC_1,91.83
2025-02-24 00:00:00+00:00,.MOVE,TRDPRC_1,88.44
2025-02-25 00:00:00+00:00,.MOVE,TRDPRC_1,96.61
2025-02-26 00:00:00+00:00,.MOVE,TRDPRC_1,97.52
2025-02-27 00:00:00+00:00,.MOVE,TRDPRC_1,96.27
2025-02-28 00:00:00+00:00,.MOVE,TRDPRC_1,104.46
2025-03-03 00:00:00+00:00,.MOVE,TRDPRC_1,105.65
2025-03-04 00:00:00+00:00,.MOVE,TRDPRC_1,108.87
2025-03-05 00:00:00+00:00,.MOVE,TRDPRC_1,104.32
2025-03-06 00:00:00+00:00,.MOVE,TRDPRC_1,108.95
2025-03-07 00:00:00+00:00,.MOVE,TRDPRC_1,104.41
2025-03-10 00:00:00+00:00,.MOVE,TRDPRC_1,112.5
2025-03-11 00:00:00+00:00,.MOVE,TRDPRC_1,114.6
2025-03-12 00:00:00+00:00,.MOVE,TRDPRC_1,104.11
2025-03-13 00:00:00+00:00,.MOVE,TRDPRC_1,106.19
2025-03-14 00:00:00+00:00,.MOVE,TRDPRC_1,101.01
2025-03-17 00:00:00+00:00,.MOVE,TRDPRC_1,99.78
2025-03-18 00:00:00+00:00,.MOVE,TRDPRC_1,96.68
2025-03-19 00:00:00+00:00,.MOVE,TRDPRC_1,91.4
2025-03-20 00:00:00+00:00,.MOVE,TRDPRC_1,95.74
2025-03-21 00:00:00+00:00,.MOVE,TRDPRC_1,94.54
2025-03-24 00:00:00+00:00,.MOVE,TRDPRC_1,95.22
2025-03-25 00:00:00+00:00,.MOVE,TRDPRC_1,93.57
2025-03-26 00:00:00+00:00,.MOVE,TRDPRC_1,91.41
2025-03-27 00:00:00+00:00,.MOVE,TRDPRC_1,91.03
2025-03-28 00:00:00+00:00,.MOVE,TRDPRC_1,96.83
2025-03-31 00:00:00+00:00,.MOVE,TRDPRC_1,101.35
2025-04-01 00:00:00+00:00,.MOVE,TRDPRC_1,104.73
2025-04-02 00:00:00+00:00,.MOVE,TRDPRC_1,106.39
2025-04-03 00:00:00+00:00,.MOVE,TRDPRC_1,112.0
2025-04-04 00:00:00+00:00,.MOVE,TRDPRC_1,125.71
2025-04-07 00:00:00+00:00,.MOVE,TRDPRC_1,137.3
2025-04-08 00:00:00+00:00,.MOVE,TRDPRC_1,139.88
2025-04-09 00:00:00+00:00,.MOVE,TRDPRC_1,128.83
2025-04-10 00:00:00+00:00,.MOVE,TRDPRC_1,128.35
2025-04-11 00:00:00+00:00,.MOVE,TRDPRC_1,137.26
2025-04-14 00:00:00+00:00,.MOVE,TRDPRC_1,132.46
2025-04-15 00:00:00+00:00,.MOVE,TRDPRC_1,122.56
2025-04-16 00:00:00+00:00,.MOVE,TRDPRC_1,119.4
2025-04-17 00:00:00+00:00,.MOVE,TRDPRC_1,114.64
2025-04-21 00:00:00+00:00,.MOVE,TRDPRC_1,128.56
2025-04-22 00:00:00+00:00,.MOVE,TRDPRC_1,118.35
2025-04-23 00:00:00+00:00,.MOVE,TRDPRC_1,116.6
2025-04-24 00:00:00+00:00,.MOVE,TRDPRC_1,108.28
2025-04-25 00:00:00+00:00,.MOVE,TRDPRC_1,105.79
2025-04-28 00:00:00+00:00,.MOVE,TRDPRC_1,110.01
2025-04-29 00:00:00+00:00,.MOVE,TRDPRC_1,112.27
2025-04-30 00:00:00+00:00,.MOVE,TRDPRC_1,112.48
2025-05-01 00:00:00+00:00,.MOVE,TRDPRC_1,107.33
2025-05-02 00:00:00+00:00,.MOVE,TRDPRC_1,101.4
2025-05-05 00:00:00+00:00,.MOVE,TRDPRC_1,104.45
2025-05-06 00:00:00+00:00,.MOVE,TRDPRC_1,106.18
2025-05-07 00:00:00+00:00,.MOVE,TRDPRC_1,99.87
2025-05-08 00:00:00+00:00,.MOVE,TRDPRC_1,98.66
2025-05-09 00:00:00+00:00,.MOVE,TRDPRC_1,100.4
2025-05-12 00:00:00+00:00,.MOVE,TRDPRC_1,102.9
2025-05-13 00:00:00+00:00,.MOVE,TRDPRC_1,100.13
2025-05-14 00:00:00+00:00,.MOVE,TRDPRC_1,100.73
2025-05-15 00:00:00+00:00,.MOVE,TRDPRC_1,98.65
2025-05-16 00:00:00+00:00,.MOVE,TRDPRC_1,96.7
2025-05-19 00:00:00+00:00,.MOVE,TRDPRC_1,103.81
2025-05-20 00:00:00+00:00,.MOVE,TRDPRC_1,101.37
2025-05-21 00:00:00+00:00,.MOVE,TRDPRC_1,102.1
2025-05-22 00:00:00+00:00,.MOVE,TRDPRC_1,99.47
2025-05-23 00:00:00+00:00,.MOVE,TRDPRC_1,100.91
2025-05-27 00:00:00+00:00,.MOVE,TRDPRC_1,97.93
2025-05-28 00:00:00+00:00,.MOVE,TRDPRC_1,93.2
2025-05-29 00:00:00+00:00,.MOVE,TRDPRC_1,92.67
2025-05-30 00:00:00+00:00,.MOVE,TRDPRC_1,92.11
2025-06-02 00:00:00+00:00,.MOVE,TRDPRC_1,95.76
2025-06-03 00:00:00+00:00,.MOVE,TRDPRC_1,100.0
2025-06-04 00:00:00+00:00,.MOVE,TRDPRC_1,96.98
2025-06-05 00:00:00+00:00,.MOVE,TRDPRC_1,94.65
2025-06-06 00:00:00+00:00,.MOVE,TRDPRC_1,89.65
2025-06-09 00:00:00+00:00,.MOVE,TRDPRC_1,92.62
2025-06-10 00:00:00+00:00,.MOVE,TRDPRC_1,91.22
2025-06-11 00:00:00+00:00,.MOVE,TRDPRC_1,89.36
2025-06-12 00:00:00+00:00,.MOVE,TRDPRC_1,88.99
2025-06-13 00:00:00+00:00,.MOVE,TRDPRC_1,95.31
2025-06-16 00:00:00+00:00,.MOVE,TRDPRC_1,93.48
2025-06-17 00:00:00+00:00,.MOVE,TRDPRC_1,97.18
2025-06-18 00:00:00+00:00,.MOVE,TRDPRC_1,93.64
2025-06-20 00:00:00+00:00,.MOVE,TRDPRC_1,90.1
2025-06-23 00:00:00+00:00,.MOVE,TRDPRC_1,95.03
2025-06-24 00:00:00+00:00,.MOVE,TRDPRC_1,92.62
2025-06-25 00:00:00+00:00,.MOVE,TRDPRC_1,91.24
2025-06-26 00:00:00+00:00,.MOVE,TRDPRC_1,89.47
2025-06-27 00:00:00+00:00,.MOVE,TRDPRC_1,87.93
2025-06-30 00:00:00+00:00,.MOVE,TRDPRC_1,90.26
2025-07-01 00:00:00+00:00,.MOVE,TRDPRC_1,93.48
2025-07-02 00:00:00+00:00,.MOVE,TRDPRC_1,91.37
2025-07-03 00:00:00+00:00,.MOVE,TRDPRC_1,86.09
2025-07-07 00:00:00+00:00,.MOVE,TRDPRC_1,88.53
2025-07-08 00:00:00+00:00,.MOVE,TRDPRC_1,88.05
2025-07-09 00:00:00+00:00,.MOVE,TRDPRC_1,84.31
2025-07-10 00:00:00+00:00,.MOVE,TRDPRC_1,81.58
2025-07-11 00:00:00+00:00,.MOVE,TRDPRC_1,85.48
2025-07-14 00:00:00+00:00,.MOVE,TRDPRC_1,90.73
2025-07-15 00:00:00+00:00,.MOVE,TRDPRC_1,88.95
2025-07-16 00:00:00+00:00,.MOVE,TRDPRC_1,89.52
2025-07-17 00:00:00+00:00,.MOVE,TRDPRC_1,85.57
2025-07-18 00:00:00+00:00,.MOVE,TRDPRC_1,83.29
2025-07-21 00:00:00+00:00,.MOVE,TRDPRC_1,86.62
2025-07-22 00:00:00+00:00,.MOVE,TRDPRC_1,89.89
2025-07-23 00:00:00+00:00,.MOVE,TRDPRC_1,85.95
2025-07-24 00:00:00+00:00,.MOVE,TRDPRC_1,82.75
2025-07-25 00:00:00+00:00,.MOVE,TRDPRC_1,82.09
2025-07-28 00:00:00+00:00,.MOVE,TRDPRC_1,83.73
2025-07-29 00:00:00+00:00,.MOVE,TRDPRC_1,85.07
2025-07-30 00:00:00+00:00,.MOVE,TRDPRC_1,81.88
2025-07-31 00:00:00+00:00,.MOVE,TRDPRC_1,79.84
2025-08-01 00:00:00+00:00,.MOVE,TRDPRC_1,83.83
2025-08-04 00:00:00+00:00,.MOVE,TRDPRC_1,87.95
2025-08-05 00:00:00+00:00,.MOVE,TRDPRC_1,89.2
2025-08-06 00:00:00+00:00,.MOVE,TRDPRC_1,83.89
2025-08-07 00:00:00+00:00,.MOVE,TRDPRC_1,80.15
2025-08-08 00:00:00+00:00,.MOVE,TRDPRC_1,79.2
2025-08-11 00:00:00+00:00,.MOVE,TRDPRC_1,81.76
2025-08-12 00:00:00+00:00,.MOVE,TRDPRC_1,77.42
2025-08-13 00:00:00+00:00,.MOVE,TRDPRC_1,77.31
2025-08-14 00:00:00+00:00,.MOVE,TRDPRC_1,76.77
2025-08-15 00:00:00+00:00,.MOVE,TRDPRC_1,76.66
2025-08-18 00:00:00+00:00,.MOVE,TRDPRC_1,81.82
2025-08-19 00:00:00+00:00,.MOVE,TRDPRC_1,82.15
2025-08-20 00:00:00+00:00,.MOVE,TRDPRC_1,80.75
2025-08-21 00:00:00+00:00,.MOVE,TRDPRC_1,80.52
2025-08-22 00:00:00+00:00,.MOVE,TRDPRC_1,78.1
2025-08-25 00:00:00+00:00,.MOVE,TRDPRC_1,77.56
2025-08-26 00:00:00+00:00,.MOVE,TRDPRC_1,79.36
2025-08-27 00:00:00+00:00,.MOVE,TRDPRC_1,77.66
2025-08-28 00:00:00+00:00,.MOVE,TRDPRC_1,77.55
2025-08-29 00:00:00+00:00,.MOVE,TRDPRC_1,79.39
2025-09-02 00:00:00+00:00,.MOVE,TRDPRC_1,85.28
2025-09-03 00:00:00+00:00,.MOVE,TRDPRC_1,89.67
2025-09-04 00:00:00+00:00,.MOVE,TRDPRC_1,88.26
2025-09-05 00:00:00+00:00,.MOVE,TRDPRC_1,85.29
2025-09-08 00:00:00+00:00,.MOVE,TRDPRC_1,84.0
2025-09-09 00:00:00+00:00,.MOVE,TRDPRC_1,82.2
2025-09-10 00:00:00+00:00,.MOVE,TRDPRC_1,79.58
2025-09-11 00:00:00+00:00,.MOVE,TRDPRC_1,75.07
2025-09-12 00:00:00+00:00,.MOVE,TRDPRC_1,73.37
2025-09-15 00:00:00+00:00,.MOVE,TRDPRC_1,76.88
2025-09-16 00:00:00+00:00,.MOVE,TRDPRC_1,77.09
2025-09-17 00:00:00+00:00,.MOVE,TRDPRC_1,75.95
2025-09-18 00:00:00+00:00,.MOVE,TRDPRC_1,71.91
2025-09-19 00:00:00+00:00,.MOVE,TRDPRC_1,72.51
2025-09-22 00:00:00+00:00,.MOVE,TRDPRC_1,75.8
2025-09-23 00:00:00+00:00,.MOVE,TRDPRC_1,75.66
2025-09-24 00:00:00+00:00,.MOVE,TRDPRC_1,75.13
2025-09-25 00:00:00+00:00,.MOVE,TRDPRC_1,75.44
2025-09-26 00:00:00+00:00,.MOVE,TRDPRC_1,74.38
2025-09-29 00:00:00+00:00,.MOVE,TRDPRC_1,75.51
2025-09-30 00:00:00+00:00,.MOVE,TRDPRC_1,77.93
2025-10-01 00:00:00+00:00,.MOVE,TRDPRC_1,73.5
2025-10-02 00:00:00+00:00,.MOVE,TRDPRC_1,71.21
2025-10-03 00:00:00+00:00,.MOVE,TRDPRC_1,69.53
2025-10-06 00:00:00+00:00,.MOVE,TRDPRC_1,72.99
2025-10-07 00:00:00+00:00,.MOVE,TRDPRC_1,75.43
2025-10-08 00:00:00+00:00,.MOVE,TRDPRC_1,74.87
2025-10-09 00:00:00+00:00,.MOVE,TRDPRC_1,74.12
2025-10-10 00:00:00+00:00,.MOVE,TRDPRC_1,81.65
2025-10-14 00:00:00+00:00,.MOVE,TRDPRC_1,79.95
2025-10-15 00:00:00+00:00,.MOVE,TRDPRC_1,75.11
2025-10-16 00:00:00+00:00,.MOVE,TRDPRC_1,81.23
2025-10-17 00:00:00+00:00,.MOVE,TRDPRC_1,78.62
2025-10-20 00:00:00+00:00,.MOVE,TRDPRC_1,77.22
2025-10-21 00:00:00+00:00,.MOVE,TRDPRC_1,77.18
2025-10-22 00:00:00+00:00,.MOVE,TRDPRC_1,75.49
2025-10-23 00:00:00+00:00,.MOVE,TRDPRC_1,74.05
2025-10-24 00:00:00+00:00,.MOVE,TRDPRC_1,68.94
2025-10-27 00:00:00+00:00,.MOVE,TRDPRC_1,66.87
2025-10-28 00:00:00+00:00,.MOVE,TRDPRC_1,67.3
2025-10-29 00:00:00+00:00,.MOVE,TRDPRC_1,65.75
2025-10-30 00:00:00+00:00,.MOVE,TRDPRC_1,66.88
2025-10-31 00:00:00+00:00,.MOVE,TRDPRC_1,66.61
2025-11-03 00:00:00+00:00,.MOVE,TRDPRC_1,67.23
2025-11-04 00:00:00+00:00,.MOVE,TRDPRC_1,68.02
2025-11-05 00:00:00+00:00,.MOVE,TRDPRC_1,72.42
2025-11-06 00:00:00+00:00,.MOVE,TRDPRC_1,72.44
2025-11-07 00:00:00+00:00,.MOVE,TRDPRC_1,74.41
2025-11-10 00:00:00+00:00,.MOVE,TRDPRC_1,78.86
2025-11-12 00:00:00+00:00,.MOVE,TRDPRC_1,81.12
2025-11-13 00:00:00+00:00,.MOVE,TRDPRC_1,79.1
2025-11-14 00:00:00+00:00,.MOVE,TRDPRC_1,79.71
2025-11-17 00:00:00+00:00,.MOVE,TRDPRC_1,82.58
2025-11-18 00:00:00+00:00,.MOVE,TRDPRC_1,83.18
2025-11-19 00:00:00+00:00,.MOVE,TRDPRC_1,84.32
2025-11-20 00:00:00+00:00,.MOVE,TRDPRC_1,77.81
2025-11-21 00:00:00+00:00,.MOVE,TRDPRC_1,78.81
2025-11-24 00:00:00+00:00,.MOVE,TRDPRC_1,76.82
2025-11-25 00:00:00+00:00,.MOVE,TRDPRC_1,72.82
2025-11-26 00:00:00+00:00,.MOVE,TRDPRC_1,71.9
2025-11-28 00:00:00+00:00,.MOVE,TRDPRC_1,68.95
2025-12-01 00:00:00+00:00,.MOVE,TRDPRC_1,71.35
2025-12-02 00:00:00+00:00,.MOVE,TRDPRC_1,69.91
2025-12-03 00:00:00+00:00,.MOVE,TRDPRC_1,66.46
2025-12-04 00:00:00+00:00,.MOVE,TRDPRC_1,65.69
2025-12-05 00:00:00+00:00,.MOVE,TRDPRC_1,67.28
2025-12-08 00:00:00+00:00,.MOVE,TRDPRC_1,72.3
2025-12-09 00:00:00+00:00,.MOVE,TRDPRC_1,75.38
2025-12-10 00:00:00+00:00,.MOVE,TRDPRC_1,68.62
2025-12-11 00:00:00+00:00,.MOVE,TRDPRC_1,69.24
2025-12-12 00:00:00+00:00,.MOVE,TRDPRC_1,69.25
2025-12-15 00:00:00+00:00,.MOVE,TRDPRC_1,73.31
2025-12-16 00:00:00+00:00,.MOVE,TRDPRC_1,67.14
2025-12-17 00:00:00+00:00,.MOVE,TRDPRC_1,62.74
2025-12-18 00:00:00+00:00,.MOVE,TRDPRC_1,60.01
2025-12-19 00:00:00+00:00,.MOVE,TRDPRC_1,59.41
2025-12-22 00:00:00+00:00,.MOVE,TRDPRC_1,61.7
2025-12-23 00:00:00+00:00,.MOVE,TRDPRC_1,61.17
2025-12-24 00:00:00+00:00,.MOVE,TRDPRC_1,59.48
2025-12-26 00:00:00+00:00,.MOVE,TRDPRC_1,58.5
2025-12-29 00:00:00+00:00,.MOVE,TRDPRC_1,59.21
2025-12-30 00:00:00+00:00,.MOVE,TRDPRC_1,63.98
2025-12-31 00:00:00+00:00,.MOVE,TRDPRC_1,63.96
2026-01-02 00:00:00+00:00,.MOVE,TRDPRC_1,62.36
2026-01-05 00:00:00+00:00,.MOVE,TRDPRC_1,64.71
2026-01-06 00:00:00+00:00,.MOVE,TRDPRC_1,65.82
2026-01-07 00:00:00+00:00,.MOVE,TRDPRC_1,66.15
2026-01-08 00:00:00+00:00,.MOVE,TRDPRC_1,66.94
2026-01-09 00:00:00+00:00,.MOVE,TRDPRC_1,61.55
2026-01-12 00:00:00+00:00,.MOVE,TRDPRC_1,62.9
2026-01-13 00:00:00+00:00,.MOVE,TRDPRC_1,60.79
2026-01-14 00:00:00+00:00,.MOVE,TRDPRC_1,58.11
2026-01-15 00:00:00+00:00,.MOVE,TRDPRC_1,56.14
2026-01-16 00:00:00+00:00,.MOVE,TRDPRC_1,58.05
2026-01-20 00:00:00+00:00,.MOVE,TRDPRC_1,66.67
2026-01-21 00:00:00+00:00,.MOVE,TRDPRC_1,59.56
2026-01-22 00:00:00+00:00,.MOVE,TRDPRC_1,56.5
2026-01-23 00:00:00+00:00,.MOVE,TRDPRC_1,56.25
2026-01-26 00:00:00+00:00,.MOVE,TRDPRC_1,55.77
2026-01-27 00:00:00+00:00,.MOVE,TRDPRC_1,56.12
2026-01-28 00:00:00+00:00,.MOVE,TRDPRC_1,57.43
2026-01-29 00:00:00+00:00,.MOVE,TRDPRC_1,60.73
2026-01-30 00:00:00+00:00,.MOVE,TRDPRC_1,59.2
2026-02-02 00:00:00+00:00,.MOVE,TRDPRC_1,59.3
2026-02-03 00:00:00+00:00,.MOVE,TRDPRC_1,57.54
2026-02-04 00:00:00+00:00,.MOVE,TRDPRC_1,57.51
2026-02-05 00:00:00+00:00,.MOVE,TRDPRC_1,62.16
2026-02-06 00:00:00+00:00,.MOVE,TRDPRC_1,63.62
2026-02-09 00:00:00+00:00,.MOVE,TRDPRC_1,62.74
2026-02-10 00:00:00+00:00,.MOVE,TRDPRC_1,64.55
2026-02-11 00:00:00+00:00,.MOVE,TRDPRC_1,61.35
2026-02-12 00:00:00+00:00,.MOVE,TRDPRC_1,68.57
2026-02-13 00:00:00+00:00,.MOVE,TRDPRC_1,70.1
2026-02-17 00:00:00+00:00,.MOVE,TRDPRC_1,68.84
2026-02-18 00:00:00+00:00,.MOVE,TRDPRC_1,64.19
2026-02-19 00:00:00+00:00,.MOVE,TRDPRC_1,68.03
2026-02-20 00:00:00+00:00,.MOVE,TRDPRC_1,64.27
2026-02-23 00:00:00+00:00,.MOVE,TRDPRC_1,68.03
2026-02-24 00:00:00+00:00,.MOVE,TRDPRC_1,65.27
2026-02-25 00:00:00+00:00,.MOVE,TRDPRC_1,62.43
2026-02-26 00:00:00+00:00,.MOVE,TRDPRC_1,63.93
2026-02-27 00:00:00+00:00,.MOVE,TRDPRC_1,73.38
2026-03-02 00:00:00+00:00,.MOVE,TRDPRC_1,73.21
2026-03-03 00:00:00+00:00,.MOVE,TRDPRC_1,77.75
2026-03-04 00:00:00+00:00,.MOVE,TRDPRC_1,70.03
2026-03-05 00:00:00+00:00,.MOVE,TRDPRC_1,74.53
2026-03-06 00:00:00+00:00,.MOVE,TRDPRC_1,81.26
2026-03-09 00:00:00+00:00,.MOVE,TRDPRC_1,79.74
2026-03-10 00:00:00+00:00,.MOVE,TRDPRC_1,76.33
2026-03-11 00:00:00+00:00,.MOVE,TRDPRC_1,78.59
2026-03-12 00:00:00+00:00,.MOVE,TRDPRC_1,95.3
2026-03-13 00:00:00+00:00,.MOVE,TRDPRC_1,91.17
2026-03-16 00:00:00+00:00,.MOVE,TRDPRC_1,85.25
2026-03-17 00:00:00+00:00,.MOVE,TRDPRC_1,79.23
2026-03-18 00:00:00+00:00,.MOVE,TRDPRC_1,81.25
2026-03-19 00:00:00+00:00,.MOVE,TRDPRC_1,84.88
2026-03-20 00:00:00+00:00,.MOVE,TRDPRC_1,108.84
2026-03-23 00:00:00+00:00,.MOVE,TRDPRC_1,98.15
2026-03-24 00:00:00+00:00,.MOVE,TRDPRC_1,103.01
2026-03-25 00:00:00+00:00,.MOVE,TRDPRC_1,97.59
2026-03-26 00:00:00+00:00,.MOVE,TRDPRC_1,115.02
2026-03-27 00:00:00+00:00,.MOVE,TRDPRC_1,111.95
2026-03-30 00:00:00+00:00,.MOVE,TRDPRC_1,108.33
2026-03-31 00:00:00+00:00,.MOVE,TRDPRC_1,96.05
2026-04-01 00:00:00+00:00,.MOVE,TRDPRC_1,90.19
2026-04-02 00:00:00+00:00,.MOVE,TRDPRC_1,84.41
2026-04-03 00:00:00+00:00,.MOVE,TRDPRC_1,81.78
2026-04-06 00:00:00+00:00,.MOVE,TRDPRC_1,81.68
2026-04-07 00:00:00+00:00,.MOVE,TRDPRC_1,83.15
2026-04-08 00:00:00+00:00,.MOVE,TRDPRC_1,78.74
2026-04-09 00:00:00+00:00,.MOVE,TRDPRC_1,74.01
2026-04-10 00:00:00+00:00,.MOVE,TRDPRC_1,72.15
2026-04-13 00:00:00+00:00,.MOVE,TRDPRC_1,74.42
2026-04-14 00:00:00+00:00,.MOVE,TRDPRC_1,74.35
2026-04-15 00:00:00+00:00,.MOVE,TRDPRC_1,67.94
2026-04-16 00:00:00+00:00,.MOVE,TRDPRC_1,65.89
2026-04-17 00:00:00+00:00,.MOVE,TRDPRC_1,65.7
2026-04-20 00:00:00+00:00,.MOVE,TRDPRC_1,67.9
2026-04-21 00:00:00+00:00,.MOVE,TRDPRC_1,70.78
2026-04-22 00:00:00+00:00,.MOVE,TRDPRC_1,69.88
2026-04-23 00:00:00+00:00,.MOVE,TRDPRC_1,67.7
2026-04-24 00:00:00+00:00,.MOVE,TRDPRC_1,66.97
2026-04-27 00:00:00+00:00,.MOVE,TRDPRC_1,68.42
2026-04-28 00:00:00+00:00,.MOVE,TRDPRC_1,68.68
2026-04-29 00:00:00+00:00,.MOVE,TRDPRC_1,74.33
2026-04-30 00:00:00+00:00,.MOVE,TRDPRC_1,72.07
2026-05-01 00:00:00+00:00,.MOVE,TRDPRC_1,70.41
2026-05-04 00:00:00+00:00,.MOVE,TRDPRC_1,77.86
2026-05-05 00:00:00+00:00,.MOVE,TRDPRC_1,76.78
2026-05-06 00:00:00+00:00,.MOVE,TRDPRC_1,70.63
2026-05-07 00:00:00+00:00,.MOVE,TRDPRC_1,72.24
2026-05-08 00:00:00+00:00,.MOVE,TRDPRC_1,67.25
2026-05-11 00:00:00+00:00,.MOVE,TRDPRC_1,70.74
2026-05-12 00:00:00+00:00,.MOVE,TRDPRC_1,71.68
2026-05-13 00:00:00+00:00,.MOVE,TRDPRC_1,70.24
2026-05-14 00:00:00+00:00,.MOVE,TRDPRC_1,69.63
2026-05-15 00:00:00+00:00,.MOVE,TRDPRC_1,79.87
2026-05-18 00:00:00+00:00,.MOVE,TRDPRC_1,86.07
2026-05-19 00:00:00+00:00,.MOVE,TRDPRC_1,85.32
2026-05-20 00:00:00+00:00,.MOVE,TRDPRC_1,81.53
2026-05-21 00:00:00+00:00,.MOVE,TRDPRC_1,79.72
2026-05-22 00:00:00+00:00,.MOVE,TRDPRC_1,78.43
2026-05-26 00:00:00+00:00,.MOVE,TRDPRC_1,74.95
2026-05-27 00:00:00+00:00,.MOVE,TRDPRC_1,70.9
2026-05-28 00:00:00+00:00,.MOVE,TRDPRC_1,69.74
2026-05-29 00:00:00+00:00,.MOVE,TRDPRC_1,70.22
2026-06-01 00:00:00+00:00,.MOVE,TRDPRC_1,73.33
2026-06-02 00:00:00+00:00,.MOVE,TRDPRC_1,73.43
2026-06-03 00:00:00+00:00,.MOVE,TRDPRC_1,73.58
2026-06-04 00:00:00+00:00,.MOVE,TRDPRC_1,71.16
2026-06-05 00:00:00+00:00,.MOVE,TRDPRC_1,75.2
2026-06-08 00:00:00+00:00,.MOVE,TRDPRC_1,76.98
2026-06-09 00:00:00+00:00,.MOVE,TRDPRC_1,77.03
2026-06-10 00:00:00+00:00,.MOVE,TRDPRC_1,73.95
2026-06-11 00:00:00+00:00,.MOVE,TRDPRC_1,69.45
2026-06-12 00:00:00+00:00,.MOVE,TRDPRC_1,69.36
2026-06-15 00:00:00+00:00,.MOVE,TRDPRC_1,69.38
2026-06-16 00:00:00+00:00,.MOVE,TRDPRC_1,67.28
2026-06-17 00:00:00+00:00,.MOVE,TRDPRC_1,70.66
2026-06-18 00:00:00+00:00,.MOVE,TRDPRC_1,65.39
2026-06-22 00:00:00+00:00,.MOVE,TRDPRC_1,70.02
2026-06-23 00:00:00+00:00,.MOVE,TRDPRC_1,68.78
2026-06-24 00:00:00+00:00,.MOVE,TRDPRC_1,69.06
2026-06-25 00:00:00+00:00,.MOVE,TRDPRC_1,67.1
2026-06-26 00:00:00+00:00,.MOVE,TRDPRC_1,66.79
2026-06-29 00:00:00+00:00,.MOVE,TRDPRC_1,68.14
2026-06-30 00:00:00+00:00,.MOVE,TRDPRC_1,71.96
2026-07-01 00:00:00+00:00,.MOVE,TRDPRC_1,68.56
2026-07-02 00:00:00+00:00,.MOVE,TRDPRC_1,65.4
2026-07-06 00:00:00+00:00,.MOVE,TRDPRC_1,65.76
2026-07-07 00:00:00+00:00,.MOVE,TRDPRC_1,70.25
2026-07-08 00:00:00+00:00,.MOVE,TRDPRC_1,72.41
2026-07-09 00:00:00+00:00,.MOVE,TRDPRC_1,68.89
2026-07-10 00:00:00+00:00,.MOVE,TRDPRC_1,69.55
2026-07-13 00:00:00+00:00,.MOVE,TRDPRC_1,77.77
2026-07-14 00:00:00+00:00,.MOVE,TRDPRC_1,75.03
2026-07-15 00:00:00+00:00,.MOVE,TRDPRC_1,68.48
2026-07-16 00:00:00+00:00,.MOVE,TRDPRC_1,68.16
2026-07-17 00:00:00+00:00,.MOVE,TRDPRC_1,70.88
2026-07-20 00:00:00+00:00,.MOVE,TRDPRC_1,72.66
2026-07-21 00:00:00+00:00,.MOVE,TRDPRC_1,74.67
2026-07-22 00:00:00+00:00,.MOVE,TRDPRC_1,76.31
2026-07-23 00:00:00+00:00,.MOVE,TRDPRC_1,80.08
2026-07-24 00:00:00+00:00,.MOVE,TRDPRC_1,76.82
2026-07-27 00:00:00+00:00,.MOVE,TRDPRC_1,77.21
